source,word,n,tf,idf,tf_idf
Independent,county,21,0.005402624131721122,0.6931471805599453,0.0037448136845276182
official,milk,19,0.005313199105145414,0.6931471805599453,0.0036828289794851683
official,comms,18,0.0050335570469798654,0.6931471805599453,0.0034889958753017377
official,proportion,18,0.0050335570469798654,0.6931471805599453,0.0034889958753017377
official,scenario,16,0.0044742729306487695,0.6931471805599453,0.0031013296669348783
Independent,act,17,0.004373552868536146,0.6931471805599453,0.0030315158398556905
Independent,merti,16,0.004116285052739903,0.6931471805599453,0.0028531913786877094
Independent,validator,16,0.004116285052739903,0.6931471805599453,0.0028531913786877094
official,positive,14,0.0039149888143176735,0.6931471805599453,0.0027136634585680185
Independent,pastoral,14,0.0036017494211474143,0.6931471805599453,0.002496542456351745
official,circle,12,0.003355704697986577,0.6931471805599453,0.0023259972502011586
official,grass,11,0.003076062639821029,0.6931471805599453,0.002132164146017729
Independent,isiolo,11,0.002829945973758683,0.6931471805599453,0.0019615690728478
official,extend,10,0.002796420581655481,0.6931471805599453,0.001938331041834299
official,indicator,10,0.002796420581655481,0.6931471805599453,0.001938331041834299
official,previous,10,0.002796420581655481,0.6931471805599453,0.001938331041834299
official,spin-dry,10,0.002796420581655481,0.6931471805599453,0.001938331041834299
Independent,animal,10,0.002572678157962439,0.6931471805599453,0.001783244611679818
Independent,claim,10,0.002572678157962439,0.6931471805599453,0.001783244611679818
Independent,nrts,10,0.002572678157962439,0.6931471805599453,0.001783244611679818
official,ccb,9,0.0025167785234899327,0.6931471805599453,0.0017444979376508689
official,encroachment,9,0.0025167785234899327,0.6931471805599453,0.0017444979376508689
official,helpful,9,0.0025167785234899327,0.6931471805599453,0.0017444979376508689
official,regional,9,0.0025167785234899327,0.6931471805599453,0.0017444979376508689
Independent,environmental,9,0.002315410342166195,0.6931471805599453,0.0016049201505118364
Independent,law,9,0.002315410342166195,0.6931471805599453,0.0016049201505118364
Independent,trade,9,0.002315410342166195,0.6931471805599453,0.0016049201505118364
official,adaptation,8,0.0022371364653243847,0.6931471805599453,0.0015506648334674392
official,choose,8,0.0022371364653243847,0.6931471805599453,0.0015506648334674392
official,compare,8,0.0022371364653243847,0.6931471805599453,0.0015506648334674392
official,feedback,8,0.0022371364653243847,0.6931471805599453,0.0015506648334674392
official,precipitation,8,0.0022371364653243847,0.6931471805599453,0.0015506648334674392
Independent,private,8,0.0020581425263699513,0.6931471805599453,0.0014265956893438547
Independent,protect,8,0.0020581425263699513,0.6931471805599453,0.0014265956893438547
Independent,receive,8,0.0020581425263699513,0.6931471805599453,0.0014265956893438547
Independent,rule,8,0.0020581425263699513,0.6931471805599453,0.0014265956893438547
official,drink,7,0.0019574944071588368,0.6931471805599453,0.0013568317292840092
official,exceptional,7,0.0019574944071588368,0.6931471805599453,0.0013568317292840092
official,sample,7,0.0019574944071588368,0.6931471805599453,0.0013568317292840092
official,stage,7,0.0019574944071588368,0.6931471805599453,0.0013568317292840092
Independent,control,7,0.0018008747105737071,0.6931471805599453,0.0012482712281758725
Independent,free,7,0.0018008747105737071,0.6931471805599453,0.0012482712281758725
Independent,gun,7,0.0018008747105737071,0.6931471805599453,0.0012482712281758725
Independent,osman,7,0.0018008747105737071,0.6931471805599453,0.0012482712281758725
Independent,policy,7,0.0018008747105737071,0.6931471805599453,0.0012482712281758725
Independent,proponent,7,0.0018008747105737071,0.6931471805599453,0.0012482712281758725
Independent,refer,7,0.0018008747105737071,0.6931471805599453,0.0012482712281758725
official,card,6,0.0016778523489932886,0.6931471805599453,0.0011629986251005793
official,decrease,6,0.0016778523489932886,0.6931471805599453,0.0011629986251005793
official,dry,6,0.0016778523489932886,0.6931471805599453,0.0011629986251005793
official,employ,6,0.0016778523489932886,0.6931471805599453,0.0011629986251005793
official,history,6,0.0016778523489932886,0.6931471805599453,0.0011629986251005793
official,mitigation,6,0.0016778523489932886,0.6931471805599453,0.0011629986251005793
official,negative,6,0.0016778523489932886,0.6931471805599453,0.0011629986251005793
official,rainfall,6,0.0016778523489932886,0.6931471805599453,0.0011629986251005793
official,sick,6,0.0016778523489932886,0.6931471805599453,0.0011629986251005793
official,socialcomms,6,0.0016778523489932886,0.6931471805599453,0.0011629986251005793
official,trend,6,0.0016778523489932886,0.6931471805599453,0.0011629986251005793
Independent,court,6,0.0015436068947774634,0.6931471805599453,0.0010699467670078908
Independent,initiative,6,0.0015436068947774634,0.6931471805599453,0.0010699467670078908
Independent,north,6,0.0015436068947774634,0.6931471805599453,0.0010699467670078908
Independent,organization,6,0.0015436068947774634,0.6931471805599453,0.0010699467670078908
Independent,police,6,0.0015436068947774634,0.6931471805599453,0.0010699467670078908
Independent,price,6,0.0015436068947774634,0.6931471805599453,0.0010699467670078908
Independent,promote,6,0.0015436068947774634,0.6931471805599453,0.0010699467670078908
Independent,town,6,0.0015436068947774634,0.6931471805599453,0.0010699467670078908
Independent,validation,6,0.0015436068947774634,0.6931471805599453,0.0010699467670078908
official,anticipate,5,0.0013982102908277406,0.6931471805599453,9.691655209171495e-4
official,availability,5,0.0013982102908277406,0.6931471805599453,9.691655209171495e-4
official,bank,5,0.0013982102908277406,0.6931471805599453,9.691655209171495e-4
official,food,5,0.0013982102908277406,0.6931471805599453,9.691655209171495e-4
official,importance,5,0.0013982102908277406,0.6931471805599453,9.691655209171495e-4
official,improvement,5,0.0013982102908277406,0.6931471805599453,9.691655209171495e-4
official,personnel,5,0.0013982102908277406,0.6931471805599453,9.691655209171495e-4
official,realize,5,0.0013982102908277406,0.6931471805599453,9.691655209171495e-4
official,wet,5,0.0013982102908277406,0.6931471805599453,9.691655209171495e-4
Independent,arm,5,0.0012863390789812194,0.6931471805599453,8.91622305839909e-4
Independent,bill,5,0.0012863390789812194,0.6931471805599453,8.91622305839909e-4
Independent,call,5,0.0012863390789812194,0.6931471805599453,8.91622305839909e-4
Independent,challenge,5,0.0012863390789812194,0.6931471805599453,8.91622305839909e-4
Independent,confer,5,0.0012863390789812194,0.6931471805599453,8.91622305839909e-4
Independent,contract,5,0.0012863390789812194,0.6931471805599453,8.91622305839909e-4
Independent,define,5,0.0012863390789812194,0.6931471805599453,8.91622305839909e-4
Independent,deny,5,0.0012863390789812194,0.6931471805599453,8.91622305839909e-4
Independent,explain,5,0.0012863390789812194,0.6931471805599453,8.91622305839909e-4
Independent,file,5,0.0012863390789812194,0.6931471805599453,8.91622305839909e-4
Independent,gross,5,0.0012863390789812194,0.6931471805599453,8.91622305839909e-4
Independent,half,5,0.0012863390789812194,0.6931471805599453,8.91622305839909e-4
Independent,investment,5,0.0012863390789812194,0.6931471805599453,8.91622305839909e-4
Independent,kenyas,5,0.0012863390789812194,0.6931471805599453,8.91622305839909e-4
Independent,kill,5,0.0012863390789812194,0.6931471805599453,8.91622305839909e-4
Independent,lakole,5,0.0012863390789812194,0.6931471805599453,8.91622305839909e-4
Independent,million,5,0.0012863390789812194,0.6931471805599453,8.91622305839909e-4
Independent,mohamed,5,0.0012863390789812194,0.6931471805599453,8.91622305839909e-4
Independent,money,5,0.0012863390789812194,0.6931471805599453,8.91622305839909e-4
Independent,national,5,0.0012863390789812194,0.6931471805599453,8.91622305839909e-4
Independent,operation,5,0.0012863390789812194,0.6931471805599453,8.91622305839909e-4
Independent,photo,5,0.0012863390789812194,0.6931471805599453,8.91622305839909e-4
Independent,plain,5,0.0012863390789812194,0.6931471805599453,8.91622305839909e-4
Independent,pose,5,0.0012863390789812194,0.6931471805599453,8.91622305839909e-4
Independent,priority,5,0.0012863390789812194,0.6931471805599453,8.91622305839909e-4
Independent,programme,5,0.0012863390789812194,0.6931471805599453,8.91622305839909e-4
Independent,verification,5,0.0012863390789812194,0.6931471805599453,8.91622305839909e-4
official,adapt,4,0.0011185682326621924,0.6931471805599453,7.753324167337196e-4
official,andor,4,0.0011185682326621924,0.6931471805599453,7.753324167337196e-4
official,class,4,0.0011185682326621924,0.6931471805599453,7.753324167337196e-4
official,collect,4,0.0011185682326621924,0.6931471805599453,7.753324167337196e-4
official,color,4,0.0011185682326621924,0.6931471805599453,7.753324167337196e-4
official,conservancys,4,0.0011185682326621924,0.6931471805599453,7.753324167337196e-4
official,consistent,4,0.0011185682326621924,0.6931471805599453,7.753324167337196e-4
official,dramatic,4,0.0011185682326621924,0.6931471805599453,7.753324167337196e-4
official,home,4,0.0011185682326621924,0.6931471805599453,7.753324167337196e-4
official,illness,4,0.0011185682326621924,0.6931471805599453,7.753324167337196e-4
official,incidence,4,0.0011185682326621924,0.6931471805599453,7.753324167337196e-4
official,layer,4,0.0011185682326621924,0.6931471805599453,7.753324167337196e-4
official,mathews,4,0.0011185682326621924,0.6931471805599453,7.753324167337196e-4
official,movement,4,0.0011185682326621924,0.6931471805599453,7.753324167337196e-4
official,offproject,4,0.0011185682326621924,0.6931471805599453,7.753324167337196e-4
official,opinion,4,0.0011185682326621924,0.6931471805599453,7.753324167337196e-4
official,organic,4,0.0011185682326621924,0.6931471805599453,7.753324167337196e-4
official,overwhelmingly,4,0.0011185682326621924,0.6931471805599453,7.753324167337196e-4
official,retention,4,0.0011185682326621924,0.6931471805599453,7.753324167337196e-4
official,surface,4,0.0011185682326621924,0.6931471805599453,7.753324167337196e-4
official,triangle,4,0.0011185682326621924,0.6931471805599453,7.753324167337196e-4
official,tropical,4,0.0011185682326621924,0.6931471805599453,7.753324167337196e-4
official,variable,4,0.0011185682326621924,0.6931471805599453,7.753324167337196e-4
official,vegetation,4,0.0011185682326621924,0.6931471805599453,7.753324167337196e-4
official,versus,4,0.0011185682326621924,0.6931471805599453,7.753324167337196e-4
official,withinproject,4,0.0011185682326621924,0.6931471805599453,7.753324167337196e-4
Independent,air,4,0.0010290712631849757,0.6931471805599453,7.132978446719273e-4
Independent,april,4,0.0010290712631849757,0.6931471805599453,7.132978446719273e-4
Independent,attempt,4,0.0010290712631849757,0.6931471805599453,7.132978446719273e-4
Independent,cherab,4,0.0010290712631849757,0.6931471805599453,7.132978446719273e-4
Independent,colonial,4,0.0010290712631849757,0.6931471805599453,7.132978446719273e-4
Independent,country,4,0.0010290712631849757,0.6931471805599453,7.132978446719273e-4
Independent,critical,4,0.0010290712631849757,0.6931471805599453,7.132978446719273e-4
Independent,emphasis,4,0.0010290712631849757,0.6931471805599453,7.132978446719273e-4
Independent,environment,4,0.0010290712631849757,0.6931471805599453,7.132978446719273e-4
Independent,exacerbate,4,0.0010290712631849757,0.6931471805599453,7.132978446719273e-4
Independent,galgalo,4,0.0010290712631849757,0.6931471805599453,7.132978446719273e-4
Independent,global,4,0.0010290712631849757,0.6931471805599453,7.132978446719273e-4
Independent,hand,4,0.0010290712631849757,0.6931471805599453,7.132978446719273e-4
Independent,item,4,0.0010290712631849757,0.6931471805599453,7.132978446719273e-4
Independent,knowledge,4,0.0010290712631849757,0.6931471805599453,7.132978446719273e-4
Independent,laikipia,4,0.0010290712631849757,0.6931471805599453,7.132978446719273e-4
Independent,lie,4,0.0010290712631849757,0.6931471805599453,7.132978446719273e-4
Independent,offer,4,0.0010290712631849757,0.6931471805599453,7.132978446719273e-4
Independent,official,4,0.0010290712631849757,0.6931471805599453,7.132978446719273e-4
Independent,partner,4,0.0010290712631849757,0.6931471805599453,7.132978446719273e-4
Independent,pay,4,0.0010290712631849757,0.6931471805599453,7.132978446719273e-4
Independent,picture,4,0.0010290712631849757,0.6931471805599453,7.132978446719273e-4
Independent,reality,4,0.0010290712631849757,0.6931471805599453,7.132978446719273e-4
Independent,register,4,0.0010290712631849757,0.6931471805599453,7.132978446719273e-4
Independent,regulation,4,0.0010290712631849757,0.6931471805599453,7.132978446719273e-4
Independent,resident,4,0.0010290712631849757,0.6931471805599453,7.132978446719273e-4
Independent,resourcebased,4,0.0010290712631849757,0.6931471805599453,7.132978446719273e-4
Independent,restriction,4,0.0010290712631849757,0.6931471805599453,7.132978446719273e-4
Independent,rustle,4,0.0010290712631849757,0.6931471805599453,7.132978446719273e-4
Independent,solution,4,0.0010290712631849757,0.6931471805599453,7.132978446719273e-4
Independent,stamp,4,0.0010290712631849757,0.6931471805599453,7.132978446719273e-4
Independent,survival,4,0.0010290712631849757,0.6931471805599453,7.132978446719273e-4
Independent,suspension,4,0.0010290712631849757,0.6931471805599453,7.132978446719273e-4
Independent,transparency,4,0.0010290712631849757,0.6931471805599453,7.132978446719273e-4
Independent,warden,4,0.0010290712631849757,0.6931471805599453,7.132978446719273e-4
official,accompany,3,8.389261744966443e-4,0.6931471805599453,5.814993125502897e-4
official,aim,3,8.389261744966443e-4,0.6931471805599453,5.814993125502897e-4
official,allocation,3,8.389261744966443e-4,0.6931471805599453,5.814993125502897e-4
official,briefing,3,8.389261744966443e-4,0.6931471805599453,5.814993125502897e-4
official,consensus,3,8.389261744966443e-4,0.6931471805599453,5.814993125502897e-4
official,coordinate,3,8.389261744966443e-4,0.6931471805599453,5.814993125502897e-4
official,decline,3,8.389261744966443e-4,0.6931471805599453,5.814993125502897e-4
official,degradation,3,8.389261744966443e-4,0.6931471805599453,5.814993125502897e-4
official,draft,3,8.389261744966443e-4,0.6931471805599453,5.814993125502897e-4
official,formation,3,8.389261744966443e-4,0.6931471805599453,5.814993125502897e-4
official,frame,3,8.389261744966443e-4,0.6931471805599453,5.814993125502897e-4
official,insider,3,8.389261744966443e-4,0.6931471805599453,5.814993125502897e-4
official,kalama,3,8.389261744966443e-4,0.6931471805599453,5.814993125502897e-4
official,kiswahili,3,8.389261744966443e-4,0.6931471805599453,5.814993125502897e-4
official,melako,3,8.389261744966443e-4,0.6931471805599453,5.814993125502897e-4
official,minute,3,8.389261744966443e-4,0.6931471805599453,5.814993125502897e-4
official,participant,3,8.389261744966443e-4,0.6931471805599453,5.814993125502897e-4
official,pia,3,8.389261744966443e-4,0.6931471805599453,5.814993125502897e-4
official,professional,3,8.389261744966443e-4,0.6931471805599453,5.814993125502897e-4
official,rank,3,8.389261744966443e-4,0.6931471805599453,5.814993125502897e-4
official,rapid,3,8.389261744966443e-4,0.6931471805599453,5.814993125502897e-4
official,recovery,3,8.389261744966443e-4,0.6931471805599453,5.814993125502897e-4
official,relationship,3,8.389261744966443e-4,0.6931471805599453,5.814993125502897e-4
official,surveyor,3,8.389261744966443e-4,0.6931471805599453,5.814993125502897e-4
official,text,3,8.389261744966443e-4,0.6931471805599453,5.814993125502897e-4
official,translate,3,8.389261744966443e-4,0.6931471805599453,5.814993125502897e-4
official,widespread,3,8.389261744966443e-4,0.6931471805599453,5.814993125502897e-4
official,yesterday,3,8.389261744966443e-4,0.6931471805599453,5.814993125502897e-4
Independent,accept,3,7.718034473887317e-4,0.6931471805599453,5.349733835039454e-4
Independent,accountability,3,7.718034473887317e-4,0.6931471805599453,5.349733835039454e-4
Independent,actor,3,7.718034473887317e-4,0.6931471805599453,5.349733835039454e-4
Independent,agent,3,7.718034473887317e-4,0.6931471805599453,5.349733835039454e-4
Independent,agree,3,7.718034473887317e-4,0.6931471805599453,5.349733835039454e-4
Independent,allegedly,3,7.718034473887317e-4,0.6931471805599453,5.349733835039454e-4
Independent,approach,3,7.718034473887317e-4,0.6931471805599453,5.349733835039454e-4
Independent,assembly,3,7.718034473887317e-4,0.6931471805599453,5.349733835039454e-4
Independent,authorize,3,7.718034473887317e-4,0.6931471805599453,5.349733835039454e-4
Independent,beneficiary,3,7.718034473887317e-4,0.6931471805599453,5.349733835039454e-4
Independent,care,3,7.718034473887317e-4,0.6931471805599453,5.349733835039454e-4
Independent,cease,3,7.718034473887317e-4,0.6931471805599453,5.349733835039454e-4
Independent,chari,3,7.718034473887317e-4,0.6931471805599453,5.349733835039454e-4
Independent,competition,3,7.718034473887317e-4,0.6931471805599453,5.349733835039454e-4
Independent,completely,3,7.718034473887317e-4,0.6931471805599453,5.349733835039454e-4
Independent,constitute,3,7.718034473887317e-4,0.6931471805599453,5.349733835039454e-4
Independent,death,3,7.718034473887317e-4,0.6931471805599453,5.349733835039454e-4
Independent,decision,3,7.718034473887317e-4,0.6931471805599453,5.349733835039454e-4
Independent,depend,3,7.718034473887317e-4,0.6931471805599453,5.349733835039454e-4
Independent,dogogicha,3,7.718034473887317e-4,0.6931471805599453,5.349733835039454e-4
Independent,donor,3,7.718034473887317e-4,0.6931471805599453,5.349733835039454e-4
Independent,double,3,7.718034473887317e-4,0.6931471805599453,5.349733835039454e-4
Independent,easement,3,7.718034473887317e-4,0.6931471805599453,5.349733835039454e-4
Independent,election,3,7.718034473887317e-4,0.6931471805599453,5.349733835039454e-4
Independent,enable,3,7.718034473887317e-4,0.6931471805599453,5.349733835039454e-4
Independent,evidently,3,7.718034473887317e-4,0.6931471805599453,5.349733835039454e-4
Independent,expansion,3,7.718034473887317e-4,0.6931471805599453,5.349733835039454e-4
Independent,fail,3,7.718034473887317e-4,0.6931471805599453,5.349733835039454e-4
Independent,fear,3,7.718034473887317e-4,0.6931471805599453,5.349733835039454e-4
Independent,february,3,7.718034473887317e-4,0.6931471805599453,5.349733835039454e-4
Independent,formal,3,7.718034473887317e-4,0.6931471805599453,5.349733835039454e-4
Independent,frontier,3,7.718034473887317e-4,0.6931471805599453,5.349733835039454e-4
Independent,frustration,3,7.718034473887317e-4,0.6931471805599453,5.349733835039454e-4
Independent,fundamental,3,7.718034473887317e-4,0.6931471805599453,5.349733835039454e-4
Independent,gain,3,7.718034473887317e-4,0.6931471805599453,5.349733835039454e-4
Independent,georeferenced,3,7.718034473887317e-4,0.6931471805599453,5.349733835039454e-4
Independent,inequality,3,7.718034473887317e-4,0.6931471805599453,5.349733835039454e-4
Independent,inside,3,7.718034473887317e-4,0.6931471805599453,5.349733835039454e-4
Independent,intention,3,7.718034473887317e-4,0.6931471805599453,5.349733835039454e-4
Independent,intervention,3,7.718034473887317e-4,0.6931471805599453,5.349733835039454e-4
Independent,invasion,3,7.718034473887317e-4,0.6931471805599453,5.349733835039454e-4
Independent,january,3,7.718034473887317e-4,0.6931471805599453,5.349733835039454e-4
Independent,ksh,3,7.718034473887317e-4,0.6931471805599453,5.349733835039454e-4
Independent,lay,3,7.718034473887317e-4,0.6931471805599453,5.349733835039454e-4
Independent,leave,3,7.718034473887317e-4,0.6931471805599453,5.349733835039454e-4
Independent,loss,3,7.718034473887317e-4,0.6931471805599453,5.349733835039454e-4
Independent,lurk,3,7.718034473887317e-4,0.6931471805599453,5.349733835039454e-4
Independent,marginalization,3,7.718034473887317e-4,0.6931471805599453,5.349733835039454e-4
Independent,marsabit,3,7.718034473887317e-4,0.6931471805599453,5.349733835039454e-4
Independent,morning,3,7.718034473887317e-4,0.6931471805599453,5.349733835039454e-4
Independent,nfd,3,7.718034473887317e-4,0.6931471805599453,5.349733835039454e-4
Independent,obligation,3,7.718034473887317e-4,0.6931471805599453,5.349733835039454e-4
Independent,operate,3,7.718034473887317e-4,0.6931471805599453,5.349733835039454e-4
Independent,party,3,7.718034473887317e-4,0.6931471805599453,5.349733835039454e-4
Independent,pattern,3,7.718034473887317e-4,0.6931471805599453,5.349733835039454e-4
Independent,pejeta,3,7.718034473887317e-4,0.6931471805599453,5.349733835039454e-4
Independent,perform,3,7.718034473887317e-4,0.6931471805599453,5.349733835039454e-4
Independent,principle,3,7.718034473887317e-4,0.6931471805599453,5.349733835039454e-4
Independent,profit,3,7.718034473887317e-4,0.6931471805599453,5.349733835039454e-4
Independent,prolong,3,7.718034473887317e-4,0.6931471805599453,5.349733835039454e-4
Independent,prove,3,7.718034473887317e-4,0.6931471805599453,5.349733835039454e-4
Independent,putative,3,7.718034473887317e-4,0.6931471805599453,5.349733835039454e-4
Independent,raid,3,7.718034473887317e-4,0.6931471805599453,5.349733835039454e-4
Independent,red,3,7.718034473887317e-4,0.6931471805599453,5.349733835039454e-4
Independent,regime,3,7.718034473887317e-4,0.6931471805599453,5.349733835039454e-4
Independent,removal,3,7.718034473887317e-4,0.6931471805599453,5.349733835039454e-4
Independent,repeal,3,7.718034473887317e-4,0.6931471805599453,5.349733835039454e-4
Independent,reply,3,7.718034473887317e-4,0.6931471805599453,5.349733835039454e-4
Independent,reportedly,3,7.718034473887317e-4,0.6931471805599453,5.349733835039454e-4
Independent,rivalry,3,7.718034473887317e-4,0.6931471805599453,5.349733835039454e-4
Independent,road,3,7.718034473887317e-4,0.6931471805599453,5.349733835039454e-4
Independent,rokicha,3,7.718034473887317e-4,0.6931471805599453,5.349733835039454e-4
Independent,scarcity,3,7.718034473887317e-4,0.6931471805599453,5.349733835039454e-4
Independent,scheme,3,7.718034473887317e-4,0.6931471805599453,5.349733835039454e-4
Independent,sequestration,3,7.718034473887317e-4,0.6931471805599453,5.349733835039454e-4
Independent,sit,3,7.718034473887317e-4,0.6931471805599453,5.349733835039454e-4
Independent,source,3,7.718034473887317e-4,0.6931471805599453,5.349733835039454e-4
Independent,status,3,7.718034473887317e-4,0.6931471805599453,5.349733835039454e-4
Independent,stem,3,7.718034473887317e-4,0.6931471805599453,5.349733835039454e-4
Independent,submit,3,7.718034473887317e-4,0.6931471805599453,5.349733835039454e-4
Independent,sustainability,3,7.718034473887317e-4,0.6931471805599453,5.349733835039454e-4
Independent,target,3,7.718034473887317e-4,0.6931471805599453,5.349733835039454e-4
Independent,ten,3,7.718034473887317e-4,0.6931471805599453,5.349733835039454e-4
Independent,tree,3,7.718034473887317e-4,0.6931471805599453,5.349733835039454e-4
Independent,twothirds,3,7.718034473887317e-4,0.6931471805599453,5.349733835039454e-4
Independent,undermine,3,7.718034473887317e-4,0.6931471805599453,5.349733835039454e-4
Independent,urgent,3,7.718034473887317e-4,0.6931471805599453,5.349733835039454e-4
Independent,valid,3,7.718034473887317e-4,0.6931471805599453,5.349733835039454e-4
Independent,vehicle,3,7.718034473887317e-4,0.6931471805599453,5.349733835039454e-4
Independent,violation,3,7.718034473887317e-4,0.6931471805599453,5.349733835039454e-4
Independent,violence,3,7.718034473887317e-4,0.6931471805599453,5.349733835039454e-4
Independent,violent,3,7.718034473887317e-4,0.6931471805599453,5.349733835039454e-4
Independent,visit,3,7.718034473887317e-4,0.6931471805599453,5.349733835039454e-4
official,acceptance,2,5.592841163310962e-4,0.6931471805599453,3.876662083668598e-4
official,accommodate,2,5.592841163310962e-4,0.6931471805599453,3.876662083668598e-4
official,advent,2,5.592841163310962e-4,0.6931471805599453,3.876662083668598e-4
official,advice,2,5.592841163310962e-4,0.6931471805599453,3.876662083668598e-4
official,agm,2,5.592841163310962e-4,0.6931471805599453,3.876662083668598e-4
official,aid,2,5.592841163310962e-4,0.6931471805599453,3.876662083668598e-4
official,alternative,2,5.592841163310962e-4,0.6931471805599453,3.876662083668598e-4
official,answer,2,5.592841163310962e-4,0.6931471805599453,3.876662083668598e-4
official,application,2,5.592841163310962e-4,0.6931471805599453,3.876662083668598e-4
official,assignment,2,5.592841163310962e-4,0.6931471805599453,3.876662083668598e-4
official,attend,2,5.592841163310962e-4,0.6931471805599453,3.876662083668598e-4
official,august,2,5.592841163310962e-4,0.6931471805599453,3.876662083668598e-4
official,avoid,2,5.592841163310962e-4,0.6931471805599453,3.876662083668598e-4
official,belowaverage,2,5.592841163310962e-4,0.6931471805599453,3.876662083668598e-4
official,biomass,2,5.592841163310962e-4,0.6931471805599453,3.876662083668598e-4
official,cell,2,5.592841163310962e-4,0.6931471805599453,3.876662083668598e-4
official,centre,2,5.592841163310962e-4,0.6931471805599453,3.876662083668598e-4
official,chase,2,5.592841163310962e-4,0.6931471805599453,3.876662083668598e-4
official,circumstance,2,5.592841163310962e-4,0.6931471805599453,3.876662083668598e-4
official,cohesion,2,5.592841163310962e-4,0.6931471805599453,3.876662083668598e-4
official,consecutive,2,5.592841163310962e-4,0.6931471805599453,3.876662083668598e-4
official,considerable,2,5.592841163310962e-4,0.6931471805599453,3.876662083668598e-4
official,continuance,2,5.592841163310962e-4,0.6931471805599453,3.876662083668598e-4
official,continuously,2,5.592841163310962e-4,0.6931471805599453,3.876662083668598e-4
official,countywide,2,5.592841163310962e-4,0.6931471805599453,3.876662083668598e-4
official,cut,2,5.592841163310962e-4,0.6931471805599453,3.876662083668598e-4
official,defense,2,5.592841163310962e-4,0.6931471805599453,3.876662083668598e-4
official,deliver,2,5.592841163310962e-4,0.6931471805599453,3.876662083668598e-4
official,dependence,2,5.592841163310962e-4,0.6931471805599453,3.876662083668598e-4
official,detail,2,5.592841163310962e-4,0.6931471805599453,3.876662083668598e-4
official,diagram,2,5.592841163310962e-4,0.6931471805599453,3.876662083668598e-4
official,difference,2,5.592841163310962e-4,0.6931471805599453,3.876662083668598e-4
official,dispute,2,5.592841163310962e-4,0.6931471805599453,3.876662083668598e-4
official,download,2,5.592841163310962e-4,0.6931471805599453,3.876662083668598e-4
official,ease,2,5.592841163310962e-4,0.6931471805599453,3.876662083668598e-4
official,easy,2,5.592841163310962e-4,0.6931471805599453,3.876662083668598e-4
official,edge,2,5.592841163310962e-4,0.6931471805599453,3.876662083668598e-4
official,email,2,5.592841163310962e-4,0.6931471805599453,3.876662083668598e-4
official,emphasize,2,5.592841163310962e-4,0.6931471805599453,3.876662083668598e-4
official,employee,2,5.592841163310962e-4,0.6931471805599453,3.876662083668598e-4
official,enforcement,2,5.592841163310962e-4,0.6931471805599453,3.876662083668598e-4
official,error,2,5.592841163310962e-4,0.6931471805599453,3.876662083668598e-4
official,essentially,2,5.592841163310962e-4,0.6931471805599453,3.876662083668598e-4
official,famine,2,5.592841163310962e-4,0.6931471805599453,3.876662083668598e-4
official,feed,2,5.592841163310962e-4,0.6931471805599453,3.876662083668598e-4
official,female,2,5.592841163310962e-4,0.6931471805599453,3.876662083668598e-4
official,femaleled,2,5.592841163310962e-4,0.6931471805599453,3.876662083668598e-4
official,fews,2,5.592841163310962e-4,0.6931471805599453,3.876662083668598e-4
official,flipchart,2,5.592841163310962e-4,0.6931471805599453,3.876662083668598e-4
official,forestry,2,5.592841163310962e-4,0.6931471805599453,3.876662083668598e-4
official,game,2,5.592841163310962e-4,0.6931471805599453,3.876662083668598e-4
official,guidance,2,5.592841163310962e-4,0.6931471805599453,3.876662083668598e-4
official,hardpan,2,5.592841163310962e-4,0.6931471805599453,3.876662083668598e-4
official,headquarter,2,5.592841163310962e-4,0.6931471805599453,3.876662083668598e-4
official,healthcare,2,5.592841163310962e-4,0.6931471805599453,3.876662083668598e-4
official,hearing,2,5.592841163310962e-4,0.6931471805599453,3.876662083668598e-4
official,hedge,2,5.592841163310962e-4,0.6931471805599453,3.876662083668598e-4
official,heterogeneity,2,5.592841163310962e-4,0.6931471805599453,3.876662083668598e-4
official,highly,2,5.592841163310962e-4,0.6931471805599453,3.876662083668598e-4
official,host,2,5.592841163310962e-4,0.6931471805599453,3.876662083668598e-4
official,hoursday,2,5.592841163310962e-4,0.6931471805599453,3.876662083668598e-4
official,httpearlywarningusgsgovfews,2,5.592841163310962e-4,0.6931471805599453,3.876662083668598e-4
official,httpwwwmetreadingacuk,2,5.592841163310962e-4,0.6931471805599453,3.876662083668598e-4
official,inclusive,2,5.592841163310962e-4,0.6931471805599453,3.876662083668598e-4
official,induce,2,5.592841163310962e-4,0.6931471805599453,3.876662083668598e-4
official,infiltration,2,5.592841163310962e-4,0.6931471805599453,3.876662083668598e-4
official,initial,2,5.592841163310962e-4,0.6931471805599453,3.876662083668598e-4
official,insufficient,2,5.592841163310962e-4,0.6931471805599453,3.876662083668598e-4
official,integrity,2,5.592841163310962e-4,0.6931471805599453,3.876662083668598e-4
official,intensity,2,5.592841163310962e-4,0.6931471805599453,3.876662083668598e-4
official,interestingly,2,5.592841163310962e-4,0.6931471805599453,3.876662083668598e-4
official,internal,2,5.592841163310962e-4,0.6931471805599453,3.876662083668598e-4
official,introduce,2,5.592841163310962e-4,0.6931471805599453,3.876662083668598e-4
official,invitation,2,5.592841163310962e-4,0.6931471805599453,3.876662083668598e-4
official,jessica,2,5.592841163310962e-4,0.6931471805599453,3.876662083668598e-4
official,judge,2,5.592841163310962e-4,0.6931471805599453,3.876662083668598e-4
official,line,2,5.592841163310962e-4,0.6931471805599453,3.876662083668598e-4
official,longerterm,2,5.592841163310962e-4,0.6931471805599453,3.876662083668598e-4
official,matriarch,2,5.592841163310962e-4,0.6931471805599453,3.876662083668598e-4
official,menled,2,5.592841163310962e-4,0.6931471805599453,3.876662083668598e-4
official,meteorology,2,5.592841163310962e-4,0.6931471805599453,3.876662083668598e-4
official,metric,2,5.592841163310962e-4,0.6931471805599453,3.876662083668598e-4
official,minority,2,5.592841163310962e-4,0.6931471805599453,3.876662083668598e-4
official,mission,2,5.592841163310962e-4,0.6931471805599453,3.876662083668598e-4
official,moisture,2,5.592841163310962e-4,0.6931471805599453,3.876662083668598e-4
official,musengezi,2,5.592841163310962e-4,0.6931471805599453,3.876662083668598e-4
official,naibunga,2,5.592841163310962e-4,0.6931471805599453,3.876662083668598e-4
official,nakupratgotu,2,5.592841163310962e-4,0.6931471805599453,3.876662083668598e-4
official,negotiate,2,5.592841163310962e-4,0.6931471805599453,3.876662083668598e-4
official,occurrence,2,5.592841163310962e-4,0.6931471805599453,3.876662083668598e-4
official,offsite,2,5.592841163310962e-4,0.6931471805599453,3.876662083668598e-4
official,onset,2,5.592841163310962e-4,0.6931471805599453,3.876662083668598e-4
official,optional,2,5.592841163310962e-4,0.6931471805599453,3.876662083668598e-4
official,outgrowth,2,5.592841163310962e-4,0.6931471805599453,3.876662083668598e-4
official,outsider,2,5.592841163310962e-4,0.6931471805599453,3.876662083668598e-4
official,permanent,2,5.592841163310962e-4,0.6931471805599453,3.876662083668598e-4
official,permit,2,5.592841163310962e-4,0.6931471805599453,3.876662083668598e-4
official,persist,2,5.592841163310962e-4,0.6931471805599453,3.876662083668598e-4
official,pertain,2,5.592841163310962e-4,0.6931471805599453,3.876662083668598e-4
official,phone,2,5.592841163310962e-4,0.6931471805599453,3.876662083668598e-4
official,population,2,5.592841163310962e-4,0.6931471805599453,3.876662083668598e-4
official,positivity,2,5.592841163310962e-4,0.6931471805599453,3.876662083668598e-4
official,poverty,2,5.592841163310962e-4,0.6931471805599453,3.876662083668598e-4
official,prediction,2,5.592841163310962e-4,0.6931471805599453,3.876662083668598e-4
official,prevent,2,5.592841163310962e-4,0.6931471805599453,3.876662083668598e-4
official,procedure,2,5.592841163310962e-4,0.6931471805599453,3.876662083668598e-4
official,product,2,5.592841163310962e-4,0.6931471805599453,3.876662083668598e-4
official,production,2,5.592841163310962e-4,0.6931471805599453,3.876662083668598e-4
official,productivity,2,5.592841163310962e-4,0.6931471805599453,3.876662083668598e-4
official,profor,2,5.592841163310962e-4,0.6931471805599453,3.876662083668598e-4
official,quarterly,2,5.592841163310962e-4,0.6931471805599453,3.876662083668598e-4
official,randomly,2,5.592841163310962e-4,0.6931471805599453,3.876662083668598e-4
official,reading,2,5.592841163310962e-4,0.6931471805599453,3.876662083668598e-4
official,realtime,2,5.592841163310962e-4,0.6931471805599453,3.876662083668598e-4
official,rebuild,2,5.592841163310962e-4,0.6931471805599453,3.876662083668598e-4
official,repository,2,5.592841163310962e-4,0.6931471805599453,3.876662083668598e-4
official,reproduction,2,5.592841163310962e-4,0.6931471805599453,3.876662083668598e-4
official,resolve,2,5.592841163310962e-4,0.6931471805599453,3.876662083668598e-4
official,restore,2,5.592841163310962e-4,0.6931471805599453,3.876662083668598e-4
official,reuslts,2,5.592841163310962e-4,0.6931471805599453,3.876662083668598e-4
official,rotation,2,5.592841163310962e-4,0.6931471805599453,3.876662083668598e-4
official,satellite,2,5.592841163310962e-4,0.6931471805599453,3.876662083668598e-4
official,savanna,2,5.592841163310962e-4,0.6931471805599453,3.876662083668598e-4
official,scientist,2,5.592841163310962e-4,0.6931471805599453,3.876662083668598e-4
official,scout,2,5.592841163310962e-4,0.6931471805599453,3.876662083668598e-4
official,seasonsyears,2,5.592841163310962e-4,0.6931471805599453,3.876662083668598e-4
official,segment,2,5.592841163310962e-4,0.6931471805599453,3.876662083668598e-4
official,shortterm,2,5.592841163310962e-4,0.6931471805599453,3.876662083668598e-4
official,sickness,2,5.592841163310962e-4,0.6931471805599453,3.876662083668598e-4
official,smallholder,2,5.592841163310962e-4,0.6931471805599453,3.876662083668598e-4
official,socialize,2,5.592841163310962e-4,0.6931471805599453,3.876662083668598e-4
official,socioeconomics,2,5.592841163310962e-4,0.6931471805599453,3.876662083668598e-4
official,spatial,2,5.592841163310962e-4,0.6931471805599453,3.876662083668598e-4
official,spatially,2,5.592841163310962e-4,0.6931471805599453,3.876662083668598e-4
official,stick,2,5.592841163310962e-4,0.6931471805599453,3.876662083668598e-4
official,stream,2,5.592841163310962e-4,0.6931471805599453,3.876662083668598e-4
official,strikingly,2,5.592841163310962e-4,0.6931471805599453,3.876662083668598e-4
official,subsequently,2,5.592841163310962e-4,0.6931471805599453,3.876662083668598e-4
official,supervisor,2,5.592841163310962e-4,0.6931471805599453,3.876662083668598e-4
official,supply,2,5.592841163310962e-4,0.6931471805599453,3.876662083668598e-4
official,sustainably,2,5.592841163310962e-4,0.6931471805599453,3.876662083668598e-4
official,swahili,2,5.592841163310962e-4,0.6931471805599453,3.876662083668598e-4
official,tamsat,2,5.592841163310962e-4,0.6931471805599453,3.876662083668598e-4
official,tamsatdata,2,5.592841163310962e-4,0.6931471805599453,3.876662083668598e-4
official,task,2,5.592841163310962e-4,0.6931471805599453,3.876662083668598e-4
official,team,2,5.592841163310962e-4,0.6931471805599453,3.876662083668598e-4
official,temporal,2,5.592841163310962e-4,0.6931471805599453,3.876662083668598e-4
official,temporally,2,5.592841163310962e-4,0.6931471805599453,3.876662083668598e-4
official,tnc,2,5.592841163310962e-4,0.6931471805599453,3.876662083668598e-4
official,track,2,5.592841163310962e-4,0.6931471805599453,3.876662083668598e-4
official,tradition,2,5.592841163310962e-4,0.6931471805599453,3.876662083668598e-4
official,type,2,5.592841163310962e-4,0.6931471805599453,3.876662083668598e-4
official,typically,2,5.592841163310962e-4,0.6931471805599453,3.876662083668598e-4
official,uncertain,2,5.592841163310962e-4,0.6931471805599453,3.876662083668598e-4
official,underrepresent,2,5.592841163310962e-4,0.6931471805599453,3.876662083668598e-4
official,university,2,5.592841163310962e-4,0.6931471805599453,3.876662083668598e-4
official,usdausaid,2,5.592841163310962e-4,0.6931471805599453,3.876662083668598e-4
official,vcm,2,5.592841163310962e-4,0.6931471805599453,3.876662083668598e-4
official,verbally,2,5.592841163310962e-4,0.6931471805599453,3.876662083668598e-4
official,verifiedissuing,2,5.592841163310962e-4,0.6931471805599453,3.876662083668598e-4
official,waiver,2,5.592841163310962e-4,0.6931471805599453,3.876662083668598e-4
official,warm,2,5.592841163310962e-4,0.6931471805599453,3.876662083668598e-4
official,warn,2,5.592841163310962e-4,0.6931471805599453,3.876662083668598e-4
official,weather,2,5.592841163310962e-4,0.6931471805599453,3.876662083668598e-4
official,womenled,2,5.592841163310962e-4,0.6931471805599453,3.876662083668598e-4
official,yearround,2,5.592841163310962e-4,0.6931471805599453,3.876662083668598e-4
official,zonal,2,5.592841163310962e-4,0.6931471805599453,3.876662083668598e-4
Independent,abdi,2,5.145356315924878e-4,0.6931471805599453,3.5664892233596367e-4
Independent,abdirahman,2,5.145356315924878e-4,0.6931471805599453,3.5664892233596367e-4
Independent,account,2,5.145356315924878e-4,0.6931471805599453,3.5664892233596367e-4
Independent,accrue,2,5.145356315924878e-4,0.6931471805599453,3.5664892233596367e-4
Independent,accuse,2,5.145356315924878e-4,0.6931471805599453,3.5664892233596367e-4
Independent,acquire,2,5.145356315924878e-4,0.6931471805599453,3.5664892233596367e-4
Independent,alliance,2,5.145356315924878e-4,0.6931471805599453,3.5664892233596367e-4
Independent,amb,2,5.145356315924878e-4,0.6931471805599453,3.5664892233596367e-4
Independent,amount,2,5.145356315924878e-4,0.6931471805599453,3.5664892233596367e-4
Independent,annex,2,5.145356315924878e-4,0.6931471805599453,3.5664892233596367e-4
Independent,applicable,2,5.145356315924878e-4,0.6931471805599453,3.5664892233596367e-4
Independent,arrangement,2,5.145356315924878e-4,0.6931471805599453,3.5664892233596367e-4
Independent,assign,2,5.145356315924878e-4,0.6931471805599453,3.5664892233596367e-4
Independent,aster,2,5.145356315924878e-4,0.6931471805599453,3.5664892233596367e-4
Independent,beautifully,2,5.145356315924878e-4,0.6931471805599453,3.5664892233596367e-4
Independent,beef,2,5.145356315924878e-4,0.6931471805599453,3.5664892233596367e-4
Independent,behaviour,2,5.145356315924878e-4,0.6931471805599453,3.5664892233596367e-4
Independent,biliqobulesa,2,5.145356315924878e-4,0.6931471805599453,3.5664892233596367e-4
Independent,bind,2,5.145356315924878e-4,0.6931471805599453,3.5664892233596367e-4
Independent,blame,2,5.145356315924878e-4,0.6931471805599453,3.5664892233596367e-4
Independent,block,2,5.145356315924878e-4,0.6931471805599453,3.5664892233596367e-4
Independent,boru,2,5.145356315924878e-4,0.6931471805599453,3.5664892233596367e-4
Independent,branch,2,5.145356315924878e-4,0.6931471805599453,3.5664892233596367e-4
Independent,burial,2,5.145356315924878e-4,0.6931471805599453,3.5664892233596367e-4
Independent,business,2,5.145356315924878e-4,0.6931471805599453,3.5664892233596367e-4
Independent,capitalist,2,5.145356315924878e-4,0.6931471805599453,3.5664892233596367e-4
Independent,carbonrelated,2,5.145356315924878e-4,0.6931471805599453,3.5664892233596367e-4
Independent,carry,2,5.145356315924878e-4,0.6931471805599453,3.5664892233596367e-4
Independent,cbcs,2,5.145356315924878e-4,0.6931471805599453,3.5664892233596367e-4
Independent,certify,2,5.145356315924878e-4,0.6931471805599453,3.5664892233596367e-4
Independent,channel,2,5.145356315924878e-4,0.6931471805599453,3.5664892233596367e-4
Independent,cite,2,5.145356315924878e-4,0.6931471805599453,3.5664892233596367e-4
Independent,closely,2,5.145356315924878e-4,0.6931471805599453,3.5664892233596367e-4
Independent,commissioner,2,5.145356315924878e-4,0.6931471805599453,3.5664892233596367e-4
Independent,commitment,2,5.145356315924878e-4,0.6931471805599453,3.5664892233596367e-4
Independent,commodification,2,5.145356315924878e-4,0.6931471805599453,3.5664892233596367e-4
Independent,communitybased,2,5.145356315924878e-4,0.6931471805599453,3.5664892233596367e-4
Independent,complicate,2,5.145356315924878e-4,0.6931471805599453,3.5664892233596367e-4
Independent,concept,2,5.145356315924878e-4,0.6931471805599453,3.5664892233596367e-4
Independent,conclude,2,5.145356315924878e-4,0.6931471805599453,3.5664892233596367e-4
Independent,conference,2,5.145356315924878e-4,0.6931471805599453,3.5664892233596367e-4
Independent,confident,2,5.145356315924878e-4,0.6931471805599453,3.5664892233596367e-4
Independent,consequence,2,5.145356315924878e-4,0.6931471805599453,3.5664892233596367e-4
Independent,constitution,2,5.145356315924878e-4,0.6931471805599453,3.5664892233596367e-4
Independent,content,2,5.145356315924878e-4,0.6931471805599453,3.5664892233596367e-4
Independent,cop,2,5.145356315924878e-4,0.6931471805599453,3.5664892233596367e-4
Independent,council,2,5.145356315924878e-4,0.6931471805599453,3.5664892233596367e-4
Independent,criminal,2,5.145356315924878e-4,0.6931471805599453,3.5664892233596367e-4
Independent,culture,2,5.145356315924878e-4,0.6931471805599453,3.5664892233596367e-4
Independent,customary,2,5.145356315924878e-4,0.6931471805599453,3.5664892233596367e-4
Independent,deal,2,5.145356315924878e-4,0.6931471805599453,3.5664892233596367e-4
Independent,decisionmaking,2,5.145356315924878e-4,0.6931471805599453,3.5664892233596367e-4
Independent,deem,2,5.145356315924878e-4,0.6931471805599453,3.5664892233596367e-4
Independent,delineate,2,5.145356315924878e-4,0.6931471805599453,3.5664892233596367e-4
Independent,devolution,2,5.145356315924878e-4,0.6931471805599453,3.5664892233596367e-4
Independent,didnt,2,5.145356315924878e-4,0.6931471805599453,3.5664892233596367e-4
Independent,directly,2,5.145356315924878e-4,0.6931471805599453,3.5664892233596367e-4
Independent,dirt,2,5.145356315924878e-4,0.6931471805599453,3.5664892233596367e-4
Independent,discretion,2,5.145356315924878e-4,0.6931471805599453,3.5664892233596367e-4
Independent,distributable,2,5.145356315924878e-4,0.6931471805599453,3.5664892233596367e-4
Independent,doubleedged,2,5.145356315924878e-4,0.6931471805599453,3.5664892233596367e-4
Independent,doubt,2,5.145356315924878e-4,0.6931471805599453,3.5664892233596367e-4
Independent,duly,2,5.145356315924878e-4,0.6931471805599453,3.5664892233596367e-4
Independent,dynamic,2,5.145356315924878e-4,0.6931471805599453,3.5664892233596367e-4
Independent,earn,2,5.145356315924878e-4,0.6931471805599453,3.5664892233596367e-4
Independent,east,2,5.145356315924878e-4,0.6931471805599453,3.5664892233596367e-4
Independent,ecosystem,2,5.145356315924878e-4,0.6931471805599453,3.5664892233596367e-4
Independent,empower,2,5.145356315924878e-4,0.6931471805599453,3.5664892233596367e-4
Independent,enact,2,5.145356315924878e-4,0.6931471805599453,3.5664892233596367e-4
Independent,energy,2,5.145356315924878e-4,0.6931471805599453,3.5664892233596367e-4
Independent,enter,2,5.145356315924878e-4,0.6931471805599453,3.5664892233596367e-4
Independent,escalate,2,5.145356315924878e-4,0.6931471805599453,3.5664892233596367e-4
Independent,event,2,5.145356315924878e-4,0.6931471805599453,3.5664892233596367e-4
Independent,evite,2,5.145356315924878e-4,0.6931471805599453,3.5664892233596367e-4
Independent,excess,2,5.145356315924878e-4,0.6931471805599453,3.5664892233596367e-4
Independent,exclusion,2,5.145356315924878e-4,0.6931471805599453,3.5664892233596367e-4
Independent,expansive,2,5.145356315924878e-4,0.6931471805599453,3.5664892233596367e-4
Independent,exploitation,2,5.145356315924878e-4,0.6931471805599453,3.5664892233596367e-4
Independent,exposure,2,5.145356315924878e-4,0.6931471805599453,3.5664892233596367e-4
Independent,facilitation,2,5.145356315924878e-4,0.6931471805599453,3.5664892233596367e-4
Independent,fauna,2,5.145356315924878e-4,0.6931471805599453,3.5664892233596367e-4
Independent,fee,2,5.145356315924878e-4,0.6931471805599453,3.5664892233596367e-4
Independent,fence,2,5.145356315924878e-4,0.6931471805599453,3.5664892233596367e-4
Independent,fight,2,5.145356315924878e-4,0.6931471805599453,3.5664892233596367e-4
Independent,finance,2,5.145356315924878e-4,0.6931471805599453,3.5664892233596367e-4
Independent,finding,2,5.145356315924878e-4,0.6931471805599453,3.5664892233596367e-4
Independent,flee,2,5.145356315924878e-4,0.6931471805599453,3.5664892233596367e-4
Independent,flora,2,5.145356315924878e-4,0.6931471805599453,3.5664892233596367e-4
Independent,foot,2,5.145356315924878e-4,0.6931471805599453,3.5664892233596367e-4
Independent,fouryear,2,5.145356315924878e-4,0.6931471805599453,3.5664892233596367e-4
Independent,framework,2,5.145356315924878e-4,0.6931471805599453,3.5664892233596367e-4
Independent,fresh,2,5.145356315924878e-4,0.6931471805599453,3.5664892233596367e-4
Independent,front,2,5.145356315924878e-4,0.6931471805599453,3.5664892233596367e-4
Independent,gouge,2,5.145356315924878e-4,0.6931471805599453,3.5664892233596367e-4
Independent,govern,2,5.145356315924878e-4,0.6931471805599453,3.5664892233596367e-4
Independent,grab,2,5.145356315924878e-4,0.6931471805599453,3.5664892233596367e-4
Independent,grant,2,5.145356315924878e-4,0.6931471805599453,3.5664892233596367e-4
Independent,grapple,2,5.145356315924878e-4,0.6931471805599453,3.5664892233596367e-4
Independent,grave,2,5.145356315924878e-4,0.6931471805599453,3.5664892233596367e-4
Independent,graveyard,2,5.145356315924878e-4,0.6931471805599453,3.5664892233596367e-4
Independent,guarantee,2,5.145356315924878e-4,0.6931471805599453,3.5664892233596367e-4
Independent,gunshot,2,5.145356315924878e-4,0.6931471805599453,3.5664892233596367e-4
Independent,heap,2,5.145356315924878e-4,0.6931471805599453,3.5664892233596367e-4
Independent,hear,2,5.145356315924878e-4,0.6931471805599453,3.5664892233596367e-4
Independent,historical,2,5.145356315924878e-4,0.6931471805599453,3.5664892233596367e-4
Independent,historically,2,5.145356315924878e-4,0.6931471805599453,3.5664892233596367e-4
Independent,house,2,5.145356315924878e-4,0.6931471805599453,3.5664892233596367e-4
Independent,impose,2,5.145356315924878e-4,0.6931471805599453,3.5664892233596367e-4
Independent,impossible,2,5.145356315924878e-4,0.6931471805599453,3.5664892233596367e-4
Independent,inference,2,5.145356315924878e-4,0.6931471805599453,3.5664892233596367e-4
Independent,inhabit,2,5.145356315924878e-4,0.6931471805599453,3.5664892233596367e-4
Independent,interviewee,2,5.145356315924878e-4,0.6931471805599453,3.5664892233596367e-4
Independent,invasive,2,5.145356315924878e-4,0.6931471805599453,3.5664892233596367e-4
Independent,investor,2,5.145356315924878e-4,0.6931471805599453,3.5664892233596367e-4
Independent,issuance,2,5.145356315924878e-4,0.6931471805599453,3.5664892233596367e-4
Independent,kilo,2,5.145356315924878e-4,0.6931471805599453,3.5664892233596367e-4
Independent,kilometer,2,5.145356315924878e-4,0.6931471805599453,3.5664892233596367e-4
Independent,legally,2,5.145356315924878e-4,0.6931471805599453,3.5664892233596367e-4
Independent,legislation,2,5.145356315924878e-4,0.6931471805599453,3.5664892233596367e-4
Independent,lens,2,5.145356315924878e-4,0.6931471805599453,3.5664892233596367e-4
Independent,lethal,2,5.145356315924878e-4,0.6931471805599453,3.5664892233596367e-4
Independent,leverage,2,5.145356315924878e-4,0.6931471805599453,3.5664892233596367e-4
Independent,livestocktomarket,2,5.145356315924878e-4,0.6931471805599453,3.5664892233596367e-4
Independent,lodge,2,5.145356315924878e-4,0.6931471805599453,3.5664892233596367e-4
Independent,loser,2,5.145356315924878e-4,0.6931471805599453,3.5664892233596367e-4
Independent,lush,2,5.145356315924878e-4,0.6931471805599453,3.5664892233596367e-4
Independent,march,2,5.145356315924878e-4,0.6931471805599453,3.5664892233596367e-4
Independent,mistrust,2,5.145356315924878e-4,0.6931471805599453,3.5664892233596367e-4
Independent,mobility,2,5.145356315924878e-4,0.6931471805599453,3.5664892233596367e-4
Independent,motivate,2,5.145356315924878e-4,0.6931471805599453,3.5664892233596367e-4
Independent,move,2,5.145356315924878e-4,0.6931471805599453,3.5664892233596367e-4
Independent,native,2,5.145356315924878e-4,0.6931471805599453,3.5664892233596367e-4
Independent,neglect,2,5.145356315924878e-4,0.6931471805599453,3.5664892233596367e-4
Independent,netflix,2,5.145356315924878e-4,0.6931471805599453,3.5664892233596367e-4
Independent,newly,2,5.145356315924878e-4,0.6931471805599453,3.5664892233596367e-4
Independent,nomadic,2,5.145356315924878e-4,0.6931471805599453,3.5664892233596367e-4
Independent,occupy,2,5.145356315924878e-4,0.6931471805599453,3.5664892233596367e-4
Independent,oppose,2,5.145356315924878e-4,0.6931471805599453,3.5664892233596367e-4
Independent,payment,2,5.145356315924878e-4,0.6931471805599453,3.5664892233596367e-4
Independent,peacebuilding,2,5.145356315924878e-4,0.6931471805599453,3.5664892233596367e-4
Independent,political,2,5.145356315924878e-4,0.6931471805599453,3.5664892233596367e-4
Independent,pool,2,5.145356315924878e-4,0.6931471805599453,3.5664892233596367e-4
Independent,portion,2,5.145356315924878e-4,0.6931471805599453,3.5664892233596367e-4
Independent,position,2,5.145356315924878e-4,0.6931471805599453,3.5664892233596367e-4
Independent,possibly,2,5.145356315924878e-4,0.6931471805599453,3.5664892233596367e-4
Independent,postcolonial,2,5.145356315924878e-4,0.6931471805599453,3.5664892233596367e-4
Independent,power,2,5.145356315924878e-4,0.6931471805599453,3.5664892233596367e-4
Independent,preliminary,2,5.145356315924878e-4,0.6931471805599453,3.5664892233596367e-4
Independent,preserve,2,5.145356315924878e-4,0.6931471805599453,3.5664892233596367e-4
Independent,president,2,5.145356315924878e-4,0.6931471805599453,3.5664892233596367e-4
Independent,procedural,2,5.145356315924878e-4,0.6931471805599453,3.5664892233596367e-4
Independent,promise,2,5.145356315924878e-4,0.6931471805599453,3.5664892233596367e-4
Independent,properly,2,5.145356315924878e-4,0.6931471805599453,3.5664892233596367e-4
Independent,proposal,2,5.145356315924878e-4,0.6931471805599453,3.5664892233596367e-4
Independent,publish,2,5.145356315924878e-4,0.6931471805599453,3.5664892233596367e-4
Independent,push,2,5.145356315924878e-4,0.6931471805599453,3.5664892233596367e-4
Independent,raider,2,5.145356315924878e-4,0.6931471805599453,3.5664892233596367e-4
Independent,ranger,2,5.145356315924878e-4,0.6931471805599453,3.5664892233596367e-4
Independent,recognize,2,5.145356315924878e-4,0.6931471805599453,3.5664892233596367e-4
Independent,recover,2,5.145356315924878e-4,0.6931471805599453,3.5664892233596367e-4
Independent,regard,2,5.145356315924878e-4,0.6931471805599453,3.5664892233596367e-4
Independent,registration,2,5.145356315924878e-4,0.6931471805599453,3.5664892233596367e-4
Independent,reject,2,5.145356315924878e-4,0.6931471805599453,3.5664892233596367e-4
Independent,relevant,2,5.145356315924878e-4,0.6931471805599453,3.5664892233596367e-4
Independent,remainder,2,5.145356315924878e-4,0.6931471805599453,3.5664892233596367e-4
Independent,remove,2,5.145356315924878e-4,0.6931471805599453,3.5664892233596367e-4
Independent,reservist,2,5.145356315924878e-4,0.6931471805599453,3.5664892233596367e-4
Independent,restrict,2,5.145356315924878e-4,0.6931471805599453,3.5664892233596367e-4
Independent,rob,2,5.145356315924878e-4,0.6931471805599453,3.5664892233596367e-4
Independent,roba,2,5.145356315924878e-4,0.6931471805599453,3.5664892233596367e-4
Independent,ruthless,2,5.145356315924878e-4,0.6931471805599453,3.5664892233596367e-4
Independent,sentiment,2,5.145356315924878e-4,0.6931471805599453,3.5664892233596367e-4
Independent,serve,2,5.145356315924878e-4,0.6931471805599453,3.5664892233596367e-4
Independent,service,2,5.145356315924878e-4,0.6931471805599453,3.5664892233596367e-4
Independent,shibia,2,5.145356315924878e-4,0.6931471805599453,3.5664892233596367e-4
Independent,sideline,2,5.145356315924878e-4,0.6931471805599453,3.5664892233596367e-4
Independent,sidestep,2,5.145356315924878e-4,0.6931471805599453,3.5664892233596367e-4
Independent,simply,2,5.145356315924878e-4,0.6931471805599453,3.5664892233596367e-4
Independent,sister,2,5.145356315924878e-4,0.6931471805599453,3.5664892233596367e-4
Independent,situation,2,5.145356315924878e-4,0.6931471805599453,3.5664892233596367e-4
Independent,slaughter,2,5.145356315924878e-4,0.6931471805599453,3.5664892233596367e-4
Independent,somalia,2,5.145356315924878e-4,0.6931471805599453,3.5664892233596367e-4
Independent,south,2,5.145356315924878e-4,0.6931471805599453,3.5664892233596367e-4
Independent,specifically,2,5.145356315924878e-4,0.6931471805599453,3.5664892233596367e-4
Independent,spike,2,5.145356315924878e-4,0.6931471805599453,3.5664892233596367e-4
Independent,split,2,5.145356315924878e-4,0.6931471805599453,3.5664892233596367e-4
Independent,spread,2,5.145356315924878e-4,0.6931471805599453,3.5664892233596367e-4
Independent,stock,2,5.145356315924878e-4,0.6931471805599453,3.5664892233596367e-4
Independent,store,2,5.145356315924878e-4,0.6931471805599453,3.5664892233596367e-4
Independent,stress,2,5.145356315924878e-4,0.6931471805599453,3.5664892233596367e-4
Independent,subcounty,2,5.145356315924878e-4,0.6931471805599453,3.5664892233596367e-4
Independent,subject,2,5.145356315924878e-4,0.6931471805599453,3.5664892233596367e-4
Independent,success,2,5.145356315924878e-4,0.6931471805599453,3.5664892233596367e-4
Independent,swamp,2,5.145356315924878e-4,0.6931471805599453,3.5664892233596367e-4
Independent,thirtyyearold,2,5.145356315924878e-4,0.6931471805599453,3.5664892233596367e-4
Independent,thorn,2,5.145356315924878e-4,0.6931471805599453,3.5664892233596367e-4
Independent,tool,2,5.145356315924878e-4,0.6931471805599453,3.5664892233596367e-4
Independent,tourism,2,5.145356315924878e-4,0.6931471805599453,3.5664892233596367e-4
Independent,tourist,2,5.145356315924878e-4,0.6931471805599453,3.5664892233596367e-4
Independent,transaction,2,5.145356315924878e-4,0.6931471805599453,3.5664892233596367e-4
Independent,transition,2,5.145356315924878e-4,0.6931471805599453,3.5664892233596367e-4
Independent,undisputed,2,5.145356315924878e-4,0.6931471805599453,3.5664892233596367e-4
Independent,unencumbered,2,5.145356315924878e-4,0.6931471805599453,3.5664892233596367e-4
Independent,unspecified,2,5.145356315924878e-4,0.6931471805599453,3.5664892233596367e-4
Independent,usd,2,5.145356315924878e-4,0.6931471805599453,3.5664892233596367e-4
Independent,utilize,2,5.145356315924878e-4,0.6931471805599453,3.5664892233596367e-4
Independent,view,2,5.145356315924878e-4,0.6931471805599453,3.5664892233596367e-4
Independent,villager,2,5.145356315924878e-4,0.6931471805599453,3.5664892233596367e-4
Independent,violate,2,5.145356315924878e-4,0.6931471805599453,3.5664892233596367e-4
Independent,vulnerability,2,5.145356315924878e-4,0.6931471805599453,3.5664892233596367e-4
Independent,ward,2,5.145356315924878e-4,0.6931471805599453,3.5664892233596367e-4
Independent,warrant,2,5.145356315924878e-4,0.6931471805599453,3.5664892233596367e-4
Independent,warrior,2,5.145356315924878e-4,0.6931471805599453,3.5664892233596367e-4
Independent,word,2,5.145356315924878e-4,0.6931471805599453,3.5664892233596367e-4
Independent,world,2,5.145356315924878e-4,0.6931471805599453,3.5664892233596367e-4
Independent,worth,2,5.145356315924878e-4,0.6931471805599453,3.5664892233596367e-4
Independent,wouldnt,2,5.145356315924878e-4,0.6931471805599453,3.5664892233596367e-4
Independent,youth,2,5.145356315924878e-4,0.6931471805599453,3.5664892233596367e-4
Independent,zara,2,5.145356315924878e-4,0.6931471805599453,3.5664892233596367e-4
official,administrative,1,2.796420581655481e-4,0.6931471805599453,1.938331041834299e-4
official,analysis,1,2.796420581655481e-4,0.6931471805599453,1.938331041834299e-4
official,announce,1,2.796420581655481e-4,0.6931471805599453,1.938331041834299e-4
official,antagonistic,1,2.796420581655481e-4,0.6931471805599453,1.938331041834299e-4
official,anticipation,1,2.796420581655481e-4,0.6931471805599453,1.938331041834299e-4
official,anticipatory,1,2.796420581655481e-4,0.6931471805599453,1.938331041834299e-4
official,appoint,1,2.796420581655481e-4,0.6931471805599453,1.938331041834299e-4
official,appropriately,1,2.796420581655481e-4,0.6931471805599453,1.938331041834299e-4
official,approximately,1,2.796420581655481e-4,0.6931471805599453,1.938331041834299e-4
official,assess,1,2.796420581655481e-4,0.6931471805599453,1.938331041834299e-4
official,average,1,2.796420581655481e-4,0.6931471805599453,1.938331041834299e-4
official,benefitsharing,1,2.796420581655481e-4,0.6931471805599453,1.938331041834299e-4
official,bias,1,2.796420581655481e-4,0.6931471805599453,1.938331041834299e-4
official,busy,1,2.796420581655481e-4,0.6931471805599453,1.938331041834299e-4
official,calculation,1,2.796420581655481e-4,0.6931471805599453,1.938331041834299e-4
official,capability,1,2.796420581655481e-4,0.6931471805599453,1.938331041834299e-4
official,capable,1,2.796420581655481e-4,0.6931471805599453,1.938331041834299e-4
official,capture,1,2.796420581655481e-4,0.6931471805599453,1.938331041834299e-4
official,ccbcm,1,2.796420581655481e-4,0.6931471805599453,1.938331041834299e-4
official,circlescards,1,2.796420581655481e-4,0.6931471805599453,1.938331041834299e-4
official,classify,1,2.796420581655481e-4,0.6931471805599453,1.938331041834299e-4
official,coefficient,1,2.796420581655481e-4,0.6931471805599453,1.938331041834299e-4
official,collection,1,2.796420581655481e-4,0.6931471805599453,1.938331041834299e-4
official,comfortable,1,2.796420581655481e-4,0.6931471805599453,1.938331041834299e-4
official,communitywide,1,2.796420581655481e-4,0.6931471805599453,1.938331041834299e-4
official,comparatively,1,2.796420581655481e-4,0.6931471805599453,1.938331041834299e-4
official,conduit,1,2.796420581655481e-4,0.6931471805599453,1.938331041834299e-4
official,confidential,1,2.796420581655481e-4,0.6931471805599453,1.938331041834299e-4
official,conservancywide,1,2.796420581655481e-4,0.6931471805599453,1.938331041834299e-4
official,contact,1,2.796420581655481e-4,0.6931471805599453,1.938331041834299e-4
official,convey,1,2.796420581655481e-4,0.6931471805599453,1.938331041834299e-4
official,correct,1,2.796420581655481e-4,0.6931471805599453,1.938331041834299e-4
official,correspond,1,2.796420581655481e-4,0.6931471805599453,1.938331041834299e-4
official,corroborate,1,2.796420581655481e-4,0.6931471805599453,1.938331041834299e-4
official,count,1,2.796420581655481e-4,0.6931471805599453,1.938331041834299e-4
official,crossconservancy,1,2.796420581655481e-4,0.6931471805599453,1.938331041834299e-4
official,daily,1,2.796420581655481e-4,0.6931471805599453,1.938331041834299e-4
official,december,1,2.796420581655481e-4,0.6931471805599453,1.938331041834299e-4
official,degree,1,2.796420581655481e-4,0.6931471805599453,1.938331041834299e-4
official,description,1,2.796420581655481e-4,0.6931471805599453,1.938331041834299e-4
official,deviation,1,2.796420581655481e-4,0.6931471805599453,1.938331041834299e-4
official,disburse,1,2.796420581655481e-4,0.6931471805599453,1.938331041834299e-4
official,discount,1,2.796420581655481e-4,0.6931471805599453,1.938331041834299e-4
official,dissemination,1,2.796420581655481e-4,0.6931471805599453,1.938331041834299e-4
official,ear,1,2.796420581655481e-4,0.6931471805599453,1.938331041834299e-4
official,eat,1,2.796420581655481e-4,0.6931471805599453,1.938331041834299e-4
official,economics,1,2.796420581655481e-4,0.6931471805599453,1.938331041834299e-4
official,egative,1,2.796420581655481e-4,0.6931471805599453,1.938331041834299e-4
official,elevation,1,2.796420581655481e-4,0.6931471805599453,1.938331041834299e-4
official,employable,1,2.796420581655481e-4,0.6931471805599453,1.938331041834299e-4
official,encounter,1,2.796420581655481e-4,0.6931471805599453,1.938331041834299e-4
official,engagement,1,2.796420581655481e-4,0.6931471805599453,1.938331041834299e-4
official,ensue,1,2.796420581655481e-4,0.6931471805599453,1.938331041834299e-4
official,envisage,1,2.796420581655481e-4,0.6931471805599453,1.938331041834299e-4
official,evaluate,1,2.796420581655481e-4,0.6931471805599453,1.938331041834299e-4
official,extensive,1,2.796420581655481e-4,0.6931471805599453,1.938331041834299e-4
official,extensively,1,2.796420581655481e-4,0.6931471805599453,1.938331041834299e-4
official,extreme,1,2.796420581655481e-4,0.6931471805599453,1.938331041834299e-4
official,film,1,2.796420581655481e-4,0.6931471805599453,1.938331041834299e-4
official,finalize,1,2.796420581655481e-4,0.6931471805599453,1.938331041834299e-4
official,firstly,1,2.796420581655481e-4,0.6931471805599453,1.938331041834299e-4
official,formally,1,2.796420581655481e-4,0.6931471805599453,1.938331041834299e-4
official,fraction,1,2.796420581655481e-4,0.6931471805599453,1.938331041834299e-4
official,frequent,1,2.796420581655481e-4,0.6931471805599453,1.938331041834299e-4
official,glews,1,2.796420581655481e-4,0.6931471805599453,1.938331041834299e-4
official,greatly,1,2.796420581655481e-4,0.6931471805599453,1.938331041834299e-4
official,hcv,1,2.796420581655481e-4,0.6931471805599453,1.938331041834299e-4
official,headofhousehold,1,2.796420581655481e-4,0.6931471805599453,1.938331041834299e-4
official,imagery,1,2.796420581655481e-4,0.6931471805599453,1.938331041834299e-4
official,incapable,1,2.796420581655481e-4,0.6931471805599453,1.938331041834299e-4
official,incursion,1,2.796420581655481e-4,0.6931471805599453,1.938331041834299e-4
official,interconservancy,1,2.796420581655481e-4,0.6931471805599453,1.938331041834299e-4
official,introductory,1,2.796420581655481e-4,0.6931471805599453,1.938331041834299e-4
official,invite,1,2.796420581655481e-4,0.6931471805599453,1.938331041834299e-4
official,knowledgeable,1,2.796420581655481e-4,0.6931471805599453,1.938331041834299e-4
official,locally,1,2.796420581655481e-4,0.6931471805599453,1.938331041834299e-4
official,lose,1,2.796420581655481e-4,0.6931471805599453,1.938331041834299e-4
official,louise,1,2.796420581655481e-4,0.6931471805599453,1.938331041834299e-4
official,maasai,1,2.796420581655481e-4,0.6931471805599453,1.938331041834299e-4
official,mcdermott,1,2.796420581655481e-4,0.6931471805599453,1.938331041834299e-4
official,meat,1,2.796420581655481e-4,0.6931471805599453,1.938331041834299e-4
official,medium,1,2.796420581655481e-4,0.6931471805599453,1.938331041834299e-4
official,meibae,1,2.796420581655481e-4,0.6931471805599453,1.938331041834299e-4
official,message,1,2.796420581655481e-4,0.6931471805599453,1.938331041834299e-4
official,migration,1,2.796420581655481e-4,0.6931471805599453,1.938331041834299e-4
official,modis,1,2.796420581655481e-4,0.6931471805599453,1.938331041834299e-4
official,monthly,1,2.796420581655481e-4,0.6931471805599453,1.938331041834299e-4
official,multiply,1,2.796420581655481e-4,0.6931471805599453,1.938331041834299e-4
official,namunyak,1,2.796420581655481e-4,0.6931471805599453,1.938331041834299e-4
official,ndvi,1,2.796420581655481e-4,0.6931471805599453,1.938331041834299e-4
official,nepal,1,2.796420581655481e-4,0.6931471805599453,1.938331041834299e-4
official,nonnormal,1,2.796420581655481e-4,0.6931471805599453,1.938331041834299e-4
official,notice,1,2.796420581655481e-4,0.6931471805599453,1.938331041834299e-4
official,nrtassisted,1,2.796420581655481e-4,0.6931471805599453,1.938331041834299e-4
official,numeraire,1,2.796420581655481e-4,0.6931471805599453,1.938331041834299e-4
official,numerous,1,2.796420581655481e-4,0.6931471805599453,1.938331041834299e-4
official,octobernovember,1,2.796420581655481e-4,0.6931471805599453,1.938331041834299e-4
official,onservancies,1,2.796420581655481e-4,0.6931471805599453,1.938331041834299e-4
official,overlap,1,2.796420581655481e-4,0.6931471805599453,1.938331041834299e-4
official,physical,1,2.796420581655481e-4,0.6931471805599453,1.938331041834299e-4
official,pokot,1,2.796420581655481e-4,0.6931471805599453,1.938331041834299e-4
official,presentation,1,2.796420581655481e-4,0.6931471805599453,1.938331041834299e-4
official,processor,1,2.796420581655481e-4,0.6931471805599453,1.938331041834299e-4
official,projectrelated,1,2.796420581655481e-4,0.6931471805599453,1.938331041834299e-4
official,quiet,1,2.796420581655481e-4,0.6931471805599453,1.938331041834299e-4
official,rainforest,1,2.796420581655481e-4,0.6931471805599453,1.938331041834299e-4
official,random,1,2.796420581655481e-4,0.6931471805599453,1.938331041834299e-4
official,recognition,1,2.796420581655481e-4,0.6931471805599453,1.938331041834299e-4
official,reflective,1,2.796420581655481e-4,0.6931471805599453,1.938331041834299e-4
official,rendillevillage,1,2.796420581655481e-4,0.6931471805599453,1.938331041834299e-4
official,renew,1,2.796420581655481e-4,0.6931471805599453,1.938331041834299e-4
official,resample,1,2.796420581655481e-4,0.6931471805599453,1.938331041834299e-4
official,reserve,1,2.796420581655481e-4,0.6931471805599453,1.938331041834299e-4
official,respect,1,2.796420581655481e-4,0.6931471805599453,1.938331041834299e-4
official,return,1,2.796420581655481e-4,0.6931471805599453,1.938331041834299e-4
official,reversal,1,2.796420581655481e-4,0.6931471805599453,1.938331041834299e-4
official,reverse,1,2.796420581655481e-4,0.6931471805599453,1.938331041834299e-4
official,revise,1,2.796420581655481e-4,0.6931471805599453,1.938331041834299e-4
official,safe,1,2.796420581655481e-4,0.6931471805599453,1.938331041834299e-4
official,satellitebased,1,2.796420581655481e-4,0.6931471805599453,1.938331041834299e-4
official,schreckenberg,1,2.796420581655481e-4,0.6931471805599453,1.938331041834299e-4
official,script,1,2.796420581655481e-4,0.6931471805599453,1.938331041834299e-4
official,selection,1,2.796420581655481e-4,0.6931471805599453,1.938331041834299e-4
official,settlement,1,2.796420581655481e-4,0.6931471805599453,1.938331041834299e-4
official,sftf,1,2.796420581655481e-4,0.6931471805599453,1.938331041834299e-4
official,single,1,2.796420581655481e-4,0.6931471805599453,1.938331041834299e-4
official,smallholderscommunity,1,2.796420581655481e-4,0.6931471805599453,1.938331041834299e-4
official,socialization,1,2.796420581655481e-4,0.6931471805599453,1.938331041834299e-4
official,socioeconomic,1,2.796420581655481e-4,0.6931471805599453,1.938331041834299e-4
official,soft,1,2.796420581655481e-4,0.6931471805599453,1.938331041834299e-4
official,solicit,1,2.796420581655481e-4,0.6931471805599453,1.938331041834299e-4
official,statistically,1,2.796420581655481e-4,0.6931471805599453,1.938331041834299e-4
official,subdivide,1,2.796420581655481e-4,0.6931471805599453,1.938331041834299e-4
official,subgroup,1,2.796420581655481e-4,0.6931471805599453,1.938331041834299e-4
official,subsection,1,2.796420581655481e-4,0.6931471805599453,1.938331041834299e-4
official,summarize,1,2.796420581655481e-4,0.6931471805599453,1.938331041834299e-4
official,swiss,1,2.796420581655481e-4,0.6931471805599453,1.938331041834299e-4
official,tendency,1,2.796420581655481e-4,0.6931471805599453,1.938331041834299e-4
official,thankyou,1,2.796420581655481e-4,0.6931471805599453,1.938331041834299e-4
official,theft,1,2.796420581655481e-4,0.6931471805599453,1.938331041834299e-4
official,thesis,1,2.796420581655481e-4,0.6931471805599453,1.938331041834299e-4
official,threat,1,2.796420581655481e-4,0.6931471805599453,1.938331041834299e-4
official,threestage,1,2.796420581655481e-4,0.6931471805599453,1.938331041834299e-4
official,translation,1,2.796420581655481e-4,0.6931471805599453,1.938331041834299e-4
official,travel,1,2.796420581655481e-4,0.6931471805599453,1.938331041834299e-4
official,twelve,1,2.796420581655481e-4,0.6931471805599453,1.938331041834299e-4
official,typical,1,2.796420581655481e-4,0.6931471805599453,1.938331041834299e-4
official,underrepresen,1,2.796420581655481e-4,0.6931471805599453,1.938331041834299e-4
official,unit,1,2.796420581655481e-4,0.6931471805599453,1.938331041834299e-4
official,variation,1,2.796420581655481e-4,0.6931471805599453,1.938331041834299e-4
official,venn,1,2.796420581655481e-4,0.6931471805599453,1.938331041834299e-4
official,versa,1,2.796420581655481e-4,0.6931471805599453,1.938331041834299e-4
official,vice,1,2.796420581655481e-4,0.6931471805599453,1.938331041834299e-4
official,villagezonal,1,2.796420581655481e-4,0.6931471805599453,1.938331041834299e-4
official,visibility,1,2.796420581655481e-4,0.6931471805599453,1.938331041834299e-4
official,visually,1,2.796420581655481e-4,0.6931471805599453,1.938331041834299e-4
official,westgate,1,2.796420581655481e-4,0.6931471805599453,1.938331041834299e-4
official,whichever,1,2.796420581655481e-4,0.6931471805599453,1.938331041834299e-4
official,wrong,1,2.796420581655481e-4,0.6931471805599453,1.938331041834299e-4
Independent,abandon,1,2.572678157962439e-4,0.6931471805599453,1.7832446116798184e-4
Independent,abrupt,1,2.572678157962439e-4,0.6931471805599453,1.7832446116798184e-4
Independent,absence,1,2.572678157962439e-4,0.6931471805599453,1.7832446116798184e-4
Independent,abstract,1,2.572678157962439e-4,0.6931471805599453,1.7832446116798184e-4
Independent,abundance,1,2.572678157962439e-4,0.6931471805599453,1.7832446116798184e-4
Independent,abundant,1,2.572678157962439e-4,0.6931471805599453,1.7832446116798184e-4
Independent,accordance,1,2.572678157962439e-4,0.6931471805599453,1.7832446116798184e-4
Independent,accountable,1,2.572678157962439e-4,0.6931471805599453,1.7832446116798184e-4
Independent,accrual,1,2.572678157962439e-4,0.6931471805599453,1.7832446116798184e-4
Independent,accumulate,1,2.572678157962439e-4,0.6931471805599453,1.7832446116798184e-4
Independent,achievement,1,2.572678157962439e-4,0.6931471805599453,1.7832446116798184e-4
Independent,acknowledge,1,2.572678157962439e-4,0.6931471805599453,1.7832446116798184e-4
Independent,acled,1,2.572678157962439e-4,0.6931471805599453,1.7832446116798184e-4
Independent,acre,1,2.572678157962439e-4,0.6931471805599453,1.7832446116798184e-4
Independent,actual,1,2.572678157962439e-4,0.6931471805599453,1.7832446116798184e-4
Independent,adano,1,2.572678157962439e-4,0.6931471805599453,1.7832446116798184e-4
Independent,additionality,1,2.572678157962439e-4,0.6931471805599453,1.7832446116798184e-4
Independent,adequate,1,2.572678157962439e-4,0.6931471805599453,1.7832446116798184e-4
Independent,adirt,1,2.572678157962439e-4,0.6931471805599453,1.7832446116798184e-4
Independent,administer,1,2.572678157962439e-4,0.6931471805599453,1.7832446116798184e-4
Independent,administration,1,2.572678157962439e-4,0.6931471805599453,1.7832446116798184e-4
Independent,advocacy,1,2.572678157962439e-4,0.6931471805599453,1.7832446116798184e-4
Independent,afarlivestock,1,2.572678157962439e-4,0.6931471805599453,1.7832446116798184e-4
Independent,affirm,1,2.572678157962439e-4,0.6931471805599453,1.7832446116798184e-4
Independent,afford,1,2.572678157962439e-4,0.6931471805599453,1.7832446116798184e-4
Independent,africa,1,2.572678157962439e-4,0.6931471805599453,1.7832446116798184e-4
Independent,agency,1,2.572678157962439e-4,0.6931471805599453,1.7832446116798184e-4
Independent,ali,1,2.572678157962439e-4,0.6931471805599453,1.7832446116798184e-4
Independent,alienation,1,2.572678157962439e-4,0.6931471805599453,1.7832446116798184e-4
Independent,allalong,1,2.572678157962439e-4,0.6931471805599453,1.7832446116798184e-4
Independent,allege,1,2.572678157962439e-4,0.6931471805599453,1.7832446116798184e-4
Independent,allude,1,2.572678157962439e-4,0.6931471805599453,1.7832446116798184e-4
Independent,alter,1,2.572678157962439e-4,0.6931471805599453,1.7832446116798184e-4
Independent,ambiguous,1,2.572678157962439e-4,0.6931471805599453,1.7832446116798184e-4
Independent,ambush,1,2.572678157962439e-4,0.6931471805599453,1.7832446116798184e-4
Independent,amidst,1,2.572678157962439e-4,0.6931471805599453,1.7832446116798184e-4
Independent,amplify,1,2.572678157962439e-4,0.6931471805599453,1.7832446116798184e-4
Independent,ancestral,1,2.572678157962439e-4,0.6931471805599453,1.7832446116798184e-4
Independent,anger,1,2.572678157962439e-4,0.6931471805599453,1.7832446116798184e-4
Independent,anonymously,1,2.572678157962439e-4,0.6931471805599453,1.7832446116798184e-4
Independent,apparently,1,2.572678157962439e-4,0.6931471805599453,1.7832446116798184e-4
Independent,appeal,1,2.572678157962439e-4,0.6931471805599453,1.7832446116798184e-4
Independent,appropriation,1,2.572678157962439e-4,0.6931471805599453,1.7832446116798184e-4
Independent,approval,1,2.572678157962439e-4,0.6931471805599453,1.7832446116798184e-4
Independent,approx,1,2.572678157962439e-4,0.6931471805599453,1.7832446116798184e-4
Independent,aptly,1,2.572678157962439e-4,0.6931471805599453,1.7832446116798184e-4
Independent,argue,1,2.572678157962439e-4,0.6931471805599453,1.7832446116798184e-4
Independent,argument,1,2.572678157962439e-4,0.6931471805599453,1.7832446116798184e-4
Independent,arise,1,2.572678157962439e-4,0.6931471805599453,1.7832446116798184e-4
Independent,article,1,2.572678157962439e-4,0.6931471805599453,1.7832446116798184e-4
Independent,aspiration,1,2.572678157962439e-4,0.6931471805599453,1.7832446116798184e-4
Independent,assertion,1,2.572678157962439e-4,0.6931471805599453,1.7832446116798184e-4
Independent,asset,1,2.572678157962439e-4,0.6931471805599453,1.7832446116798184e-4
Independent,atmosphere,1,2.572678157962439e-4,0.6931471805599453,1.7832446116798184e-4
Independent,attack,1,2.572678157962439e-4,0.6931471805599453,1.7832446116798184e-4
Independent,attacker,1,2.572678157962439e-4,0.6931471805599453,1.7832446116798184e-4
Independent,attract,1,2.572678157962439e-4,0.6931471805599453,1.7832446116798184e-4
Independent,audit,1,2.572678157962439e-4,0.6931471805599453,1.7832446116798184e-4
Independent,auditor,1,2.572678157962439e-4,0.6931471805599453,1.7832446116798184e-4
Independent,author,1,2.572678157962439e-4,0.6931471805599453,1.7832446116798184e-4
Independent,authority,1,2.572678157962439e-4,0.6931471805599453,1.7832446116798184e-4
Independent,avoidance,1,2.572678157962439e-4,0.6931471805599453,1.7832446116798184e-4
Independent,award,1,2.572678157962439e-4,0.6931471805599453,1.7832446116798184e-4
Independent,aware,1,2.572678157962439e-4,0.6931471805599453,1.7832446116798184e-4
Independent,barely,1,2.572678157962439e-4,0.6931471805599453,1.7832446116798184e-4
Independent,basic,1,2.572678157962439e-4,0.6931471805599453,1.7832446116798184e-4
Independent,battle,1,2.572678157962439e-4,0.6931471805599453,1.7832446116798184e-4
Independent,behalfthe,1,2.572678157962439e-4,0.6931471805599453,1.7832446116798184e-4
Independent,belowthe,1,2.572678157962439e-4,0.6931471805599453,1.7832446116798184e-4
Independent,beneath,1,2.572678157962439e-4,0.6931471805599453,1.7832446116798184e-4
Independent,bersaglio,1,2.572678157962439e-4,0.6931471805599453,1.7832446116798184e-4
Independent,bid,1,2.572678157962439e-4,0.6931471805599453,1.7832446116798184e-4
Independent,biliqobulesaunder,1,2.572678157962439e-4,0.6931471805599453,1.7832446116798184e-4
Independent,black,1,2.572678157962439e-4,0.6931471805599453,1.7832446116798184e-4
Independent,blatant,1,2.572678157962439e-4,0.6931471805599453,1.7832446116798184e-4
Independent,blog,1,2.572678157962439e-4,0.6931471805599453,1.7832446116798184e-4
Independent,blood,1,2.572678157962439e-4,0.6931471805599453,1.7832446116798184e-4
Independent,body,1,2.572678157962439e-4,0.6931471805599453,1.7832446116798184e-4
Independent,boranas,1,2.572678157962439e-4,0.6931471805599453,1.7832446116798184e-4
Independent,borderland,1,2.572678157962439e-4,0.6931471805599453,1.7832446116798184e-4
Independent,borehole,1,2.572678157962439e-4,0.6931471805599453,1.7832446116798184e-4
Independent,boundarymaking,1,2.572678157962439e-4,0.6931471805599453,1.7832446116798184e-4
Independent,box,1,2.572678157962439e-4,0.6931471805599453,1.7832446116798184e-4
Independent,brazil,1,2.572678157962439e-4,0.6931471805599453,1.7832446116798184e-4
Independent,breed,1,2.572678157962439e-4,0.6931471805599453,1.7832446116798184e-4
Independent,bride,1,2.572678157962439e-4,0.6931471805599453,1.7832446116798184e-4
Independent,british,1,2.572678157962439e-4,0.6931471805599453,1.7832446116798184e-4
Independent,broad,1,2.572678157962439e-4,0.6931471805599453,1.7832446116798184e-4
Independent,buleresture,1,2.572678157962439e-4,0.6931471805599453,1.7832446116798184e-4
Independent,burn,1,2.572678157962439e-4,0.6931471805599453,1.7832446116798184e-4
Independent,butchery,1,2.572678157962439e-4,0.6931471805599453,1.7832446116798184e-4
Independent,bylaw,1,2.572678157962439e-4,0.6931471805599453,1.7832446116798184e-4
Independent,calm,1,2.572678157962439e-4,0.6931471805599453,1.7832446116798184e-4
Independent,candidate,1,2.572678157962439e-4,0.6931471805599453,1.7832446116798184e-4
Independent,capitalistdriven,1,2.572678157962439e-4,0.6931471805599453,1.7832446116798184e-4
Independent,carbonthe,1,2.572678157962439e-4,0.6931471805599453,1.7832446116798184e-4
Independent,careful,1,2.572678157962439e-4,0.6931471805599453,1.7832446116798184e-4
Independent,caroline,1,2.572678157962439e-4,0.6931471805599453,1.7832446116798184e-4
Independent,carpet,1,2.572678157962439e-4,0.6931471805599453,1.7832446116798184e-4
Independent,catholic,1,2.572678157962439e-4,0.6931471805599453,1.7832446116798184e-4
Independent,ccba,1,2.572678157962439e-4,0.6931471805599453,1.7832446116798184e-4
Independent,certifier,1,2.572678157962439e-4,0.6931471805599453,1.7832446116798184e-4
Independent,chance,1,2.572678157962439e-4,0.6931471805599453,1.7832446116798184e-4
Independent,chaos,1,2.572678157962439e-4,0.6931471805599453,1.7832446116798184e-4
Independent,chat,1,2.572678157962439e-4,0.6931471805599453,1.7832446116798184e-4
Independent,chiefwhat,1,2.572678157962439e-4,0.6931471805599453,1.7832446116798184e-4
Independent,choicefigure,1,2.572678157962439e-4,0.6931471805599453,1.7832446116798184e-4
Independent,choke,1,2.572678157962439e-4,0.6931471805599453,1.7832446116798184e-4
Independent,church,1,2.572678157962439e-4,0.6931471805599453,1.7832446116798184e-4
Independent,clarification,1,2.572678157962439e-4,0.6931471805599453,1.7832446116798184e-4
Independent,clarify,1,2.572678157962439e-4,0.6931471805599453,1.7832446116798184e-4
Independent,clause,1,2.572678157962439e-4,0.6931471805599453,1.7832446116798184e-4
Independent,cliff,1,2.572678157962439e-4,0.6931471805599453,1.7832446116798184e-4
Independent,climateinduced,1,2.572678157962439e-4,0.6931471805599453,1.7832446116798184e-4
Independent,climaterelated,1,2.572678157962439e-4,0.6931471805599453,1.7832446116798184e-4
Independent,closure,1,2.572678157962439e-4,0.6931471805599453,1.7832446116798184e-4
Independent,collective,1,2.572678157962439e-4,0.6931471805599453,1.7832446116798184e-4
Independent,colonialism,1,2.572678157962439e-4,0.6931471805599453,1.7832446116798184e-4
Independent,combat,1,2.572678157962439e-4,0.6931471805599453,1.7832446116798184e-4
Independent,combine,1,2.572678157962439e-4,0.6931471805599453,1.7832446116798184e-4
Independent,commencement,1,2.572678157962439e-4,0.6931471805599453,1.7832446116798184e-4
Independent,commercialization,1,2.572678157962439e-4,0.6931471805599453,1.7832446116798184e-4
Independent,commercialize,1,2.572678157962439e-4,0.6931471805599453,1.7832446116798184e-4
Independent,commodity,1,2.572678157962439e-4,0.6931471805599453,1.7832446116798184e-4
Independent,communal,1,2.572678157962439e-4,0.6931471805599453,1.7832446116798184e-4
Independent,communally,1,2.572678157962439e-4,0.6931471805599453,1.7832446116798184e-4
Independent,communityledthe,1,2.572678157962439e-4,0.6931471805599453,1.7832446116798184e-4
Independent,communitymoreover,1,2.572678157962439e-4,0.6931471805599453,1.7832446116798184e-4
Independent,communityowned,1,2.572678157962439e-4,0.6931471805599453,1.7832446116798184e-4
Independent,company,1,2.572678157962439e-4,0.6931471805599453,1.7832446116798184e-4
Independent,complex,1,2.572678157962439e-4,0.6931471805599453,1.7832446116798184e-4
Independent,component,1,2.572678157962439e-4,0.6931471805599453,1.7832446116798184e-4
Independent,comprise,1,2.572678157962439e-4,0.6931471805599453,1.7832446116798184e-4
Independent,condemn,1,2.572678157962439e-4,0.6931471805599453,1.7832446116798184e-4
Independent,confirm,1,2.572678157962439e-4,0.6931471805599453,1.7832446116798184e-4
Independent,confusion,1,2.572678157962439e-4,0.6931471805599453,1.7832446116798184e-4
Independent,conserve,1,2.572678157962439e-4,0.6931471805599453,1.7832446116798184e-4
Independent,consideration,1,2.572678157962439e-4,0.6931471805599453,1.7832446116798184e-4
Independent,consistently,1,2.572678157962439e-4,0.6931471805599453,1.7832446116798184e-4
Independent,consultancy,1,2.572678157962439e-4,0.6931471805599453,1.7832446116798184e-4
Independent,consultative,1,2.572678157962439e-4,0.6931471805599453,1.7832446116798184e-4
Independent,contest,1,2.572678157962439e-4,0.6931471805599453,1.7832446116798184e-4
Independent,contestations,1,2.572678157962439e-4,0.6931471805599453,1.7832446116798184e-4
Independent,context,1,2.572678157962439e-4,0.6931471805599453,1.7832446116798184e-4
Independent,continuation,1,2.572678157962439e-4,0.6931471805599453,1.7832446116798184e-4
Independent,continuous,1,2.572678157962439e-4,0.6931471805599453,1.7832446116798184e-4
Independent,contribute,1,2.572678157962439e-4,0.6931471805599453,1.7832446116798184e-4
Independent,convince,1,2.572678157962439e-4,0.6931471805599453,1.7832446116798184e-4
Independent,cooperation,1,2.572678157962439e-4,0.6931471805599453,1.7832446116798184e-4
Independent,coowners,1,2.572678157962439e-4,0.6931471805599453,1.7832446116798184e-4
Independent,correlation,1,2.572678157962439e-4,0.6931471805599453,1.7832446116798184e-4
Independent,corridor,1,2.572678157962439e-4,0.6931471805599453,1.7832446116798184e-4
Independent,corruption,1,2.572678157962439e-4,0.6931471805599453,1.7832446116798184e-4
Independent,counsell,1,2.572678157962439e-4,0.6931471805599453,1.7832446116798184e-4
Independent,creditsnorthern,1,2.572678157962439e-4,0.6931471805599453,1.7832446116798184e-4
Independent,critic,1,2.572678157962439e-4,0.6931471805599453,1.7832446116798184e-4
Independent,crucial,1,2.572678157962439e-4,0.6931471805599453,1.7832446116798184e-4
Independent,cry,1,2.572678157962439e-4,0.6931471805599453,1.7832446116798184e-4
Independent,culturally,1,2.572678157962439e-4,0.6931471805599453,1.7832446116798184e-4
Independent,dark,1,2.572678157962439e-4,0.6931471805599453,1.7832446116798184e-4
Independent,dateup,1,2.572678157962439e-4,0.6931471805599453,1.7832446116798184e-4
Independent,ddocument,1,2.572678157962439e-4,0.6931471805599453,1.7832446116798184e-4
Independent,deadly,1,2.572678157962439e-4,0.6931471805599453,1.7832446116798184e-4
Independent,decade,1,2.572678157962439e-4,0.6931471805599453,1.7832446116798184e-4
Independent,decadethey,1,2.572678157962439e-4,0.6931471805599453,1.7832446116798184e-4
Independent,dedha,1,2.572678157962439e-4,0.6931471805599453,1.7832446116798184e-4
Independent,deep,1,2.572678157962439e-4,0.6931471805599453,1.7832446116798184e-4
Independent,definition,1,2.572678157962439e-4,0.6931471805599453,1.7832446116798184e-4
Independent,delimit,1,2.572678157962439e-4,0.6931471805599453,1.7832446116798184e-4
Independent,deliverable,1,2.572678157962439e-4,0.6931471805599453,1.7832446116798184e-4
Independent,demand,1,2.572678157962439e-4,0.6931471805599453,1.7832446116798184e-4
Independent,democratic,1,2.572678157962439e-4,0.6931471805599453,1.7832446116798184e-4
Independent,democratically,1,2.572678157962439e-4,0.6931471805599453,1.7832446116798184e-4
Independent,demonize,1,2.572678157962439e-4,0.6931471805599453,1.7832446116798184e-4
Independent,dependency,1,2.572678157962439e-4,0.6931471805599453,1.7832446116798184e-4
Independent,depletion,1,2.572678157962439e-4,0.6931471805599453,1.7832446116798184e-4
Independent,deploy,1,2.572678157962439e-4,0.6931471805599453,1.7832446116798184e-4
Independent,deployment,1,2.572678157962439e-4,0.6931471805599453,1.7832446116798184e-4
Independent,desperate,1,2.572678157962439e-4,0.6931471805599453,1.7832446116798184e-4
Independent,destroy,1,2.572678157962439e-4,0.6931471805599453,1.7832446116798184e-4
Independent,devoid,1,2.572678157962439e-4,0.6931471805599453,1.7832446116798184e-4
Independent,devolve,1,2.572678157962439e-4,0.6931471805599453,1.7832446116798184e-4
Independent,die,1,2.572678157962439e-4,0.6931471805599453,1.7832446116798184e-4
Independent,difficult,1,2.572678157962439e-4,0.6931471805599453,1.7832446116798184e-4
Independent,dilemma,1,2.572678157962439e-4,0.6931471805599453,1.7832446116798184e-4
Independent,diligence,1,2.572678157962439e-4,0.6931471805599453,1.7832446116798184e-4
Independent,dioxide,1,2.572678157962439e-4,0.6931471805599453,1.7832446116798184e-4
Independent,dire,1,2.572678157962439e-4,0.6931471805599453,1.7832446116798184e-4
Independent,director,1,2.572678157962439e-4,0.6931471805599453,1.7832446116798184e-4
Independent,dirtyblood,1,2.572678157962439e-4,0.6931471805599453,1.7832446116798184e-4
Independent,disappear,1,2.572678157962439e-4,0.6931471805599453,1.7832446116798184e-4
Independent,disappoint,1,2.572678157962439e-4,0.6931471805599453,1.7832446116798184e-4
Independent,disassociate,1,2.572678157962439e-4,0.6931471805599453,1.7832446116798184e-4
Independent,disclose,1,2.572678157962439e-4,0.6931471805599453,1.7832446116798184e-4
Independent,discoura,1,2.572678157962439e-4,0.6931471805599453,1.7832446116798184e-4
Independent,discretionary,1,2.572678157962439e-4,0.6931471805599453,1.7832446116798184e-4
Independent,disease,1,2.572678157962439e-4,0.6931471805599453,1.7832446116798184e-4
Independent,disenfranchise,1,2.572678157962439e-4,0.6931471805599453,1.7832446116798184e-4
Independent,dispatch,1,2.572678157962439e-4,0.6931471805599453,1.7832446116798184e-4
Independent,disperse,1,2.572678157962439e-4,0.6931471805599453,1.7832446116798184e-4
Independent,dispossession,1,2.572678157962439e-4,0.6931471805599453,1.7832446116798184e-4
Independent,disproportionately,1,2.572678157962439e-4,0.6931471805599453,1.7832446116798184e-4
Independent,disregard,1,2.572678157962439e-4,0.6931471805599453,1.7832446116798184e-4
Independent,disrupt,1,2.572678157962439e-4,0.6931471805599453,1.7832446116798184e-4
Independent,disruption,1,2.572678157962439e-4,0.6931471805599453,1.7832446116798184e-4
Independent,distance,1,2.572678157962439e-4,0.6931471805599453,1.7832446116798184e-4
Independent,district,1,2.572678157962439e-4,0.6931471805599453,1.7832446116798184e-4
Independent,diversity,1,2.572678157962439e-4,0.6931471805599453,1.7832446116798184e-4
Independent,documentedkenya,1,2.572678157962439e-4,0.6931471805599453,1.7832446116798184e-4
Independent,dozen,1,2.572678157962439e-4,0.6931471805599453,1.7832446116798184e-4
Independent,dream,1,2.572678157962439e-4,0.6931471805599453,1.7832446116798184e-4
Independent,drive,1,2.572678157962439e-4,0.6931471805599453,1.7832446116798184e-4
Independent,dub,1,2.572678157962439e-4,0.6931471805599453,1.7832446116798184e-4
Independent,earth,1,2.572678157962439e-4,0.6931471805599453,1.7832446116798184e-4
Independent,eaton,1,2.572678157962439e-4,0.6931471805599453,1.7832446116798184e-4
Independent,eberle,1,2.572678157962439e-4,0.6931471805599453,1.7832446116798184e-4
Independent,ecologist,1,2.572678157962439e-4,0.6931471805599453,1.7832446116798184e-4
Independent,ecology,1,2.572678157962439e-4,0.6931471805599453,1.7832446116798184e-4
Independent,economically,1,2.572678157962439e-4,0.6931471805599453,1.7832446116798184e-4
Independent,economy,1,2.572678157962439e-4,0.6931471805599453,1.7832446116798184e-4
Independent,effective,1,2.572678157962439e-4,0.6931471805599453,1.7832446116798184e-4
Independent,effectively,1,2.572678157962439e-4,0.6931471805599453,1.7832446116798184e-4
Independent,eightandahalf,1,2.572678157962439e-4,0.6931471805599453,1.7832446116798184e-4
Independent,emerge,1,2.572678157962439e-4,0.6931471805599453,1.7832446116798184e-4
Independent,empirical,1,2.572678157962439e-4,0.6931471805599453,1.7832446116798184e-4
Independent,empowerment,1,2.572678157962439e-4,0.6931471805599453,1.7832446116798184e-4
Independent,enjoy,1,2.572678157962439e-4,0.6931471805599453,1.7832446116798184e-4
Independent,entail,1,2.572678157962439e-4,0.6931471805599453,1.7832446116798184e-4
Independent,entanglement,1,2.572678157962439e-4,0.6931471805599453,1.7832446116798184e-4
Independent,enterprise,1,2.572678157962439e-4,0.6931471805599453,1.7832446116798184e-4
Independent,entitle,1,2.572678157962439e-4,0.6931471805599453,1.7832446116798184e-4
Independent,entity,1,2.572678157962439e-4,0.6931471805599453,1.7832446116798184e-4
Independent,entrench,1,2.572678157962439e-4,0.6931471805599453,1.7832446116798184e-4
Independent,entrepreneur,1,2.572678157962439e-4,0.6931471805599453,1.7832446116798184e-4
Independent,entry,1,2.572678157962439e-4,0.6931471805599453,1.7832446116798184e-4
Independent,environmentalinduced,1,2.572678157962439e-4,0.6931471805599453,1.7832446116798184e-4
Independent,envision,1,2.572678157962439e-4,0.6931471805599453,1.7832446116798184e-4
Independent,envoy,1,2.572678157962439e-4,0.6931471805599453,1.7832446116798184e-4
Independent,equally,1,2.572678157962439e-4,0.6931471805599453,1.7832446116798184e-4
Independent,equitable,1,2.572678157962439e-4,0.6931471805599453,1.7832446116798184e-4
Independent,equitably,1,2.572678157962439e-4,0.6931471805599453,1.7832446116798184e-4
Independent,erosion,1,2.572678157962439e-4,0.6931471805599453,1.7832446116798184e-4
Independent,erupt,1,2.572678157962439e-4,0.6931471805599453,1.7832446116798184e-4
Independent,essential,1,2.572678157962439e-4,0.6931471805599453,1.7832446116798184e-4
Independent,ethiopia,1,2.572678157962439e-4,0.6931471805599453,1.7832446116798184e-4
Independent,ethnically,1,2.572678157962439e-4,0.6931471805599453,1.7832446116798184e-4
Independent,ethnicity,1,2.572678157962439e-4,0.6931471805599453,1.7832446116798184e-4
Independent,evaluation,1,2.572678157962439e-4,0.6931471805599453,1.7832446116798184e-4
Independent,eventsat,1,2.572678157962439e-4,0.6931471805599453,1.7832446116798184e-4
Independent,eventually,1,2.572678157962439e-4,0.6931471805599453,1.7832446116798184e-4
Independent,excerpt,1,2.572678157962439e-4,0.6931471805599453,1.7832446116798184e-4
Independent,excessive,1,2.572678157962439e-4,0.6931471805599453,1.7832446116798184e-4
Independent,exclude,1,2.572678157962439e-4,0.6931471805599453,1.7832446116798184e-4
Independent,exemplify,1,2.572678157962439e-4,0.6931471805599453,1.7832446116798184e-4
Independent,exhibit,1,2.572678157962439e-4,0.6931471805599453,1.7832446116798184e-4
Independent,expensive,1,2.572678157962439e-4,0.6931471805599453,1.7832446116798184e-4
Independent,expertise,1,2.572678157962439e-4,0.6931471805599453,1.7832446116798184e-4
Independent,explanation,1,2.572678157962439e-4,0.6931471805599453,1.7832446116798184e-4
Independent,explore,1,2.572678157962439e-4,0.6931471805599453,1.7832446116798184e-4
Independent,external,1,2.572678157962439e-4,0.6931471805599453,1.7832446116798184e-4
Independent,extra,1,2.572678157962439e-4,0.6931471805599453,1.7832446116798184e-4
Independent,extrajudicial,1,2.572678157962439e-4,0.6931471805599453,1.7832446116798184e-4
Independent,eye,1,2.572678157962439e-4,0.6931471805599453,1.7832446116798184e-4
Independent,facility,1,2.572678157962439e-4,0.6931471805599453,1.7832446116798184e-4
Independent,factor,1,2.572678157962439e-4,0.6931471805599453,1.7832446116798184e-4
Independent,fall,1,2.572678157962439e-4,0.6931471805599453,1.7832446116798184e-4
Independent,farflung,1,2.572678157962439e-4,0.6931471805599453,1.7832446116798184e-4
Independent,farmer,1,2.572678157962439e-4,0.6931471805599453,1.7832446116798184e-4
Independent,fatten,1,2.572678157962439e-4,0.6931471805599453,1.7832446116798184e-4
Independent,fatuma,1,2.572678157962439e-4,0.6931471805599453,1.7832446116798184e-4
Independent,favor,1,2.572678157962439e-4,0.6931471805599453,1.7832446116798184e-4
Independent,favour,1,2.572678157962439e-4,0.6931471805599453,1.7832446116798184e-4
Independent,fellow,1,2.572678157962439e-4,0.6931471805599453,1.7832446116798184e-4
Independent,festus,1,2.572678157962439e-4,0.6931471805599453,1.7832446116798184e-4
Independent,fiasco,1,2.572678157962439e-4,0.6931471805599453,1.7832446116798184e-4
Independent,fieldwork,1,2.572678157962439e-4,0.6931471805599453,1.7832446116798184e-4
Independent,final,1,2.572678157962439e-4,0.6931471805599453,1.7832446116798184e-4
Independent,finish,1,2.572678157962439e-4,0.6931471805599453,1.7832446116798184e-4
Independent,firstever,1,2.572678157962439e-4,0.6931471805599453,1.7832446116798184e-4
Independent,fix,1,2.572678157962439e-4,0.6931471805599453,1.7832446116798184e-4
Independent,flaw,1,2.572678157962439e-4,0.6931471805599453,1.7832446116798184e-4
Independent,flood,1,2.572678157962439e-4,0.6931471805599453,1.7832446116798184e-4
Independent,flow,1,2.572678157962439e-4,0.6931471805599453,1.7832446116798184e-4
Independent,fluctuation,1,2.572678157962439e-4,0.6931471805599453,1.7832446116798184e-4
Independent,fold,1,2.572678157962439e-4,0.6931471805599453,1.7832446116798184e-4
Independent,force,1,2.572678157962439e-4,0.6931471805599453,1.7832446116798184e-4
Independent,forcefully,1,2.572678157962439e-4,0.6931471805599453,1.7832446116798184e-4
Independent,foreign,1,2.572678157962439e-4,0.6931471805599453,1.7832446116798184e-4
Independent,foresee,1,2.572678157962439e-4,0.6931471805599453,1.7832446116798184e-4
Independent,forthcoming,1,2.572678157962439e-4,0.6931471805599453,1.7832446116798184e-4
Independent,foundonly,1,2.572678157962439e-4,0.6931471805599453,1.7832446116798184e-4
Independent,fpic,1,2.572678157962439e-4,0.6931471805599453,1.7832446116798184e-4
Independent,fragile,1,2.572678157962439e-4,0.6931471805599453,1.7832446116798184e-4
Independent,fraudulent,1,2.572678157962439e-4,0.6931471805599453,1.7832446116798184e-4
Independent,freely,1,2.572678157962439e-4,0.6931471805599453,1.7832446116798184e-4
Independent,friend,1,2.572678157962439e-4,0.6931471805599453,1.7832446116798184e-4
Independent,fuel,1,2.572678157962439e-4,0.6931471805599453,1.7832446116798184e-4
Independent,function,1,2.572678157962439e-4,0.6931471805599453,1.7832446116798184e-4
Independent,funnel,1,2.572678157962439e-4,0.6931471805599453,1.7832446116798184e-4
Independent,gap,1,2.572678157962439e-4,0.6931471805599453,1.7832446116798184e-4
Independent,gas,1,2.572678157962439e-4,0.6931471805599453,1.7832446116798184e-4
Independent,gaze,1,2.572678157962439e-4,0.6931471805599453,1.7832446116798184e-4
Independent,genetic,1,2.572678157962439e-4,0.6931471805599453,1.7832446116798184e-4
Independent,genuine,1,2.572678157962439e-4,0.6931471805599453,1.7832446116798184e-4
Independent,geoffrey,1,2.572678157962439e-4,0.6931471805599453,1.7832446116798184e-4
Independent,geographically,1,2.572678157962439e-4,0.6931471805599453,1.7832446116798184e-4
Independent,ghost,1,2.572678157962439e-4,0.6931471805599453,1.7832446116798184e-4
Independent,ghs,1,2.572678157962439e-4,0.6931471805599453,1.7832446116798184e-4
Independent,globalisation,1,2.572678157962439e-4,0.6931471805599453,1.7832446116798184e-4
Independent,globalit,1,2.572678157962439e-4,0.6931471805599453,1.7832446116798184e-4
Independent,globalization,1,2.572678157962439e-4,0.6931471805599453,1.7832446116798184e-4
Independent,globalize,1,2.572678157962439e-4,0.6931471805599453,1.7832446116798184e-4
Independent,governmentsin,1,2.572678157962439e-4,0.6931471805599453,1.7832446116798184e-4
Independent,grasp,1,2.572678157962439e-4,0.6931471805599453,1.7832446116798184e-4
Independent,greenhouse,1,2.572678157962439e-4,0.6931471805599453,1.7832446116798184e-4
Independent,grouptwo,1,2.572678157962439e-4,0.6931471805599453,1.7832446116798184e-4
Independent,guard,1,2.572678157962439e-4,0.6931471805599453,1.7832446116798184e-4
Independent,guide,1,2.572678157962439e-4,0.6931471805599453,1.7832446116798184e-4
Independent,halkano,1,2.572678157962439e-4,0.6931471805599453,1.7832446116798184e-4
Independent,hardship,1,2.572678157962439e-4,0.6931471805599453,1.7832446116798184e-4
Independent,harsh,1,2.572678157962439e-4,0.6931471805599453,1.7832446116798184e-4
Independent,hectare,1,2.572678157962439e-4,0.6931471805599453,1.7832446116798184e-4
Independent,herdkeepers,1,2.572678157962439e-4,0.6931471805599453,1.7832446116798184e-4
Independent,hide,1,2.572678157962439e-4,0.6931471805599453,1.7832446116798184e-4
Independent,hierarchy,1,2.572678157962439e-4,0.6931471805599453,1.7832446116798184e-4
Independent,hill,1,2.572678157962439e-4,0.6931471805599453,1.7832446116798184e-4
Independent,holder,1,2.572678157962439e-4,0.6931471805599453,1.7832446116798184e-4
Independent,httpnrtcarbonprojectwordpresscom,1,2.572678157962439e-4,0.6931471805599453,1.7832446116798184e-4
Independent,huge,1,2.572678157962439e-4,0.6931471805599453,1.7832446116798184e-4
Independent,hundred,1,2.572678157962439e-4,0.6931471805599453,1.7832446116798184e-4
Independent,husband,1,2.572678157962439e-4,0.6931471805599453,1.7832446116798184e-4
Independent,husbandry,1,2.572678157962439e-4,0.6931471805599453,1.7832446116798184e-4
Independent,identity,1,2.572678157962439e-4,0.6931471805599453,1.7832446116798184e-4
Independent,ignore,1,2.572678157962439e-4,0.6931471805599453,1.7832446116798184e-4
Independent,illegal,1,2.572678157962439e-4,0.6931471805599453,1.7832446116798184e-4
Independent,illustrate,1,2.572678157962439e-4,0.6931471805599453,1.7832446116798184e-4
Independent,importantly,1,2.572678157962439e-4,0.6931471805599453,1.7832446116798184e-4
Independent,inability,1,2.572678157962439e-4,0.6931471805599453,1.7832446116798184e-4
Independent,inaccurateincomplete,1,2.572678157962439e-4,0.6931471805599453,1.7832446116798184e-4
Independent,inadequate,1,2.572678157962439e-4,0.6931471805599453,1.7832446116798184e-4
Independent,incentivization,1,2.572678157962439e-4,0.6931471805599453,1.7832446116798184e-4
Independent,incentivizing,1,2.572678157962439e-4,0.6931471805599453,1.7832446116798184e-4
Independent,incident,1,2.572678157962439e-4,0.6931471805599453,1.7832446116798184e-4
Independent,incorporate,1,2.572678157962439e-4,0.6931471805599453,1.7832446116798184e-4
Independent,increasingly,1,2.572678157962439e-4,0.6931471805599453,1.7832446116798184e-4
Independent,incur,1,2.572678157962439e-4,0.6931471805599453,1.7832446116798184e-4
Independent,independence,1,2.572678157962439e-4,0.6931471805599453,1.7832446116798184e-4
Independent,indepth,1,2.572678157962439e-4,0.6931471805599453,1.7832446116798184e-4
Independent,indirectly,1,2.572678157962439e-4,0.6931471805599453,1.7832446116798184e-4
Independent,infer,1,2.572678157962439e-4,0.6931471805599453,1.7832446116798184e-4
Independent,inhabitant,1,2.572678157962439e-4,0.6931471805599453,1.7832446116798184e-4
Independent,initially,1,2.572678157962439e-4,0.6931471805599453,1.7832446116798184e-4
Independent,initiate,1,2.572678157962439e-4,0.6931471805599453,1.7832446116798184e-4
Independent,injure,1,2.572678157962439e-4,0.6931471805599453,1.7832446116798184e-4
Independent,innovative,1,2.572678157962439e-4,0.6931471805599453,1.7832446116798184e-4
Independent,insecurity,1,2.572678157962439e-4,0.6931471805599453,1.7832446116798184e-4
Independent,instance,1,2.572678157962439e-4,0.6931471805599453,1.7832446116798184e-4
Independent,institution,1,2.572678157962439e-4,0.6931471805599453,1.7832446116798184e-4
Independent,institutional,1,2.572678157962439e-4,0.6931471805599453,1.7832446116798184e-4
Independent,institutionalize,1,2.572678157962439e-4,0.6931471805599453,1.7832446116798184e-4
Independent,instruction,1,2.572678157962439e-4,0.6931471805599453,1.7832446116798184e-4
Independent,integral,1,2.572678157962439e-4,0.6931471805599453,1.7832446116798184e-4
Independent,intelligible,1,2.572678157962439e-4,0.6931471805599453,1.7832446116798184e-4
Independent,intensification,1,2.572678157962439e-4,0.6931471805599453,1.7832446116798184e-4
Independent,intercounty,1,2.572678157962439e-4,0.6931471805599453,1.7832446116798184e-4
Independent,interference,1,2.572678157962439e-4,0.6931471805599453,1.7832446116798184e-4
Independent,intersect,1,2.572678157962439e-4,0.6931471805599453,1.7832446116798184e-4
Independent,invest,1,2.572678157962439e-4,0.6931471805599453,1.7832446116798184e-4
Independent,irrespective,1,2.572678157962439e-4,0.6931471805599453,1.7832446116798184e-4
Independent,isnt,1,2.572678157962439e-4,0.6931471805599453,1.7832446116798184e-4
Independent,itthis,1,2.572678157962439e-4,0.6931471805599453,1.7832446116798184e-4
Independent,jointly,1,2.572678157962439e-4,0.6931471805599453,1.7832446116798184e-4
Independent,killer,1,2.572678157962439e-4,0.6931471805599453,1.7832446116798184e-4
Independent,killing,1,2.572678157962439e-4,0.6931471805599453,1.7832446116798184e-4
Independent,kira,1,2.572678157962439e-4,0.6931471805599453,1.7832446116798184e-4
Independent,koricha,1,2.572678157962439e-4,0.6931471805599453,1.7832446116798184e-4
Independent,labor,1,2.572678157962439e-4,0.6931471805599453,1.7832446116798184e-4
Independent,laisamis,1,2.572678157962439e-4,0.6931471805599453,1.7832446116798184e-4
Independent,landexternal,1,2.572678157962439e-4,0.6931471805599453,1.7832446116798184e-4
Independent,landin,1,2.572678157962439e-4,0.6931471805599453,1.7832446116798184e-4
Independent,landuse,1,2.572678157962439e-4,0.6931471805599453,1.7832446116798184e-4
Independent,leadership,1,2.572678157962439e-4,0.6931471805599453,1.7832446116798184e-4
Independent,lease,1,2.572678157962439e-4,0.6931471805599453,1.7832446116798184e-4
Independent,leaveosman,1,2.572678157962439e-4,0.6931471805599453,1.7832446116798184e-4
Independent,legacy,1,2.572678157962439e-4,0.6931471805599453,1.7832446116798184e-4
Independent,legality,1,2.572678157962439e-4,0.6931471805599453,1.7832446116798184e-4
Independent,legalize,1,2.572678157962439e-4,0.6931471805599453,1.7832446116798184e-4
Independent,legitimacy,1,2.572678157962439e-4,0.6931471805599453,1.7832446116798184e-4
Independent,legitimate,1,2.572678157962439e-4,0.6931471805599453,1.7832446116798184e-4
Independent,legitimization,1,2.572678157962439e-4,0.6931471805599453,1.7832446116798184e-4
Independent,legitimize,1,2.572678157962439e-4,0.6931471805599453,1.7832446116798184e-4
Independent,leichenko,1,2.572678157962439e-4,0.6931471805599453,1.7832446116798184e-4
Independent,liberalization,1,2.572678157962439e-4,0.6931471805599453,1.7832446116798184e-4
Independent,license,1,2.572678157962439e-4,0.6931471805599453,1.7832446116798184e-4
Independent,lift,1,2.572678157962439e-4,0.6931471805599453,1.7832446116798184e-4
Independent,livelihoodsat,1,2.572678157962439e-4,0.6931471805599453,1.7832446116798184e-4
Independent,loan,1,2.572678157962439e-4,0.6931471805599453,1.7832446116798184e-4
Independent,lobby,1,2.572678157962439e-4,0.6931471805599453,1.7832446116798184e-4
Independent,locate,1,2.572678157962439e-4,0.6931471805599453,1.7832446116798184e-4
Independent,lock,1,2.572678157962439e-4,0.6931471805599453,1.7832446116798184e-4
Independent,lohmann,1,2.572678157962439e-4,0.6931471805599453,1.7832446116798184e-4
Independent,lokale,1,2.572678157962439e-4,0.6931471805599453,1.7832446116798184e-4
Independent,lot,1,2.572678157962439e-4,0.6931471805599453,1.7832446116798184e-4
Independent,lowinterest,1,2.572678157962439e-4,0.6931471805599453,1.7832446116798184e-4
Independent,lucrative,1,2.572678157962439e-4,0.6931471805599453,1.7832446116798184e-4
Independent,lunchrokicha,1,2.572678157962439e-4,0.6931471805599453,1.7832446116798184e-4
Independent,managementit,1,2.572678157962439e-4,0.6931471805599453,1.7832446116798184e-4
Independent,manipulation,1,2.572678157962439e-4,0.6931471805599453,1.7832446116798184e-4
Independent,manual,1,2.572678157962439e-4,0.6931471805599453,1.7832446116798184e-4
Independent,materialize,1,2.572678157962439e-4,0.6931471805599453,1.7832446116798184e-4
Independent,mathenge,1,2.572678157962439e-4,0.6931471805599453,1.7832446116798184e-4
Independent,maximum,1,2.572678157962439e-4,0.6931471805599453,1.7832446116798184e-4
Independent,meaningful,1,2.572678157962439e-4,0.6931471805599453,1.7832446116798184e-4
Independent,meaningfully,1,2.572678157962439e-4,0.6931471805599453,1.7832446116798184e-4
Independent,meattrading,1,2.572678157962439e-4,0.6931471805599453,1.7832446116798184e-4
Independent,melee,1,2.572678157962439e-4,0.6931471805599453,1.7832446116798184e-4
Independent,membersof,1,2.572678157962439e-4,0.6931471805599453,1.7832446116798184e-4
Independent,membersthis,1,2.572678157962439e-4,0.6931471805599453,1.7832446116798184e-4
Independent,mention,1,2.572678157962439e-4,0.6931471805599453,1.7832446116798184e-4
Independent,merticherab,1,2.572678157962439e-4,0.6931471805599453,1.7832446116798184e-4
Independent,meta,1,2.572678157962439e-4,0.6931471805599453,1.7832446116798184e-4
Independent,middleman,1,2.572678157962439e-4,0.6931471805599453,1.7832446116798184e-4
Independent,militia,1,2.572678157962439e-4,0.6931471805599453,1.7832446116798184e-4
Independent,millionaire,1,2.572678157962439e-4,0.6931471805599453,1.7832446116798184e-4
Independent,mineral,1,2.572678157962439e-4,0.6931471805599453,1.7832446116798184e-4
Independent,mismanage,1,2.572678157962439e-4,0.6931471805599453,1.7832446116798184e-4
Independent,mismanagement,1,2.572678157962439e-4,0.6931471805599453,1.7832446116798184e-4
Independent,miss,1,2.572678157962439e-4,0.6931471805599453,1.7832446116798184e-4
Independent,mix,1,2.572678157962439e-4,0.6931471805599453,1.7832446116798184e-4
Independent,mkutu,1,2.572678157962439e-4,0.6931471805599453,1.7832446116798184e-4
Independent,mobilization,1,2.572678157962439e-4,0.6931471805599453,1.7832446116798184e-4
Independent,monetary,1,2.572678157962439e-4,0.6931471805599453,1.7832446116798184e-4
Independent,morans,1,2.572678157962439e-4,0.6931471805599453,1.7832446116798184e-4
Independent,mosul,1,2.572678157962439e-4,0.6931471805599453,1.7832446116798184e-4
Independent,motive,1,2.572678157962439e-4,0.6931471805599453,1.7832446116798184e-4
Independent,mourn,1,2.572678157962439e-4,0.6931471805599453,1.7832446116798184e-4
Independent,mudwalled,1,2.572678157962439e-4,0.6931471805599453,1.7832446116798184e-4
Independent,multiyear,1,2.572678157962439e-4,0.6931471805599453,1.7832446116798184e-4
Independent,nairobi,1,2.572678157962439e-4,0.6931471805599453,1.7832446116798184e-4
Independent,nairobis,1,2.572678157962439e-4,0.6931471805599453,1.7832446116798184e-4
Independent,nakuprat,1,2.572678157962439e-4,0.6931471805599453,1.7832446116798184e-4
Independent,naturebased,1,2.572678157962439e-4,0.6931471805599453,1.7832446116798184e-4
Independent,ndirangu,1,2.572678157962439e-4,0.6931471805599453,1.7832446116798184e-4
Independent,necessarily,1,2.572678157962439e-4,0.6931471805599453,1.7832446116798184e-4
Independent,negligence,1,2.572678157962439e-4,0.6931471805599453,1.7832446116798184e-4
Independent,neighbor,1,2.572678157962439e-4,0.6931471805599453,1.7832446116798184e-4
Independent,neocolonialism,1,2.572678157962439e-4,0.6931471805599453,1.7832446116798184e-4
Independent,nephew,1,2.572678157962439e-4,0.6931471805599453,1.7832446116798184e-4
Independent,nestle,1,2.572678157962439e-4,0.6931471805599453,1.7832446116798184e-4
Independent,ngeno,1,2.572678157962439e-4,0.6931471805599453,1.7832446116798184e-4
Independent,nominate,1,2.572678157962439e-4,0.6931471805599453,1.7832446116798184e-4
Independent,noncompliance,1,2.572678157962439e-4,0.6931471805599453,1.7832446116798184e-4
Independent,nongovernmental,1,2.572678157962439e-4,0.6931471805599453,1.7832446116798184e-4
Independent,nonliterate,1,2.572678157962439e-4,0.6931471805599453,1.7832446116798184e-4
Independent,nonprofit,1,2.572678157962439e-4,0.6931471805599453,1.7832446116798184e-4
Independent,notify,1,2.572678157962439e-4,0.6931471805599453,1.7832446116798184e-4
Independent,nprs,1,2.572678157962439e-4,0.6931471805599453,1.7832446116798184e-4
Independent,nrtbranded,1,2.572678157962439e-4,0.6931471805599453,1.7832446116798184e-4
Independent,nrtissued,1,2.572678157962439e-4,0.6931471805599453,1.7832446116798184e-4
Independent,nrtprovided,1,2.572678157962439e-4,0.6931471805599453,1.7832446116798184e-4
Independent,nsca,1,2.572678157962439e-4,0.6931471805599453,1.7832446116798184e-4
Independent,oblige,1,2.572678157962439e-4,0.6931471805599453,1.7832446116798184e-4
Independent,obrien,1,2.572678157962439e-4,0.6931471805599453,1.7832446116798184e-4
Independent,office,1,2.572678157962439e-4,0.6931471805599453,1.7832446116798184e-4
Independent,officer,1,2.572678157962439e-4,0.6931471805599453,1.7832446116798184e-4
Independent,omoding,1,2.572678157962439e-4,0.6931471805599453,1.7832446116798184e-4
Independent,onbato,1,2.572678157962439e-4,0.6931471805599453,1.7832446116798184e-4
Independent,opaquealthough,1,2.572678157962439e-4,0.6931471805599453,1.7832446116798184e-4
Independent,opt,1,2.572678157962439e-4,0.6931471805599453,1.7832446116798184e-4
Independent,organisation,1,2.572678157962439e-4,0.6931471805599453,1.7832446116798184e-4
Independent,original,1,2.572678157962439e-4,0.6931471805599453,1.7832446116798184e-4
Independent,originally,1,2.572678157962439e-4,0.6931471805599453,1.7832446116798184e-4
Independent,originate,1,2.572678157962439e-4,0.6931471805599453,1.7832446116798184e-4
Independent,osmanfor,1,2.572678157962439e-4,0.6931471805599453,1.7832446116798184e-4
Independent,outright,1,2.572678157962439e-4,0.6931471805599453,1.7832446116798184e-4
Independent,outskirts,1,2.572678157962439e-4,0.6931471805599453,1.7832446116798184e-4
Independent,overarch,1,2.572678157962439e-4,0.6931471805599453,1.7832446116798184e-4
Independent,overinquisitive,1,2.572678157962439e-4,0.6931471805599453,1.7832446116798184e-4
Independent,overlook,1,2.572678157962439e-4,0.6931471805599453,1.7832446116798184e-4
Independent,owino,1,2.572678157962439e-4,0.6931471805599453,1.7832446116798184e-4
Independent,ownedsurvival,1,2.572678157962439e-4,0.6931471805599453,1.7832446116798184e-4
Independent,page,1,2.572678157962439e-4,0.6931471805599453,1.7832446116798184e-4
Independent,paint,1,2.572678157962439e-4,0.6931471805599453,1.7832446116798184e-4
Independent,paralegal,1,2.572678157962439e-4,0.6931471805599453,1.7832446116798184e-4
Independent,participatory,1,2.572678157962439e-4,0.6931471805599453,1.7832446116798184e-4
Independent,partly,1,2.572678157962439e-4,0.6931471805599453,1.7832446116798184e-4
Independent,pastoralistsconclusion,1,2.572678157962439e-4,0.6931471805599453,1.7832446116798184e-4
Independent,patrol,1,2.572678157962439e-4,0.6931471805599453,1.7832446116798184e-4
Independent,pause,1,2.572678157962439e-4,0.6931471805599453,1.7832446116798184e-4
Independent,payroll,1,2.572678157962439e-4,0.6931471805599453,1.7832446116798184e-4
Independent,pearce,1,2.572678157962439e-4,0.6931471805599453,1.7832446116798184e-4
Independent,peel,1,2.572678157962439e-4,0.6931471805599453,1.7832446116798184e-4
Independent,percentage,1,2.572678157962439e-4,0.6931471805599453,1.7832446116798184e-4
Independent,permanence,1,2.572678157962439e-4,0.6931471805599453,1.7832446116798184e-4
Independent,perpetuate,1,2.572678157962439e-4,0.6931471805599453,1.7832446116798184e-4
Independent,persistent,1,2.572678157962439e-4,0.6931471805599453,1.7832446116798184e-4
Independent,petition,1,2.572678157962439e-4,0.6931471805599453,1.7832446116798184e-4
Independent,photographic,1,2.572678157962439e-4,0.6931471805599453,1.7832446116798184e-4
Independent,pinette,1,2.572678157962439e-4,0.6931471805599453,1.7832446116798184e-4
Independent,pioneer,1,2.572678157962439e-4,0.6931471805599453,1.7832446116798184e-4
Independent,pir,1,2.572678157962439e-4,0.6931471805599453,1.7832446116798184e-4
Independent,play,1,2.572678157962439e-4,0.6931471805599453,1.7832446116798184e-4
Independent,plentiful,1,2.572678157962439e-4,0.6931471805599453,1.7832446116798184e-4
Independent,polarization,1,2.572678157962439e-4,0.6931471805599453,1.7832446116798184e-4
Independent,politician,1,2.572678157962439e-4,0.6931471805599453,1.7832446116798184e-4
Independent,politicization,1,2.572678157962439e-4,0.6931471805599453,1.7832446116798184e-4
Independent,positively,1,2.572678157962439e-4,0.6931471805599453,1.7832446116798184e-4
Independent,postelection,1,2.572678157962439e-4,0.6931471805599453,1.7832446116798184e-4
Independent,potato,1,2.572678157962439e-4,0.6931471805599453,1.7832446116798184e-4
Independent,precisely,1,2.572678157962439e-4,0.6931471805599453,1.7832446116798184e-4
Independent,predominantly,1,2.572678157962439e-4,0.6931471805599453,1.7832446116798184e-4
Independent,prescribe,1,2.572678157962439e-4,0.6931471805599453,1.7832446116798184e-4
Independent,press,1,2.572678157962439e-4,0.6931471805599453,1.7832446116798184e-4
Independent,prevail,1,2.572678157962439e-4,0.6931471805599453,1.7832446116798184e-4
Independent,prevention,1,2.572678157962439e-4,0.6931471805599453,1.7832446116798184e-4
Independent,previously,1,2.572678157962439e-4,0.6931471805599453,1.7832446116798184e-4
Independent,primarily,1,2.572678157962439e-4,0.6931471805599453,1.7832446116798184e-4
Independent,prime,1,2.572678157962439e-4,0.6931471805599453,1.7832446116798184e-4
Independent,primitive,1,2.572678157962439e-4,0.6931471805599453,1.7832446116798184e-4
Independent,probe,1,2.572678157962439e-4,0.6931471805599453,1.7832446116798184e-4
Independent,problematic,1,2.572678157962439e-4,0.6931471805599453,1.7832446116798184e-4
Independent,procedurally,1,2.572678157962439e-4,0.6931471805599453,1.7832446116798184e-4
Independent,proclaim,1,2.572678157962439e-4,0.6931471805599453,1.7832446116798184e-4
Independent,profess,1,2.572678157962439e-4,0.6931471805599453,1.7832446116798184e-4
Independent,profitoriented,1,2.572678157962439e-4,0.6931471805599453,1.7832446116798184e-4
Independent,projecthas,1,2.572678157962439e-4,0.6931471805599453,1.7832446116798184e-4
Independent,prominently,1,2.572678157962439e-4,0.6931471805599453,1.7832446116798184e-4
Independent,promulgation,1,2.572678157962439e-4,0.6931471805599453,1.7832446116798184e-4
Independent,prone,1,2.572678157962439e-4,0.6931471805599453,1.7832446116798184e-4
Independent,property,1,2.572678157962439e-4,0.6931471805599453,1.7832446116798184e-4
Independent,proximity,1,2.572678157962439e-4,0.6931471805599453,1.7832446116798184e-4
Independent,purchase,1,2.572678157962439e-4,0.6931471805599453,1.7832446116798184e-4
Independent,purport,1,2.572678157962439e-4,0.6931471805599453,1.7832446116798184e-4
Independent,purportedly,1,2.572678157962439e-4,0.6931471805599453,1.7832446116798184e-4
Independent,quorum,1,2.572678157962439e-4,0.6931471805599453,1.7832446116798184e-4
Independent,rain,1,2.572678157962439e-4,0.6931471805599453,1.7832446116798184e-4
Independent,rainsin,1,2.572678157962439e-4,0.6931471805599453,1.7832446116798184e-4
Independent,rainy,1,2.572678157962439e-4,0.6931471805599453,1.7832446116798184e-4
Independent,rancher,1,2.572678157962439e-4,0.6931471805599453,1.7832446116798184e-4
Independent,ranchesconservancies,1,2.572678157962439e-4,0.6931471805599453,1.7832446116798184e-4
Independent,rapidly,1,2.572678157962439e-4,0.6931471805599453,1.7832446116798184e-4
Independent,readily,1,2.572678157962439e-4,0.6931471805599453,1.7832446116798184e-4
Independent,readiness,1,2.572678157962439e-4,0.6931471805599453,1.7832446116798184e-4
Independent,reallocation,1,2.572678157962439e-4,0.6931471805599453,1.7832446116798184e-4
Independent,reap,1,2.572678157962439e-4,0.6931471805599453,1.7832446116798184e-4
Independent,recall,1,2.572678157962439e-4,0.6931471805599453,1.7832446116798184e-4
Independent,receipt,1,2.572678157962439e-4,0.6931471805599453,1.7832446116798184e-4
Independent,recipient,1,2.572678157962439e-4,0.6931471805599453,1.7832446116798184e-4
Independent,recommendation,1,2.572678157962439e-4,0.6931471805599453,1.7832446116798184e-4
Independent,reelect,1,2.572678157962439e-4,0.6931471805599453,1.7832446116798184e-4
Independent,reference,1,2.572678157962439e-4,0.6931471805599453,1.7832446116798184e-4
Independent,refuse,1,2.572678157962439e-4,0.6931471805599453,1.7832446116798184e-4
Independent,registeredthe,1,2.572678157962439e-4,0.6931471805599453,1.7832446116798184e-4
Independent,registry,1,2.572678157962439e-4,0.6931471805599453,1.7832446116798184e-4
Independent,regulate,1,2.572678157962439e-4,0.6931471805599453,1.7832446116798184e-4
Independent,reinforce,1,2.572678157962439e-4,0.6931471805599453,1.7832446116798184e-4
Independent,reinstate,1,2.572678157962439e-4,0.6931471805599453,1.7832446116798184e-4
Independent,release,1,2.572678157962439e-4,0.6931471805599453,1.7832446116798184e-4
Independent,reliable,1,2.572678157962439e-4,0.6931471805599453,1.7832446116798184e-4
Independent,reliance,1,2.572678157962439e-4,0.6931471805599453,1.7832446116798184e-4
Independent,remoteness,1,2.572678157962439e-4,0.6931471805599453,1.7832446116798184e-4
Independent,repayment,1,2.572678157962439e-4,0.6931471805599453,1.7832446116798184e-4
Independent,replace,1,2.572678157962439e-4,0.6931471805599453,1.7832446116798184e-4
Independent,reposted,1,2.572678157962439e-4,0.6931471805599453,1.7832446116798184e-4
Independent,researcher,1,2.572678157962439e-4,0.6931471805599453,1.7832446116798184e-4
Independent,resentment,1,2.572678157962439e-4,0.6931471805599453,1.7832446116798184e-4
Independent,resourcesharing,1,2.572678157962439e-4,0.6931471805599453,1.7832446116798184e-4
Independent,responsibility,1,2.572678157962439e-4,0.6931471805599453,1.7832446116798184e-4
Independent,responsible,1,2.572678157962439e-4,0.6931471805599453,1.7832446116798184e-4
Independent,restaurant,1,2.572678157962439e-4,0.6931471805599453,1.7832446116798184e-4
Independent,restock,1,2.572678157962439e-4,0.6931471805599453,1.7832446116798184e-4
Independent,retain,1,2.572678157962439e-4,0.6931471805599453,1.7832446116798184e-4
Independent,retire,1,2.572678157962439e-4,0.6931471805599453,1.7832446116798184e-4
Independent,reveal,1,2.572678157962439e-4,0.6931471805599453,1.7832446116798184e-4
Independent,revenge,1,2.572678157962439e-4,0.6931471805599453,1.7832446116798184e-4
Independent,reward,1,2.572678157962439e-4,0.6931471805599453,1.7832446116798184e-4
Independent,rhino,1,2.572678157962439e-4,0.6931471805599453,1.7832446116798184e-4
Independent,rifle,1,2.572678157962439e-4,0.6931471805599453,1.7832446116798184e-4
Independent,roam,1,2.572678157962439e-4,0.6931471805599453,1.7832446116798184e-4
Independent,robas,1,2.572678157962439e-4,0.6931471805599453,1.7832446116798184e-4
Independent,robsentu,1,2.572678157962439e-4,0.6931471805599453,1.7832446116798184e-4
Independent,root,1,2.572678157962439e-4,0.6931471805599453,1.7832446116798184e-4
Independent,round,1,2.572678157962439e-4,0.6931471805599453,1.7832446116798184e-4
Independent,rugged,1,2.572678157962439e-4,0.6931471805599453,1.7832446116798184e-4
Independent,rumor,1,2.572678157962439e-4,0.6931471805599453,1.7832446116798184e-4
Independent,run,1,2.572678157962439e-4,0.6931471805599453,1.7832446116798184e-4
Independent,rustlers,1,2.572678157962439e-4,0.6931471805599453,1.7832446116798184e-4
Independent,ruto,1,2.572678157962439e-4,0.6931471805599453,1.7832446116798184e-4
Independent,sad,1,2.572678157962439e-4,0.6931471805599453,1.7832446116798184e-4
Independent,saidfatuma,1,2.572678157962439e-4,0.6931471805599453,1.7832446116798184e-4
Independent,saidosman,1,2.572678157962439e-4,0.6931471805599453,1.7832446116798184e-4
Independent,saidsome,1,2.572678157962439e-4,0.6931471805599453,1.7832446116798184e-4
Independent,saidwhile,1,2.572678157962439e-4,0.6931471805599453,1.7832446116798184e-4
Independent,sanctuary,1,2.572678157962439e-4,0.6931471805599453,1.7832446116798184e-4
Independent,satisfy,1,2.572678157962439e-4,0.6931471805599453,1.7832446116798184e-4
Independent,saturday,1,2.572678157962439e-4,0.6931471805599453,1.7832446116798184e-4
Independent,scam,1,2.572678157962439e-4,0.6931471805599453,1.7832446116798184e-4
Independent,scan,1,2.572678157962439e-4,0.6931471805599453,1.7832446116798184e-4
Independent,scarce,1,2.572678157962439e-4,0.6931471805599453,1.7832446116798184e-4
Independent,scare,1,2.572678157962439e-4,0.6931471805599453,1.7832446116798184e-4
Independent,schilling,1,2.572678157962439e-4,0.6931471805599453,1.7832446116798184e-4
Independent,schlee,1,2.572678157962439e-4,0.6931471805599453,1.7832446116798184e-4
Independent,scholarship,1,2.572678157962439e-4,0.6931471805599453,1.7832446116798184e-4
Independent,school,1,2.572678157962439e-4,0.6931471805599453,1.7832446116798184e-4
Independent,scrap,1,2.572678157962439e-4,0.6931471805599453,1.7832446116798184e-4
Independent,search,1,2.572678157962439e-4,0.6931471805599453,1.7832446116798184e-4
Independent,secretary,1,2.572678157962439e-4,0.6931471805599453,1.7832446116798184e-4
Independent,seemingly,1,2.572678157962439e-4,0.6931471805599453,1.7832446116798184e-4
Independent,selfsufficiency,1,2.572678157962439e-4,0.6931471805599453,1.7832446116798184e-4
Independent,sensitize,1,2.572678157962439e-4,0.6931471805599453,1.7832446116798184e-4
Independent,separately,1,2.572678157962439e-4,0.6931471805599453,1.7832446116798184e-4
Independent,sereolipi,1,2.572678157962439e-4,0.6931471805599453,1.7832446116798184e-4
Independent,series,1,2.572678157962439e-4,0.6931471805599453,1.7832446116798184e-4
Independent,setup,1,2.572678157962439e-4,0.6931471805599453,1.7832446116798184e-4
Independent,severely,1,2.572678157962439e-4,0.6931471805599453,1.7832446116798184e-4
Independent,sharamo,1,2.572678157962439e-4,0.6931471805599453,1.7832446116798184e-4
Independent,shibias,1,2.572678157962439e-4,0.6931471805599453,1.7832446116798184e-4
Independent,shock,1,2.572678157962439e-4,0.6931471805599453,1.7832446116798184e-4
Independent,shoot,1,2.572678157962439e-4,0.6931471805599453,1.7832446116798184e-4
Independent,shop,1,2.572678157962439e-4,0.6931471805599453,1.7832446116798184e-4
Independent,siege,1,2.572678157962439e-4,0.6931471805599453,1.7832446116798184e-4
Independent,significance,1,2.572678157962439e-4,0.6931471805599453,1.7832446116798184e-4
Independent,similarly,1,2.572678157962439e-4,0.6931471805599453,1.7832446116798184e-4
Independent,simultaneous,1,2.572678157962439e-4,0.6931471805599453,1.7832446116798184e-4
Independent,situate,1,2.572678157962439e-4,0.6931471805599453,1.7832446116798184e-4
Independent,skeptical,1,2.572678157962439e-4,0.6931471805599453,1.7832446116798184e-4
Independent,socially,1,2.572678157962439e-4,0.6931471805599453,1.7832446116798184e-4
Independent,soilbased,1,2.572678157962439e-4,0.6931471805599453,1.7832446116798184e-4
Independent,soontobe,1,2.572678157962439e-4,0.6931471805599453,1.7832446116798184e-4
Independent,spearhead,1,2.572678157962439e-4,0.6931471805599453,1.7832446116798184e-4
Independent,spv,1,2.572678157962439e-4,0.6931471805599453,1.7832446116798184e-4
Independent,stablish,1,2.572678157962439e-4,0.6931471805599453,1.7832446116798184e-4
Independent,statedwe,1,2.572678157962439e-4,0.6931471805599453,1.7832446116798184e-4
Independent,statement,1,2.572678157962439e-4,0.6931471805599453,1.7832446116798184e-4
Independent,step,1,2.572678157962439e-4,0.6931471805599453,1.7832446116798184e-4
Independent,stop,1,2.572678157962439e-4,0.6931471805599453,1.7832446116798184e-4
Independent,storage,1,2.572678157962439e-4,0.6931471805599453,1.7832446116798184e-4
Independent,straight,1,2.572678157962439e-4,0.6931471805599453,1.7832446116798184e-4
Independent,stretch,1,2.572678157962439e-4,0.6931471805599453,1.7832446116798184e-4
Independent,strike,1,2.572678157962439e-4,0.6931471805599453,1.7832446116798184e-4
Independent,substantive,1,2.572678157962439e-4,0.6931471805599453,1.7832446116798184e-4
Independent,suitable,1,2.572678157962439e-4,0.6931471805599453,1.7832446116798184e-4
Independent,sum,1,2.572678157962439e-4,0.6931471805599453,1.7832446116798184e-4
Independent,supplant,1,2.572678157962439e-4,0.6931471805599453,1.7832446116798184e-4
Independent,supposedly,1,2.572678157962439e-4,0.6931471805599453,1.7832446116798184e-4
Independent,supremacy,1,2.572678157962439e-4,0.6931471805599453,1.7832446116798184e-4
Independent,surge,1,2.572678157962439e-4,0.6931471805599453,1.7832446116798184e-4
Independent,suspend,1,2.572678157962439e-4,0.6931471805599453,1.7832446116798184e-4
Independent,suspicion,1,2.572678157962439e-4,0.6931471805599453,1.7832446116798184e-4
Independent,suwo,1,2.572678157962439e-4,0.6931471805599453,1.7832446116798184e-4
Independent,sweep,1,2.572678157962439e-4,0.6931471805599453,1.7832446116798184e-4
Independent,sweet,1,2.572678157962439e-4,0.6931471805599453,1.7832446116798184e-4
Independent,sword,1,2.572678157962439e-4,0.6931471805599453,1.7832446116798184e-4
Independent,systemic,1,2.572678157962439e-4,0.6931471805599453,1.7832446116798184e-4
Independent,systemnrt,1,2.572678157962439e-4,0.6931471805599453,1.7832446116798184e-4
Independent,tactic,1,2.572678157962439e-4,0.6931471805599453,1.7832446116798184e-4
Independent,takenthree,1,2.572678157962439e-4,0.6931471805599453,1.7832446116798184e-4
Independent,temporary,1,2.572678157962439e-4,0.6931471805599453,1.7832446116798184e-4
Independent,tension,1,2.572678157962439e-4,0.6931471805599453,1.7832446116798184e-4
Independent,thatthe,1,2.572678157962439e-4,0.6931471805599453,1.7832446116798184e-4
Independent,thecosts,1,2.572678157962439e-4,0.6931471805599453,1.7832446116798184e-4
Independent,thereof,1,2.572678157962439e-4,0.6931471805599453,1.7832446116798184e-4
Independent,thin,1,2.572678157962439e-4,0.6931471805599453,1.7832446116798184e-4
Independent,thirteen,1,2.572678157962439e-4,0.6931471805599453,1.7832446116798184e-4
Independent,thorny,1,2.572678157962439e-4,0.6931471805599453,1.7832446116798184e-4
Independent,throw,1,2.572678157962439e-4,0.6931471805599453,1.7832446116798184e-4
Independent,tie,1,2.572678157962439e-4,0.6931471805599453,1.7832446116798184e-4
Independent,timely,1,2.572678157962439e-4,0.6931471805599453,1.7832446116798184e-4
Independent,tinroof,1,2.572678157962439e-4,0.6931471805599453,1.7832446116798184e-4
Independent,tone,1,2.572678157962439e-4,0.6931471805599453,1.7832446116798184e-4
Independent,top,1,2.572678157962439e-4,0.6931471805599453,1.7832446116798184e-4
Independent,topdown,1,2.572678157962439e-4,0.6931471805599453,1.7832446116798184e-4
Independent,totally,1,2.572678157962439e-4,0.6931471805599453,1.7832446116798184e-4
Independent,tragedy,1,2.572678157962439e-4,0.6931471805599453,1.7832446116798184e-4
Independent,transfer,1,2.572678157962439e-4,0.6931471805599453,1.7832446116798184e-4
Independent,transparent,1,2.572678157962439e-4,0.6931471805599453,1.7832446116798184e-4
Independent,treat,1,2.572678157962439e-4,0.6931471805599453,1.7832446116798184e-4
Independent,true,1,2.572678157962439e-4,0.6931471805599453,1.7832446116798184e-4
Independent,twenty,1,2.572678157962439e-4,0.6931471805599453,1.7832446116798184e-4
Independent,uganda,1,2.572678157962439e-4,0.6931471805599453,1.7832446116798184e-4
Independent,ultimately,1,2.572678157962439e-4,0.6931471805599453,1.7832446116798184e-4
Independent,unable,1,2.572678157962439e-4,0.6931471805599453,1.7832446116798184e-4
Independent,unaware,1,2.572678157962439e-4,0.6931471805599453,1.7832446116798184e-4
Independent,unconditional,1,2.572678157962439e-4,0.6931471805599453,1.7832446116798184e-4
Independent,unconvinced,1,2.572678157962439e-4,0.6931471805599453,1.7832446116798184e-4
Independent,underdevelopment,1,2.572678157962439e-4,0.6931471805599453,1.7832446116798184e-4
Independent,unequal,1,2.572678157962439e-4,0.6931471805599453,1.7832446116798184e-4
Independent,unequivocally,1,2.572678157962439e-4,0.6931471805599453,1.7832446116798184e-4
Independent,unevenly,1,2.572678157962439e-4,0.6931471805599453,1.7832446116798184e-4
Independent,unintended,1,2.572678157962439e-4,0.6931471805599453,1.7832446116798184e-4
Independent,unjust,1,2.572678157962439e-4,0.6931471805599453,1.7832446116798184e-4
Independent,unjustified,1,2.572678157962439e-4,0.6931471805599453,1.7832446116798184e-4
Independent,unmarried,1,2.572678157962439e-4,0.6931471805599453,1.7832446116798184e-4
Independent,unplanned,1,2.572678157962439e-4,0.6931471805599453,1.7832446116798184e-4
Independent,unprecedented,1,2.572678157962439e-4,0.6931471805599453,1.7832446116798184e-4
Independent,unregistered,1,2.572678157962439e-4,0.6931471805599453,1.7832446116798184e-4
Independent,unsuccessful,1,2.572678157962439e-4,0.6931471805599453,1.7832446116798184e-4
Independent,unusual,1,2.572678157962439e-4,0.6931471805599453,1.7832446116798184e-4
Independent,upfront,1,2.572678157962439e-4,0.6931471805599453,1.7832446116798184e-4
Independent,uphold,1,2.572678157962439e-4,0.6931471805599453,1.7832446116798184e-4
Independent,vague,1,2.572678157962439e-4,0.6931471805599453,1.7832446116798184e-4
Independent,validatorverifier,1,2.572678157962439e-4,0.6931471805599453,1.7832446116798184e-4
Independent,valuethe,1,2.572678157962439e-4,0.6931471805599453,1.7832446116798184e-4
Independent,vehemently,1,2.572678157962439e-4,0.6931471805599453,1.7832446116798184e-4
Independent,vehiclesthe,1,2.572678157962439e-4,0.6931471805599453,1.7832446116798184e-4
Independent,vera,1,2.572678157962439e-4,0.6931471805599453,1.7832446116798184e-4
Independent,vermontbased,1,2.572678157962439e-4,0.6931471805599453,1.7832446116798184e-4
Independent,victory,1,2.572678157962439e-4,0.6931471805599453,1.7832446116798184e-4
Independent,viii,1,2.572678157962439e-4,0.6931471805599453,1.7832446116798184e-4
Independent,villagethe,1,2.572678157962439e-4,0.6931471805599453,1.7832446116798184e-4
Independent,vivid,1,2.572678157962439e-4,0.6931471805599453,1.7832446116798184e-4
Independent,voice,1,2.572678157962439e-4,0.6931471805599453,1.7832446116798184e-4
Independent,wait,1,2.572678157962439e-4,0.6931471805599453,1.7832446116798184e-4
Independent,walk,1,2.572678157962439e-4,0.6931471805599453,1.7832446116798184e-4
Independent,waso,1,2.572678157962439e-4,0.6931471805599453,1.7832446116798184e-4
Independent,weakly,1,2.572678157962439e-4,0.6931471805599453,1.7832446116798184e-4
Independent,week,1,2.572678157962439e-4,0.6931471805599453,1.7832446116798184e-4
Independent,weeksthis,1,2.572678157962439e-4,0.6931471805599453,1.7832446116798184e-4
Independent,weight,1,2.572678157962439e-4,0.6931471805599453,1.7832446116798184e-4
Independent,weldemichel,1,2.572678157962439e-4,0.6931471805599453,1.7832446116798184e-4
Independent,wellgoverned,1,2.572678157962439e-4,0.6931471805599453,1.7832446116798184e-4
Independent,white,1,2.572678157962439e-4,0.6931471805599453,1.7832446116798184e-4
Independent,wife,1,2.572678157962439e-4,0.6931471805599453,1.7832446116798184e-4
Independent,wild,1,2.572678157962439e-4,0.6931471805599453,1.7832446116798184e-4
Independent,william,1,2.572678157962439e-4,0.6931471805599453,1.7832446116798184e-4
Independent,witsenburg,1,2.572678157962439e-4,0.6931471805599453,1.7832446116798184e-4
Independent,woeful,1,2.572678157962439e-4,0.6931471805599453,1.7832446116798184e-4
official,household,104,0.029082774049217,0,0
official,graze,103,0.028803131991051455,0,0
official,benefit,63,0.01761744966442953,0,0
Independent,land,54,0.01389246205299717,0,0
official,plan,54,0.015100671140939598,0,0
official,livestock,49,0.013702460850111857,0,0
official,increase,46,0.012863534675615212,0,0
official,survey,45,0.012583892617449664,0,0
official,woman,37,0.01034675615212528,0,0
official,social,35,0.009787472035794184,0,0
official,stakeholder,35,0.009787472035794184,0,0
official,activity,34,0.009507829977628635,0,0
Independent,graze,31,0.00797530228968356,0,0
Independent,provide,31,0.00797530228968356,0,0
official,baseline,30,0.008389261744966443,0,0
official,impact,29,0.008109619686800894,0,0
Independent,livestock,27,0.006946231026498585,0,0
Independent,fund,25,0.006431695394906097,0,0
Independent,benefit,23,0.005917159763313609,0,0
Independent,resource,23,0.005917159763313609,0,0
official,provide,23,0.006431767337807606,0,0
Independent,conflict,22,0.005659891947517366,0,0
Independent,market,22,0.005659891947517366,0,0
official,committee,22,0.006152125279642058,0,0
official,period,22,0.006152125279642058,0,0
official,water,22,0.006152125279642058,0,0
official,agreement,21,0.00587248322147651,0,0
Independent,agreement,20,0.005145356315924878,0,0
Independent,local,20,0.005145356315924878,0,0
official,datum,20,0.005592841163310962,0,0
official,meeting,20,0.005592841163310962,0,0
official,monitor,20,0.005592841163310962,0,0
Independent,conservation,19,0.004888088500128634,0,0
official,climate,19,0.005313199105145414,0,0
official,result,19,0.005313199105145414,0,0
official,revenue,19,0.005313199105145414,0,0
Independent,pastoralist,18,0.00463082068433239,0,0
Independent,climate,17,0.004373552868536146,0,0
official,include,17,0.0047539149888143175,0,0
official,poor,17,0.0047539149888143175,0,0
Independent,revenue,16,0.004116285052739903,0,0
Independent,wildlife,16,0.004116285052739903,0,0
official,change,16,0.0044742729306487695,0,0
Independent,document,15,0.0038590172369436584,0,0
Independent,sell,15,0.0038590172369436584,0,0
Independent,soil,15,0.0038590172369436584,0,0
official,effort,15,0.0041946308724832215,0,0
official,information,15,0.0041946308724832215,0,0
Independent,follow,14,0.0036017494211474143,0,0
Independent,information,14,0.0036017494211474143,0,0
official,conduct,14,0.0039149888143176735,0,0
official,improve,14,0.0039149888143176735,0,0
official,income,14,0.0039149888143176735,0,0
official,response,14,0.0039149888143176735,0,0
official,security,14,0.0039149888143176735,0,0
official,soil,14,0.0039149888143176735,0,0
Independent,activity,13,0.0033444816053511705,0,0
Independent,cattle,13,0.0033444816053511705,0,0
Independent,change,13,0.0033444816053511705,0,0
Independent,legal,13,0.0033444816053511705,0,0
Independent,time,13,0.0033444816053511705,0,0
official,coordinator,13,0.003635346756152125,0,0
official,drought,13,0.003635346756152125,0,0
official,forage,13,0.003635346756152125,0,0
official,herder,13,0.003635346756152125,0,0
official,identify,13,0.003635346756152125,0,0
official,key,13,0.003635346756152125,0,0
official,month,13,0.003635346756152125,0,0
official,question,13,0.003635346756152125,0,0
official,share,13,0.003635346756152125,0,0
official,time,13,0.003635346756152125,0,0
Independent,board,12,0.0030872137895549268,0,0
Independent,indigenous,12,0.0030872137895549268,0,0
Independent,issue,12,0.0030872137895549268,0,0
Independent,participate,12,0.0030872137895549268,0,0
official,cattle,12,0.003355704697986577,0,0
official,chairman,12,0.003355704697986577,0,0
official,land,12,0.003355704697986577,0,0
official,participate,12,0.003355704697986577,0,0
official,people,12,0.003355704697986577,0,0
official,season,12,0.003355704697986577,0,0
Independent,access,11,0.002829945973758683,0,0
Independent,accord,11,0.002829945973758683,0,0
Independent,livelihood,11,0.002829945973758683,0,0
Independent,note,11,0.002829945973758683,0,0
Independent,process,11,0.002829945973758683,0,0
official,communicate,11,0.003076062639821029,0,0
official,expect,11,0.003076062639821029,0,0
official,focus,11,0.003076062639821029,0,0
official,follow,11,0.003076062639821029,0,0
official,head,11,0.003076062639821029,0,0
official,hold,11,0.003076062639821029,0,0
official,implementation,11,0.003076062639821029,0,0
official,multiple,11,0.003076062639821029,0,0
official,net,11,0.003076062639821029,0,0
official,past,11,0.003076062639821029,0,0
Independent,address,10,0.002572678157962439,0,0
Independent,consultation,10,0.002572678157962439,0,0
Independent,date,10,0.002572678157962439,0,0
Independent,establish,10,0.002572678157962439,0,0
Independent,evidence,10,0.002572678157962439,0,0
Independent,herder,10,0.002572678157962439,0,0
Independent,include,10,0.002572678157962439,0,0
Independent,international,10,0.002572678157962439,0,0
Independent,people,10,0.002572678157962439,0,0
Independent,period,10,0.002572678157962439,0,0
Independent,samburu,10,0.002572678157962439,0,0
Independent,traditional,10,0.002572678157962439,0,0
official,condition,10,0.002796420581655481,0,0
official,form,10,0.002796420581655481,0,0
official,interview,10,0.002796420581655481,0,0
official,manager,10,0.002796420581655481,0,0
official,numb,10,0.002796420581655481,0,0
official,reduce,10,0.002796420581655481,0,0
official,represent,10,0.002796420581655481,0,0
Independent,consent,9,0.002315410342166195,0,0
Independent,distribute,9,0.002315410342166195,0,0
Independent,due,9,0.002315410342166195,0,0
Independent,implement,9,0.002315410342166195,0,0
Independent,inform,9,0.002315410342166195,0,0
Independent,management,9,0.002315410342166195,0,0
Independent,share,9,0.002315410342166195,0,0
Independent,social,9,0.002315410342166195,0,0
official,access,9,0.0025167785234899327,0,0
official,continue,9,0.0025167785234899327,0,0
official,demonstrate,9,0.0025167785234899327,0,0
official,discuss,9,0.0025167785234899327,0,0
official,experience,9,0.0025167785234899327,0,0
official,governance,9,0.0025167785234899327,0,0
official,low,9,0.0025167785234899327,0,0
official,management,9,0.0025167785234899327,0,0
official,public,9,0.0025167785234899327,0,0
official,size,9,0.0025167785234899327,0,0
official,support,9,0.0025167785234899327,0,0
official,wellbeing,9,0.0025167785234899327,0,0
Independent,drought,8,0.0020581425263699513,0,0
Independent,informant,8,0.0020581425263699513,0,0
Independent,lead,8,0.0020581425263699513,0,0
Independent,ownership,8,0.0020581425263699513,0,0
Independent,plan,8,0.0020581425263699513,0,0
Independent,provision,8,0.0020581425263699513,0,0
Independent,public,8,0.0020581425263699513,0,0
Independent,sale,8,0.0020581425263699513,0,0
Independent,sustainable,8,0.0020581425263699513,0,0
official,annual,8,0.0022371364653243847,0,0
official,base,8,0.0022371364653243847,0,0
official,development,8,0.0022371364653243847,0,0
official,due,8,0.0022371364653243847,0,0
official,implement,8,0.0022371364653243847,0,0
official,informant,8,0.0022371364653243847,0,0
official,meet,8,0.0022371364653243847,0,0
official,occur,8,0.0022371364653243847,0,0
official,perceive,8,0.0022371364653243847,0,0
official,review,8,0.0022371364653243847,0,0
official,rotational,8,0.0022371364653243847,0,0
official,sign,8,0.0022371364653243847,0,0
official,variability,8,0.0022371364653243847,0,0
official,village,8,0.0022371364653243847,0,0
Independent,affect,7,0.0018008747105737071,0,0
Independent,announcement,7,0.0018008747105737071,0,0
Independent,comment,7,0.0018008747105737071,0,0
Independent,economic,7,0.0018008747105737071,0,0
Independent,establishment,7,0.0018008747105737071,0,0
Independent,ethnic,7,0.0018008747105737071,0,0
Independent,form,7,0.0018008747105737071,0,0
Independent,limit,7,0.0018008747105737071,0,0
Independent,manage,7,0.0018008747105737071,0,0
Independent,meeting,7,0.0018008747105737071,0,0
Independent,prior,7,0.0018008747105737071,0,0
Independent,question,7,0.0018008747105737071,0,0
Independent,require,7,0.0018008747105737071,0,0
Independent,september,7,0.0018008747105737071,0,0
Independent,site,7,0.0018008747105737071,0,0
Independent,start,7,0.0018008747105737071,0,0
Independent,system,7,0.0018008747105737071,0,0
Independent,understand,7,0.0018008747105737071,0,0
Independent,vers,7,0.0018008747105737071,0,0
Independent,village,7,0.0018008747105737071,0,0
official,announcement,7,0.0019574944071588368,0,0
official,education,7,0.0019574944071588368,0,0
official,mechanism,7,0.0019574944071588368,0,0
official,post,7,0.0019574944071588368,0,0
Independent,approve,6,0.0015436068947774634,0,0
Independent,cost,6,0.0015436068947774634,0,0
Independent,development,6,0.0015436068947774634,0,0
Independent,exist,6,0.0015436068947774634,0,0
Independent,financial,6,0.0015436068947774634,0,0
Independent,focus,6,0.0015436068947774634,0,0
Independent,impact,6,0.0015436068947774634,0,0
Independent,increase,6,0.0015436068947774634,0,0
Independent,intensify,6,0.0015436068947774634,0,0
Independent,interview,6,0.0015436068947774634,0,0
Independent,involve,6,0.0015436068947774634,0,0
Independent,letter,6,0.0015436068947774634,0,0
Independent,level,6,0.0015436068947774634,0,0
Independent,natural,6,0.0015436068947774634,0,0
Independent,pasture,6,0.0015436068947774634,0,0
Independent,ranch,6,0.0015436068947774634,0,0
Independent,region,6,0.0015436068947774634,0,0
Independent,rotational,6,0.0015436068947774634,0,0
Independent,sign,6,0.0015436068947774634,0,0
Independent,support,6,0.0015436068947774634,0,0
official,board,6,0.0016778523489932886,0,0
official,develop,6,0.0016778523489932886,0,0
official,effect,6,0.0016778523489932886,0,0
official,family,6,0.0016778523489932886,0,0
official,frequency,6,0.0016778523489932886,0,0
official,health,6,0.0016778523489932886,0,0
official,market,6,0.0016778523489932886,0,0
official,ownership,6,0.0016778523489932886,0,0
official,participation,6,0.0016778523489932886,0,0
official,quality,6,0.0016778523489932886,0,0
official,relative,6,0.0016778523489932886,0,0
official,representative,6,0.0016778523489932886,0,0
official,select,6,0.0016778523489932886,0,0
official,september,6,0.0016778523489932886,0,0
official,specific,6,0.0016778523489932886,0,0
official,stand,6,0.0016778523489932886,0,0
official,suggest,6,0.0016778523489932886,0,0
official,train,6,0.0016778523489932886,0,0
official,understand,6,0.0016778523489932886,0,0
official,wealth,6,0.0016778523489932886,0,0
official,write,6,0.0016778523489932886,0,0
Independent,add,5,0.0012863390789812194,0,0
Independent,associate,5,0.0012863390789812194,0,0
Independent,basis,5,0.0012863390789812194,0,0
Independent,begin,5,0.0012863390789812194,0,0
Independent,cash,5,0.0012863390789812194,0,0
Independent,complete,5,0.0012863390789812194,0,0
Independent,day,5,0.0012863390789812194,0,0
Independent,develop,5,0.0012863390789812194,0,0
Independent,elder,5,0.0012863390789812194,0,0
Independent,expect,5,0.0012863390789812194,0,0
Independent,generate,5,0.0012863390789812194,0,0
Independent,government,5,0.0012863390789812194,0,0
Independent,idea,5,0.0012863390789812194,0,0
Independent,individual,5,0.0012863390789812194,0,0
Independent,low,5,0.0012863390789812194,0,0
Independent,obtain,5,0.0012863390789812194,0,0
Independent,practice,5,0.0012863390789812194,0,0
Independent,program,5,0.0012863390789812194,0,0
Independent,recent,5,0.0012863390789812194,0,0
Independent,relate,5,0.0012863390789812194,0,0
Independent,representative,5,0.0012863390789812194,0,0
Independent,rest,5,0.0012863390789812194,0,0
Independent,result,5,0.0012863390789812194,0,0
Independent,set,5,0.0012863390789812194,0,0
official,ability,5,0.0013982102908277406,0,0
official,addition,5,0.0013982102908277406,0,0
official,additional,5,0.0013982102908277406,0,0
official,approve,5,0.0013982102908277406,0,0
official,child,5,0.0013982102908277406,0,0
official,conflict,5,0.0013982102908277406,0,0
official,cover,5,0.0013982102908277406,0,0
official,design,5,0.0013982102908277406,0,0
official,employment,5,0.0013982102908277406,0,0
official,establish,5,0.0013982102908277406,0,0
official,ethnic,5,0.0013982102908277406,0,0
official,gather,5,0.0013982102908277406,0,0
official,individual,5,0.0013982102908277406,0,0
official,issue,5,0.0013982102908277406,0,0
official,link,5,0.0013982102908277406,0,0
official,livelihood,5,0.0013982102908277406,0,0
official,majority,5,0.0013982102908277406,0,0
official,manage,5,0.0013982102908277406,0,0
official,marginalize,5,0.0013982102908277406,0,0
official,october,5,0.0013982102908277406,0,0
official,owner,5,0.0013982102908277406,0,0
official,pastoralist,5,0.0013982102908277406,0,0
official,practice,5,0.0013982102908277406,0,0
official,risk,5,0.0013982102908277406,0,0
official,sale,5,0.0013982102908277406,0,0
official,sell,5,0.0013982102908277406,0,0
official,stay,5,0.0013982102908277406,0,0
official,vulnerable,5,0.0013982102908277406,0,0
Independent,agendum,4,0.0010290712631849757,0,0
Independent,base,4,0.0010290712631849757,0,0
Independent,borana,4,0.0010290712631849757,0,0
Independent,bring,4,0.0010290712631849757,0,0
Independent,buy,4,0.0010290712631849757,0,0
Independent,committee,4,0.0010290712631849757,0,0
Independent,compliance,4,0.0010290712631849757,0,0
Independent,continue,4,0.0010290712631849757,0,0
Independent,convert,4,0.0010290712631849757,0,0
Independent,datum,4,0.0010290712631849757,0,0
Independent,demonstrate,4,0.0010290712631849757,0,0
Independent,determine,4,0.0010290712631849757,0,0
Independent,emission,4,0.0010290712631849757,0,0
Independent,facilitate,4,0.0010290712631849757,0,0
Independent,feel,4,0.0010290712631849757,0,0
Independent,generation,4,0.0010290712631849757,0,0
Independent,governance,4,0.0010290712631849757,0,0
Independent,hold,4,0.0010290712631849757,0,0
Independent,influence,4,0.0010290712631849757,0,0
Independent,intent,4,0.0010290712631849757,0,0
Independent,language,4,0.0010290712631849757,0,0
Independent,late,4,0.0010290712631849757,0,0
Independent,manager,4,0.0010290712631849757,0,0
Independent,mechanism,4,0.0010290712631849757,0,0
Independent,meet,4,0.0010290712631849757,0,0
Independent,monitor,4,0.0010290712631849757,0,0
Independent,owner,4,0.0010290712631849757,0,0
Independent,participation,4,0.0010290712631849757,0,0
Independent,past,4,0.0010290712631849757,0,0
Independent,post,4,0.0010290712631849757,0,0
Independent,potential,4,0.0010290712631849757,0,0
Independent,reduction,4,0.0010290712631849757,0,0
Independent,represent,4,0.0010290712631849757,0,0
Independent,request,4,0.0010290712631849757,0,0
Independent,significant,4,0.0010290712631849757,0,0
Independent,standard,4,0.0010290712631849757,0,0
Independent,undertake,4,0.0010290712631849757,0,0
Independent,water,4,0.0010290712631849757,0,0
official,adult,4,0.0011185682326621924,0,0
official,build,4,0.0011185682326621924,0,0
official,capacity,4,0.0011185682326621924,0,0
official,chairperson,4,0.0011185682326621924,0,0
official,compliance,4,0.0011185682326621924,0,0
official,create,4,0.0011185682326621924,0,0
official,determine,4,0.0011185682326621924,0,0
official,distribution,4,0.0011185682326621924,0,0
official,ensure,4,0.0011185682326621924,0,0
official,evidence,4,0.0011185682326621924,0,0
official,facilitate,4,0.0011185682326621924,0,0
official,forest,4,0.0011185682326621924,0,0
official,frequently,4,0.0011185682326621924,0,0
official,future,4,0.0011185682326621924,0,0
official,generate,4,0.0011185682326621924,0,0
official,goat,4,0.0011185682326621924,0,0
official,influence,4,0.0011185682326621924,0,0
official,landscape,4,0.0011185682326621924,0,0
official,language,4,0.0011185682326621924,0,0
official,leakage,4,0.0011185682326621924,0,0
official,legal,4,0.0011185682326621924,0,0
official,limit,4,0.0011185682326621924,0,0
official,local,4,0.0011185682326621924,0,0
official,longterm,4,0.0011185682326621924,0,0
official,principal,4,0.0011185682326621924,0,0
official,prior,4,0.0011185682326621924,0,0
official,process,4,0.0011185682326621924,0,0
official,propose,4,0.0011185682326621924,0,0
official,shallow,4,0.0011185682326621924,0,0
official,spend,4,0.0011185682326621924,0,0
official,staff,4,0.0011185682326621924,0,0
official,start,4,0.0011185682326621924,0,0
official,structure,4,0.0011185682326621924,0,0
official,substantial,4,0.0011185682326621924,0,0
official,sufficient,4,0.0011185682326621924,0,0
official,system,4,0.0011185682326621924,0,0
official,uncertainty,4,0.0011185682326621924,0,0
official,vvb,4,0.0011185682326621924,0,0
official,website,4,0.0011185682326621924,0,0
Independent,ability,3,7.718034473887317e-4,0,0
Independent,achieve,3,7.718034473887317e-4,0,0
Independent,action,3,7.718034473887317e-4,0,0
Independent,apply,3,7.718034473887317e-4,0,0
Independent,assessment,3,7.718034473887317e-4,0,0
Independent,assume,3,7.718034473887317e-4,0,0
Independent,baseline,3,7.718034473887317e-4,0,0
Independent,biodiversity,3,7.718034473887317e-4,0,0
Independent,boundary,3,7.718034473887317e-4,0,0
Independent,build,3,7.718034473887317e-4,0,0
Independent,chairman,3,7.718034473887317e-4,0,0
Independent,communicate,3,7.718034473887317e-4,0,0
Independent,concern,3,7.718034473887317e-4,0,0
Independent,copy,3,7.718034473887317e-4,0,0
Independent,create,3,7.718034473887317e-4,0,0
Independent,describe,3,7.718034473887317e-4,0,0
Independent,distribution,3,7.718034473887317e-4,0,0
Independent,effort,3,7.718034473887317e-4,0,0
Independent,elite,3,7.718034473887317e-4,0,0
Independent,entire,3,7.718034473887317e-4,0,0
Independent,family,3,7.718034473887317e-4,0,0
Independent,finally,3,7.718034473887317e-4,0,0
Independent,forest,3,7.718034473887317e-4,0,0
Independent,goal,3,7.718034473887317e-4,0,0
Independent,herd,3,7.718034473887317e-4,0,0
Independent,implementation,3,7.718034473887317e-4,0,0
Independent,improve,3,7.718034473887317e-4,0,0
Independent,income,3,7.718034473887317e-4,0,0
Independent,lack,3,7.718034473887317e-4,0,0
Independent,landscape,3,7.718034473887317e-4,0,0
Independent,live,3,7.718034473887317e-4,0,0
Independent,month,3,7.718034473887317e-4,0,0
Independent,nature,3,7.718034473887317e-4,0,0
Independent,october,3,7.718034473887317e-4,0,0
Independent,outcome,3,7.718034473887317e-4,0,0
Independent,perceive,3,7.718034473887317e-4,0,0
Independent,photograph,3,7.718034473887317e-4,0,0
Independent,pressure,3,7.718034473887317e-4,0,0
Independent,purpose,3,7.718034473887317e-4,0,0
Independent,reach,3,7.718034473887317e-4,0,0
Independent,recently,3,7.718034473887317e-4,0,0
Independent,remain,3,7.718034473887317e-4,0,0
Independent,response,3,7.718034473887317e-4,0,0
Independent,review,3,7.718034473887317e-4,0,0
Independent,risk,3,7.718034473887317e-4,0,0
Independent,role,3,7.718034473887317e-4,0,0
Independent,security,3,7.718034473887317e-4,0,0
Independent,select,3,7.718034473887317e-4,0,0
Independent,similar,3,7.718034473887317e-4,0,0
Independent,special,3,7.718034473887317e-4,0,0
Independent,stakeholder,3,7.718034473887317e-4,0,0
Independent,survey,3,7.718034473887317e-4,0,0
Independent,term,3,7.718034473887317e-4,0,0
Independent,total,3,7.718034473887317e-4,0,0
Independent,uncertainty,3,7.718034473887317e-4,0,0
Independent,variability,3,7.718034473887317e-4,0,0
Independent,verify,3,7.718034473887317e-4,0,0
Independent,website,3,7.718034473887317e-4,0,0
official,accord,3,8.389261744966443e-4,0,0
official,advocate,3,8.389261744966443e-4,0,0
official,aspect,3,8.389261744966443e-4,0,0
official,assessment,3,8.389261744966443e-4,0,0
official,begin,3,8.389261744966443e-4,0,0
official,capital,3,8.389261744966443e-4,0,0
official,category,3,8.389261744966443e-4,0,0
official,chair,3,8.389261744966443e-4,0,0
official,day,3,8.389261744966443e-4,0,0
official,discussion,3,8.389261744966443e-4,0,0
official,distribute,3,8.389261744966443e-4,0,0
official,enhance,3,8.389261744966443e-4,0,0
official,estimate,3,8.389261744966443e-4,0,0
official,exercise,3,8.389261744966443e-4,0,0
official,financial,3,8.389261744966443e-4,0,0
official,involve,3,8.389261744966443e-4,0,0
official,leader,3,8.389261744966443e-4,0,0
official,level,3,8.389261744966443e-4,0,0
official,note,3,8.389261744966443e-4,0,0
official,perception,3,8.389261744966443e-4,0,0
official,raise,3,8.389261744966443e-4,0,0
official,recently,3,8.389261744966443e-4,0,0
official,resource,3,8.389261744966443e-4,0,0
official,respective,3,8.389261744966443e-4,0,0
official,send,3,8.389261744966443e-4,0,0
official,set,3,8.389261744966443e-4,0,0
official,significant,3,8.389261744966443e-4,0,0
official,similar,3,8.389261744966443e-4,0,0
official,special,3,8.389261744966443e-4,0,0
official,strong,3,8.389261744966443e-4,0,0
official,subsequent,3,8.389261744966443e-4,0,0
official,summary,3,8.389261744966443e-4,0,0
official,sustainable,3,8.389261744966443e-4,0,0
official,total,3,8.389261744966443e-4,0,0
official,undertake,3,8.389261744966443e-4,0,0
official,validate,3,8.389261744966443e-4,0,0
official,voluntary,3,8.389261744966443e-4,0,0
official,wide,3,8.389261744966443e-4,0,0
official,wildlife,3,8.389261744966443e-4,0,0
official,zone,3,8.389261744966443e-4,0,0
Independent,additionally,2,5.145356315924878e-4,0,0
Independent,adult,2,5.145356315924878e-4,0,0
Independent,bursary,2,5.145356315924878e-4,0,0
Independent,capacity,2,5.145356315924878e-4,0,0
Independent,chair,2,5.145356315924878e-4,0,0
Independent,chairperson,2,5.145356315924878e-4,0,0
Independent,child,2,5.145356315924878e-4,0,0
Independent,close,2,5.145356315924878e-4,0,0
Independent,condition,2,5.145356315924878e-4,0,0
Independent,conduct,2,5.145356315924878e-4,0,0
Independent,coordinator,2,5.145356315924878e-4,0,0
Independent,cope,2,5.145356315924878e-4,0,0
Independent,core,2,5.145356315924878e-4,0,0
Independent,cover,2,5.145356315924878e-4,0,0
Independent,cultural,2,5.145356315924878e-4,0,0
Independent,decide,2,5.145356315924878e-4,0,0
Independent,delay,2,5.145356315924878e-4,0,0
Independent,direct,2,5.145356315924878e-4,0,0
Independent,discuss,2,5.145356315924878e-4,0,0
Independent,effect,2,5.145356315924878e-4,0,0
Independent,elect,2,5.145356315924878e-4,0,0
Independent,employment,2,5.145356315924878e-4,0,0
Independent,engage,2,5.145356315924878e-4,0,0
Independent,ensure,2,5.145356315924878e-4,0,0
Independent,evident,2,5.145356315924878e-4,0,0
Independent,express,2,5.145356315924878e-4,0,0
Independent,extent,2,5.145356315924878e-4,0,0
Independent,forage,2,5.145356315924878e-4,0,0
Independent,frequently,2,5.145356315924878e-4,0,0
Independent,future,2,5.145356315924878e-4,0,0
Independent,goat,2,5.145356315924878e-4,0,0
Independent,head,2,5.145356315924878e-4,0,0
Independent,hope,2,5.145356315924878e-4,0,0
Independent,household,2,5.145356315924878e-4,0,0
Independent,intend,2,5.145356315924878e-4,0,0
Independent,involvement,2,5.145356315924878e-4,0,0
Independent,join,2,5.145356315924878e-4,0,0
Independent,june,2,5.145356315924878e-4,0,0
Independent,leader,2,5.145356315924878e-4,0,0
Independent,length,2,5.145356315924878e-4,0,0
Independent,link,2,5.145356315924878e-4,0,0
Independent,location,2,5.145356315924878e-4,0,0
Independent,longterm,2,5.145356315924878e-4,0,0
Independent,main,2,5.145356315924878e-4,0,0
Independent,maintain,2,5.145356315924878e-4,0,0
Independent,major,2,5.145356315924878e-4,0,0
Independent,map,2,5.145356315924878e-4,0,0
Independent,methodology,2,5.145356315924878e-4,0,0
Independent,mitigate,2,5.145356315924878e-4,0,0
Independent,multiple,2,5.145356315924878e-4,0,0
Independent,network,2,5.145356315924878e-4,0,0
Independent,ngo,2,5.145356315924878e-4,0,0
Independent,numb,2,5.145356315924878e-4,0,0
Independent,occur,2,5.145356315924878e-4,0,0
Independent,organize,2,5.145356315924878e-4,0,0
Independent,pamphlet,2,5.145356315924878e-4,0,0
Independent,peace,2,5.145356315924878e-4,0,0
Independent,person,2,5.145356315924878e-4,0,0
Independent,poor,2,5.145356315924878e-4,0,0
Independent,potentially,2,5.145356315924878e-4,0,0
Independent,propose,2,5.145356315924878e-4,0,0
Independent,protection,2,5.145356315924878e-4,0,0
Independent,record,2,5.145356315924878e-4,0,0
Independent,reduce,2,5.145356315924878e-4,0,0
Independent,reflect,2,5.145356315924878e-4,0,0
Independent,relation,2,5.145356315924878e-4,0,0
Independent,relative,2,5.145356315924878e-4,0,0
Independent,repeat,2,5.145356315924878e-4,0,0
Independent,resolution,2,5.145356315924878e-4,0,0
Independent,respective,2,5.145356315924878e-4,0,0
Independent,seek,2,5.145356315924878e-4,0,0
Independent,shrink,2,5.145356315924878e-4,0,0
Independent,spend,2,5.145356315924878e-4,0,0
Independent,staff,2,5.145356315924878e-4,0,0
Independent,stand,2,5.145356315924878e-4,0,0
Independent,strong,2,5.145356315924878e-4,0,0
Independent,structure,2,5.145356315924878e-4,0,0
Independent,substantial,2,5.145356315924878e-4,0,0
Independent,summary,2,5.145356315924878e-4,0,0
Independent,vast,2,5.145356315924878e-4,0,0
Independent,vulnerable,2,5.145356315924878e-4,0,0
Independent,wide,2,5.145356315924878e-4,0,0
Independent,woman,2,5.145356315924878e-4,0,0
Independent,worsen,2,5.145356315924878e-4,0,0
Independent,zone,2,5.145356315924878e-4,0,0
official,action,2,5.592841163310962e-4,0,0
official,affect,2,5.592841163310962e-4,0,0
official,analyze,2,5.592841163310962e-4,0,0
official,apply,2,5.592841163310962e-4,0,0
official,associate,2,5.592841163310962e-4,0,0
official,assume,2,5.592841163310962e-4,0,0
official,await,2,5.592841163310962e-4,0,0
official,barrier,2,5.592841163310962e-4,0,0
official,biodiversity,2,5.592841163310962e-4,0,0
official,boundary,2,5.592841163310962e-4,0,0
official,bring,2,5.592841163310962e-4,0,0
official,choice,2,5.592841163310962e-4,0,0
official,close,2,5.592841163310962e-4,0,0
official,comment,2,5.592841163310962e-4,0,0
official,communication,2,5.592841163310962e-4,0,0
official,concern,2,5.592841163310962e-4,0,0
official,consent,2,5.592841163310962e-4,0,0
official,cope,2,5.592841163310962e-4,0,0
official,copy,2,5.592841163310962e-4,0,0
official,cost,2,5.592841163310962e-4,0,0
official,criterion,2,5.592841163310962e-4,0,0
official,cultural,2,5.592841163310962e-4,0,0
official,current,2,5.592841163310962e-4,0,0
official,date,2,5.592841163310962e-4,0,0
official,decide,2,5.592841163310962e-4,0,0
official,delay,2,5.592841163310962e-4,0,0
official,describe,2,5.592841163310962e-4,0,0
official,document,2,5.592841163310962e-4,0,0
official,economic,2,5.592841163310962e-4,0,0
official,elder,2,5.592841163310962e-4,0,0
official,elect,2,5.592841163310962e-4,0,0
official,english,2,5.592841163310962e-4,0,0
official,establishment,2,5.592841163310962e-4,0,0
official,evident,2,5.592841163310962e-4,0,0
official,expectation,2,5.592841163310962e-4,0,0
official,express,2,5.592841163310962e-4,0,0
official,fatality,2,5.592841163310962e-4,0,0
official,feature,2,5.592841163310962e-4,0,0
official,finally,2,5.592841163310962e-4,0,0
official,fund,2,5.592841163310962e-4,0,0
official,generation,2,5.592841163310962e-4,0,0
official,goal,2,5.592841163310962e-4,0,0
official,green,2,5.592841163310962e-4,0,0
official,herd,2,5.592841163310962e-4,0,0
official,hope,2,5.592841163310962e-4,0,0
official,httpnrtkenyaorg,2,5.592841163310962e-4,0,0
official,human,2,5.592841163310962e-4,0,0
official,idea,2,5.592841163310962e-4,0,0
official,intend,2,5.592841163310962e-4,0,0
official,intensify,2,5.592841163310962e-4,0,0
official,intent,2,5.592841163310962e-4,0,0
official,join,2,5.592841163310962e-4,0,0
official,june,2,5.592841163310962e-4,0,0
official,largescale,2,5.592841163310962e-4,0,0
official,late,2,5.592841163310962e-4,0,0
official,length,2,5.592841163310962e-4,0,0
official,letter,2,5.592841163310962e-4,0,0
official,live,2,5.592841163310962e-4,0,0
official,location,2,5.592841163310962e-4,0,0
official,main,2,5.592841163310962e-4,0,0
official,maintain,2,5.592841163310962e-4,0,0
official,matter,2,5.592841163310962e-4,0,0
official,measure,2,5.592841163310962e-4,0,0
official,migratory,2,5.592841163310962e-4,0,0
official,mitigate,2,5.592841163310962e-4,0,0
official,model,2,5.592841163310962e-4,0,0
official,morani,2,5.592841163310962e-4,0,0
official,nature,2,5.592841163310962e-4,0,0
official,ngwesi,2,5.592841163310962e-4,0,0
official,normal,2,5.592841163310962e-4,0,0
official,ongoing,2,5.592841163310962e-4,0,0
official,opportunity,2,5.592841163310962e-4,0,0
official,organize,2,5.592841163310962e-4,0,0
official,oversight,2,5.592841163310962e-4,0,0
official,pamphlet,2,5.592841163310962e-4,0,0
official,pass,2,5.592841163310962e-4,0,0
official,perennial,2,5.592841163310962e-4,0,0
official,potential,2,5.592841163310962e-4,0,0
official,potentially,2,5.592841163310962e-4,0,0
official,pressure,2,5.592841163310962e-4,0,0
official,program,2,5.592841163310962e-4,0,0
official,ranch,2,5.592841163310962e-4,0,0
official,recent,2,5.592841163310962e-4,0,0
official,reduction,2,5.592841163310962e-4,0,0
official,reflect,2,5.592841163310962e-4,0,0
official,region,2,5.592841163310962e-4,0,0
official,relate,2,5.592841163310962e-4,0,0
official,reluctance,2,5.592841163310962e-4,0,0
official,remain,2,5.592841163310962e-4,0,0
official,requirement,2,5.592841163310962e-4,0,0
official,respondent,2,5.592841163310962e-4,0,0
official,role,2,5.592841163310962e-4,0,0
official,severe,2,5.592841163310962e-4,0,0
official,sheep,2,5.592841163310962e-4,0,0
official,shift,2,5.592841163310962e-4,0,0
official,shrink,2,5.592841163310962e-4,0,0
official,significantly,2,5.592841163310962e-4,0,0
official,site,2,5.592841163310962e-4,0,0
official,solicitation,2,5.592841163310962e-4,0,0
official,speak,2,5.592841163310962e-4,0,0
official,standard,2,5.592841163310962e-4,0,0
official,term,2,5.592841163310962e-4,0,0
official,traditional,2,5.592841163310962e-4,0,0
official,vast,2,5.592841163310962e-4,0,0
official,workshop,2,5.592841163310962e-4,0,0
official,worsen,2,5.592841163310962e-4,0,0
Independent,addition,1,2.572678157962439e-4,0,0
Independent,additional,1,2.572678157962439e-4,0,0
Independent,advocate,1,2.572678157962439e-4,0,0
Independent,analyze,1,2.572678157962439e-4,0,0
Independent,annual,1,2.572678157962439e-4,0,0
Independent,aspect,1,2.572678157962439e-4,0,0
Independent,assist,1,2.572678157962439e-4,0,0
Independent,await,1,2.572678157962439e-4,0,0
Independent,bad,1,2.572678157962439e-4,0,0
Independent,barrier,1,2.572678157962439e-4,0,0
Independent,behalf,1,2.572678157962439e-4,0,0
Independent,capital,1,2.572678157962439e-4,0,0
Independent,category,1,2.572678157962439e-4,0,0
Independent,central,1,2.572678157962439e-4,0,0
Independent,characterize,1,2.572678157962439e-4,0,0
Independent,choice,1,2.572678157962439e-4,0,0
Independent,common,1,2.572678157962439e-4,0,0
Independent,communication,1,2.572678157962439e-4,0,0
Independent,consult,1,2.572678157962439e-4,0,0
Independent,criterion,1,2.572678157962439e-4,0,0
Independent,crucially,1,2.572678157962439e-4,0,0
Independent,current,1,2.572678157962439e-4,0,0
Independent,design,1,2.572678157962439e-4,0,0
Independent,discussion,1,2.572678157962439e-4,0,0
Independent,documentation,1,2.572678157962439e-4,0,0
Independent,donyiro,1,2.572678157962439e-4,0,0
Independent,education,1,2.572678157962439e-4,0,0
Independent,encompass,1,2.572678157962439e-4,0,0
Independent,english,1,2.572678157962439e-4,0,0
Independent,enhance,1,2.572678157962439e-4,0,0
Independent,estimate,1,2.572678157962439e-4,0,0
Independent,exercise,1,2.572678157962439e-4,0,0
Independent,expectation,1,2.572678157962439e-4,0,0
Independent,experience,1,2.572678157962439e-4,0,0
Independent,expose,1,2.572678157962439e-4,0,0
Independent,fatality,1,2.572678157962439e-4,0,0
Independent,feature,1,2.572678157962439e-4,0,0
Independent,frequency,1,2.572678157962439e-4,0,0
Independent,gather,1,2.572678157962439e-4,0,0
Independent,green,1,2.572678157962439e-4,0,0
Independent,happen,1,2.572678157962439e-4,0,0
Independent,hard,1,2.572678157962439e-4,0,0
Independent,health,1,2.572678157962439e-4,0,0
Independent,httpnrtkenyaorg,1,2.572678157962439e-4,0,0
Independent,human,1,2.572678157962439e-4,0,0
Independent,identify,1,2.572678157962439e-4,0,0
Independent,investigate,1,2.572678157962439e-4,0,0
Independent,key,1,2.572678157962439e-4,0,0
Independent,kiosk,1,2.572678157962439e-4,0,0
Independent,largescale,1,2.572678157962439e-4,0,0
Independent,launch,1,2.572678157962439e-4,0,0
Independent,leakage,1,2.572678157962439e-4,0,0
Independent,life,1,2.572678157962439e-4,0,0
Independent,list,1,2.572678157962439e-4,0,0
Independent,majority,1,2.572678157962439e-4,0,0
Independent,marginalize,1,2.572678157962439e-4,0,0
Independent,matter,1,2.572678157962439e-4,0,0
Independent,measure,1,2.572678157962439e-4,0,0
Independent,methane,1,2.572678157962439e-4,0,0
Independent,middle,1,2.572678157962439e-4,0,0
Independent,migratory,1,2.572678157962439e-4,0,0
Independent,model,1,2.572678157962439e-4,0,0
Independent,modify,1,2.572678157962439e-4,0,0
Independent,morani,1,2.572678157962439e-4,0,0
Independent,net,1,2.572678157962439e-4,0,0
Independent,ngwesi,1,2.572678157962439e-4,0,0
Independent,normal,1,2.572678157962439e-4,0,0
Independent,november,1,2.572678157962439e-4,0,0
Independent,ongoing,1,2.572678157962439e-4,0,0
Independent,opportunity,1,2.572678157962439e-4,0,0
Independent,oversight,1,2.572678157962439e-4,0,0
Independent,pass,1,2.572678157962439e-4,0,0
Independent,perception,1,2.572678157962439e-4,0,0
Independent,perennial,1,2.572678157962439e-4,0,0
Independent,personal,1,2.572678157962439e-4,0,0
Independent,principal,1,2.572678157962439e-4,0,0
Independent,produce,1,2.572678157962439e-4,0,0
Independent,proper,1,2.572678157962439e-4,0,0
Independent,quality,1,2.572678157962439e-4,0,0
Independent,query,1,2.572678157962439e-4,0,0
Independent,raise,1,2.572678157962439e-4,0,0
Independent,range,1,2.572678157962439e-4,0,0
Independent,reluctance,1,2.572678157962439e-4,0,0
Independent,representation,1,2.572678157962439e-4,0,0
Independent,requirement,1,2.572678157962439e-4,0,0
Independent,resilience,1,2.572678157962439e-4,0,0
Independent,respondent,1,2.572678157962439e-4,0,0
Independent,season,1,2.572678157962439e-4,0,0
Independent,send,1,2.572678157962439e-4,0,0
Independent,severe,1,2.572678157962439e-4,0,0
Independent,shallow,1,2.572678157962439e-4,0,0
Independent,sheep,1,2.572678157962439e-4,0,0
Independent,shift,1,2.572678157962439e-4,0,0
Independent,significantly,1,2.572678157962439e-4,0,0
Independent,size,1,2.572678157962439e-4,0,0
Independent,solicitation,1,2.572678157962439e-4,0,0
Independent,speak,1,2.572678157962439e-4,0,0
Independent,specific,1,2.572678157962439e-4,0,0
Independent,sponsor,1,2.572678157962439e-4,0,0
Independent,stay,1,2.572678157962439e-4,0,0
Independent,study,1,2.572678157962439e-4,0,0
Independent,subsequent,1,2.572678157962439e-4,0,0
Independent,successfully,1,2.572678157962439e-4,0,0
Independent,sufficient,1,2.572678157962439e-4,0,0
Independent,suggest,1,2.572678157962439e-4,0,0
Independent,theme,1,2.572678157962439e-4,0,0
Independent,train,1,2.572678157962439e-4,0,0
Independent,turkana,1,2.572678157962439e-4,0,0
Independent,validate,1,2.572678157962439e-4,0,0
Independent,voluntary,1,2.572678157962439e-4,0,0
Independent,vvb,1,2.572678157962439e-4,0,0
Independent,wealth,1,2.572678157962439e-4,0,0
Independent,wellbeing,1,2.572678157962439e-4,0,0
Independent,widely,1,2.572678157962439e-4,0,0
Independent,workshop,1,2.572678157962439e-4,0,0
Independent,write,1,2.572678157962439e-4,0,0
official,achieve,1,2.796420581655481e-4,0,0
official,add,1,2.796420581655481e-4,0,0
official,additionally,1,2.796420581655481e-4,0,0
official,address,1,2.796420581655481e-4,0,0
official,agendum,1,2.796420581655481e-4,0,0
official,assist,1,2.796420581655481e-4,0,0
official,bad,1,2.796420581655481e-4,0,0
official,basis,1,2.796420581655481e-4,0,0
official,behalf,1,2.796420581655481e-4,0,0
official,borana,1,2.796420581655481e-4,0,0
official,bursary,1,2.796420581655481e-4,0,0
official,buy,1,2.796420581655481e-4,0,0
official,cash,1,2.796420581655481e-4,0,0
official,central,1,2.796420581655481e-4,0,0
official,characterize,1,2.796420581655481e-4,0,0
official,common,1,2.796420581655481e-4,0,0
official,complete,1,2.796420581655481e-4,0,0
official,conservation,1,2.796420581655481e-4,0,0
official,consult,1,2.796420581655481e-4,0,0
official,consultation,1,2.796420581655481e-4,0,0
official,convert,1,2.796420581655481e-4,0,0
official,core,1,2.796420581655481e-4,0,0
official,crucially,1,2.796420581655481e-4,0,0
official,direct,1,2.796420581655481e-4,0,0
official,documentation,1,2.796420581655481e-4,0,0
official,donyiro,1,2.796420581655481e-4,0,0
official,elite,1,2.796420581655481e-4,0,0
official,emission,1,2.796420581655481e-4,0,0
official,encompass,1,2.796420581655481e-4,0,0
official,engage,1,2.796420581655481e-4,0,0
official,entire,1,2.796420581655481e-4,0,0
official,exist,1,2.796420581655481e-4,0,0
official,expose,1,2.796420581655481e-4,0,0
official,extent,1,2.796420581655481e-4,0,0
official,feel,1,2.796420581655481e-4,0,0
official,government,1,2.796420581655481e-4,0,0
official,happen,1,2.796420581655481e-4,0,0
official,hard,1,2.796420581655481e-4,0,0
official,indigenous,1,2.796420581655481e-4,0,0
official,inform,1,2.796420581655481e-4,0,0
official,international,1,2.796420581655481e-4,0,0
official,investigate,1,2.796420581655481e-4,0,0
official,involvement,1,2.796420581655481e-4,0,0
official,kiosk,1,2.796420581655481e-4,0,0
official,lack,1,2.796420581655481e-4,0,0
official,launch,1,2.796420581655481e-4,0,0
official,lead,1,2.796420581655481e-4,0,0
official,life,1,2.796420581655481e-4,0,0
official,list,1,2.796420581655481e-4,0,0
official,major,1,2.796420581655481e-4,0,0
official,map,1,2.796420581655481e-4,0,0
official,methane,1,2.796420581655481e-4,0,0
official,methodology,1,2.796420581655481e-4,0,0
official,middle,1,2.796420581655481e-4,0,0
official,modify,1,2.796420581655481e-4,0,0
official,natural,1,2.796420581655481e-4,0,0
official,network,1,2.796420581655481e-4,0,0
official,ngo,1,2.796420581655481e-4,0,0
official,november,1,2.796420581655481e-4,0,0
official,obtain,1,2.796420581655481e-4,0,0
official,outcome,1,2.796420581655481e-4,0,0
official,pasture,1,2.796420581655481e-4,0,0
official,peace,1,2.796420581655481e-4,0,0
official,person,1,2.796420581655481e-4,0,0
official,personal,1,2.796420581655481e-4,0,0
official,photograph,1,2.796420581655481e-4,0,0
official,produce,1,2.796420581655481e-4,0,0
official,proper,1,2.796420581655481e-4,0,0
official,protection,1,2.796420581655481e-4,0,0
official,provision,1,2.796420581655481e-4,0,0
official,purpose,1,2.796420581655481e-4,0,0
official,query,1,2.796420581655481e-4,0,0
official,range,1,2.796420581655481e-4,0,0
official,reach,1,2.796420581655481e-4,0,0
official,record,1,2.796420581655481e-4,0,0
official,relation,1,2.796420581655481e-4,0,0
official,repeat,1,2.796420581655481e-4,0,0
official,representation,1,2.796420581655481e-4,0,0
official,request,1,2.796420581655481e-4,0,0
official,require,1,2.796420581655481e-4,0,0
official,resilience,1,2.796420581655481e-4,0,0
official,resolution,1,2.796420581655481e-4,0,0
official,rest,1,2.796420581655481e-4,0,0
official,samburu,1,2.796420581655481e-4,0,0
official,seek,1,2.796420581655481e-4,0,0
official,sponsor,1,2.796420581655481e-4,0,0
official,study,1,2.796420581655481e-4,0,0
official,successfully,1,2.796420581655481e-4,0,0
official,theme,1,2.796420581655481e-4,0,0
official,turkana,1,2.796420581655481e-4,0,0
official,verify,1,2.796420581655481e-4,0,0
official,vers,1,2.796420581655481e-4,0,0
official,widely,1,2.796420581655481e-4,0,0
