doc_id,doc_name,source,year,word
doc_01,Carbon Profits or Pastoralist Precarity,Independent,2025,encompass
doc_01,Carbon Profits or Pastoralist Precarity,Independent,2025,hectare
doc_01,Carbon Profits or Pastoralist Precarity,Independent,2025,million
doc_01,Carbon Profits or Pastoralist Precarity,Independent,2025,acre
doc_01,Carbon Profits or Pastoralist Precarity,Independent,2025,pinette
doc_01,Carbon Profits or Pastoralist Precarity,Independent,2025,world
doc_01,Carbon Profits or Pastoralist Precarity,Independent,2025,soil
doc_01,Carbon Profits or Pastoralist Precarity,Independent,2025,removal
doc_01,Carbon Profits or Pastoralist Precarity,Independent,2025,manage
doc_01,Carbon Profits or Pastoralist Precarity,Independent,2025,nongovernmental
doc_01,Carbon Profits or Pastoralist Precarity,Independent,2025,organization
doc_01,Carbon Profits or Pastoralist Precarity,Independent,2025,initiate
doc_01,Carbon Profits or Pastoralist Precarity,Independent,2025,conservation
doc_01,Carbon Profits or Pastoralist Precarity,Independent,2025,advocate
doc_01,Carbon Profits or Pastoralist Precarity,Independent,2025,communitybased
doc_01,Carbon Profits or Pastoralist Precarity,Independent,2025,cbcs
doc_01,Carbon Profits or Pastoralist Precarity,Independent,2025,facilitate
doc_01,Carbon Profits or Pastoralist Precarity,Independent,2025,management
doc_01,Carbon Profits or Pastoralist Precarity,Independent,2025,promote
doc_01,Carbon Profits or Pastoralist Precarity,Independent,2025,plan
doc_01,Carbon Profits or Pastoralist Precarity,Independent,2025,graze
doc_01,Carbon Profits or Pastoralist Precarity,Independent,2025,conservation
doc_01,Carbon Profits or Pastoralist Precarity,Independent,2025,wildlife
doc_01,Carbon Profits or Pastoralist Precarity,Independent,2025,corridor
doc_01,Carbon Profits or Pastoralist Precarity,Independent,2025,forest
doc_01,Carbon Profits or Pastoralist Precarity,Independent,2025,uganda
doc_01,Carbon Profits or Pastoralist Precarity,Independent,2025,inhabitant
doc_01,Carbon Profits or Pastoralist Precarity,Independent,2025,nomadic
doc_01,Carbon Profits or Pastoralist Precarity,Independent,2025,pastoralist
doc_01,Carbon Profits or Pastoralist Precarity,Independent,2025,share
doc_01,Carbon Profits or Pastoralist Precarity,Independent,2025,environment
doc_01,Carbon Profits or Pastoralist Precarity,Independent,2025,wildlife
doc_01,Carbon Profits or Pastoralist Precarity,Independent,2025,begin
doc_01,Carbon Profits or Pastoralist Precarity,Independent,2025,approve
doc_01,Carbon Profits or Pastoralist Precarity,Independent,2025,verify
doc_01,Carbon Profits or Pastoralist Precarity,Independent,2025,standard
doc_01,Carbon Profits or Pastoralist Precarity,Independent,2025,program
doc_01,Carbon Profits or Pastoralist Precarity,Independent,2025,greenhouse
doc_01,Carbon Profits or Pastoralist Precarity,Independent,2025,gas
doc_01,Carbon Profits or Pastoralist Precarity,Independent,2025,ghs
doc_01,Carbon Profits or Pastoralist Precarity,Independent,2025,run
doc_01,Carbon Profits or Pastoralist Precarity,Independent,2025,vera
doc_01,Carbon Profits or Pastoralist Precarity,Independent,2025,nonprofit
doc_01,Carbon Profits or Pastoralist Precarity,Independent,2025,institution
doc_01,Carbon Profits or Pastoralist Precarity,Independent,2025,manage
doc_01,Carbon Profits or Pastoralist Precarity,Independent,2025,develop
doc_01,Carbon Profits or Pastoralist Precarity,Independent,2025,standard
doc_01,Carbon Profits or Pastoralist Precarity,Independent,2025,climate
doc_01,Carbon Profits or Pastoralist Precarity,Independent,2025,action
doc_01,Carbon Profits or Pastoralist Precarity,Independent,2025,responsible
doc_01,Carbon Profits or Pastoralist Precarity,Independent,2025,business
doc_01,Carbon Profits or Pastoralist Precarity,Independent,2025,practice
doc_01,Carbon Profits or Pastoralist Precarity,Independent,2025,sustainable
doc_01,Carbon Profits or Pastoralist Precarity,Independent,2025,development
doc_01,Carbon Profits or Pastoralist Precarity,Independent,2025,climate
doc_01,Carbon Profits or Pastoralist Precarity,Independent,2025,biodiversity
doc_01,Carbon Profits or Pastoralist Precarity,Independent,2025,alliance
doc_01,Carbon Profits or Pastoralist Precarity,Independent,2025,ccba
doc_01,Carbon Profits or Pastoralist Precarity,Independent,2025,standard
doc_01,Carbon Profits or Pastoralist Precarity,Independent,2025,benefit
doc_01,Carbon Profits or Pastoralist Precarity,Independent,2025,cbcs
doc_01,Carbon Profits or Pastoralist Precarity,Independent,2025,situate
doc_01,Carbon Profits or Pastoralist Precarity,Independent,2025,laikipia
doc_01,Carbon Profits or Pastoralist Precarity,Independent,2025,county
doc_01,Carbon Profits or Pastoralist Precarity,Independent,2025,marsabit
doc_01,Carbon Profits or Pastoralist Precarity,Independent,2025,county
doc_01,Carbon Profits or Pastoralist Precarity,Independent,2025,samburu
doc_01,Carbon Profits or Pastoralist Precarity,Independent,2025,county
doc_01,Carbon Profits or Pastoralist Precarity,Independent,2025,isiolo
doc_01,Carbon Profits or Pastoralist Precarity,Independent,2025,county
doc_01,Carbon Profits or Pastoralist Precarity,Independent,2025,map
doc_01,Carbon Profits or Pastoralist Precarity,Independent,2025,laikipia
doc_01,Carbon Profits or Pastoralist Precarity,Independent,2025,samburu
doc_01,Carbon Profits or Pastoralist Precarity,Independent,2025,isiolo
doc_01,Carbon Profits or Pastoralist Precarity,Independent,2025,marsabit
doc_01,Carbon Profits or Pastoralist Precarity,Independent,2025,county
doc_01,Carbon Profits or Pastoralist Precarity,Independent,2025,modify
doc_01,Carbon Profits or Pastoralist Precarity,Independent,2025,owino
doc_01,Carbon Profits or Pastoralist Precarity,Independent,2025,forthcoming
doc_01,Carbon Profits or Pastoralist Precarity,Independent,2025,empirical
doc_01,Carbon Profits or Pastoralist Precarity,Independent,2025,datum
doc_01,Carbon Profits or Pastoralist Precarity,Independent,2025,indepth
doc_01,Carbon Profits or Pastoralist Precarity,Independent,2025,interview
doc_01,Carbon Profits or Pastoralist Precarity,Independent,2025,focus
doc_01,Carbon Profits or Pastoralist Precarity,Independent,2025,discussion
doc_01,Carbon Profits or Pastoralist Precarity,Independent,2025,stakeholder
doc_01,Carbon Profits or Pastoralist Precarity,Independent,2025,samburu
doc_01,Carbon Profits or Pastoralist Precarity,Independent,2025,isiolo
doc_01,Carbon Profits or Pastoralist Precarity,Independent,2025,county
doc_01,Carbon Profits or Pastoralist Precarity,Independent,2025,base
doc_01,Carbon Profits or Pastoralist Precarity,Independent,2025,month
doc_01,Carbon Profits or Pastoralist Precarity,Independent,2025,fieldwork
doc_01,Carbon Profits or Pastoralist Precarity,Independent,2025,site
doc_01,Carbon Profits or Pastoralist Precarity,Independent,2025,governance
doc_01,Carbon Profits or Pastoralist Precarity,Independent,2025,operation
doc_01,Carbon Profits or Pastoralist Precarity,Independent,2025,entail
doc_01,Carbon Profits or Pastoralist Precarity,Independent,2025,rotational
doc_01,Carbon Profits or Pastoralist Precarity,Independent,2025,graze
doc_01,Carbon Profits or Pastoralist Precarity,Independent,2025,pattern
doc_01,Carbon Profits or Pastoralist Precarity,Independent,2025,pastoral
doc_01,Carbon Profits or Pastoralist Precarity,Independent,2025,traditional
doc_01,Carbon Profits or Pastoralist Precarity,Independent,2025,animal
doc_01,Carbon Profits or Pastoralist Precarity,Independent,2025,husbandry
doc_01,Carbon Profits or Pastoralist Precarity,Independent,2025,monitor
doc_01,Carbon Profits or Pastoralist Precarity,Independent,2025,net
doc_01,Carbon Profits or Pastoralist Precarity,Independent,2025,methane
doc_01,Carbon Profits or Pastoralist Precarity,Independent,2025,traditional
doc_01,Carbon Profits or Pastoralist Precarity,Independent,2025,pastoral
doc_01,Carbon Profits or Pastoralist Precarity,Independent,2025,livestock
doc_01,Carbon Profits or Pastoralist Precarity,Independent,2025,activity
doc_01,Carbon Profits or Pastoralist Precarity,Independent,2025,implement
doc_01,Carbon Profits or Pastoralist Precarity,Independent,2025,rotational
doc_01,Carbon Profits or Pastoralist Precarity,Independent,2025,graze
doc_01,Carbon Profits or Pastoralist Precarity,Independent,2025,pattern
doc_01,Carbon Profits or Pastoralist Precarity,Independent,2025,assist
doc_01,Carbon Profits or Pastoralist Precarity,Independent,2025,store
doc_01,Carbon Profits or Pastoralist Precarity,Independent,2025,soil
doc_01,Carbon Profits or Pastoralist Precarity,Independent,2025,recover
doc_01,Carbon Profits or Pastoralist Precarity,Independent,2025,perennial
doc_01,Carbon Profits or Pastoralist Precarity,Independent,2025,implement
doc_01,Carbon Profits or Pastoralist Precarity,Independent,2025,estimate
doc_01,Carbon Profits or Pastoralist Precarity,Independent,2025,positively
doc_01,Carbon Profits or Pastoralist Precarity,Independent,2025,impact
doc_01,Carbon Profits or Pastoralist Precarity,Independent,2025,nomadic
doc_01,Carbon Profits or Pastoralist Precarity,Independent,2025,pastoral
doc_01,Carbon Profits or Pastoralist Precarity,Independent,2025,life
doc_01,Carbon Profits or Pastoralist Precarity,Independent,2025,assume
doc_01,Carbon Profits or Pastoralist Precarity,Independent,2025,provide
doc_01,Carbon Profits or Pastoralist Precarity,Independent,2025,economic
doc_01,Carbon Profits or Pastoralist Precarity,Independent,2025,intervention
doc_01,Carbon Profits or Pastoralist Precarity,Independent,2025,reduce
doc_01,Carbon Profits or Pastoralist Precarity,Independent,2025,environmental
doc_01,Carbon Profits or Pastoralist Precarity,Independent,2025,pressure
doc_01,Carbon Profits or Pastoralist Precarity,Independent,2025,incentivizing
doc_01,Carbon Profits or Pastoralist Precarity,Independent,2025,sustainable
doc_01,Carbon Profits or Pastoralist Precarity,Independent,2025,land
doc_01,Carbon Profits or Pastoralist Precarity,Independent,2025,management
doc_01,Carbon Profits or Pastoralist Precarity,Independent,2025,double
doc_01,Carbon Profits or Pastoralist Precarity,Independent,2025,exposure
doc_01,Carbon Profits or Pastoralist Precarity,Independent,2025,lens
doc_01,Carbon Profits or Pastoralist Precarity,Independent,2025,main
doc_01,Carbon Profits or Pastoralist Precarity,Independent,2025,question
doc_01,Carbon Profits or Pastoralist Precarity,Independent,2025,probe
doc_01,Carbon Profits or Pastoralist Precarity,Independent,2025,extent
doc_01,Carbon Profits or Pastoralist Precarity,Independent,2025,loser
doc_01,Carbon Profits or Pastoralist Precarity,Independent,2025,climate
doc_01,Carbon Profits or Pastoralist Precarity,Independent,2025,change
doc_01,Carbon Profits or Pastoralist Precarity,Independent,2025,loser
doc_01,Carbon Profits or Pastoralist Precarity,Independent,2025,economic
doc_01,Carbon Profits or Pastoralist Precarity,Independent,2025,globalisation
doc_01,Carbon Profits or Pastoralist Precarity,Independent,2025,obrien
doc_01,Carbon Profits or Pastoralist Precarity,Independent,2025,leichenko
doc_01,Carbon Profits or Pastoralist Precarity,Independent,2025,political
doc_01,Carbon Profits or Pastoralist Precarity,Independent,2025,ecologist
doc_01,Carbon Profits or Pastoralist Precarity,Independent,2025,develop
doc_01,Carbon Profits or Pastoralist Precarity,Independent,2025,approach
doc_01,Carbon Profits or Pastoralist Precarity,Independent,2025,understand
doc_01,Carbon Profits or Pastoralist Precarity,Independent,2025,simultaneous
doc_01,Carbon Profits or Pastoralist Precarity,Independent,2025,effect
doc_01,Carbon Profits or Pastoralist Precarity,Independent,2025,climate
doc_01,Carbon Profits or Pastoralist Precarity,Independent,2025,change
doc_01,Carbon Profits or Pastoralist Precarity,Independent,2025,globalization
doc_01,Carbon Profits or Pastoralist Precarity,Independent,2025,region
doc_01,Carbon Profits or Pastoralist Precarity,Independent,2025,ecosystem
doc_01,Carbon Profits or Pastoralist Precarity,Independent,2025,expose
doc_01,Carbon Profits or Pastoralist Precarity,Independent,2025,doubleedged
doc_01,Carbon Profits or Pastoralist Precarity,Independent,2025,sword
doc_01,Carbon Profits or Pastoralist Precarity,Independent,2025,excessive
doc_01,Carbon Profits or Pastoralist Precarity,Independent,2025,rain
doc_01,Carbon Profits or Pastoralist Precarity,Independent,2025,drought
doc_01,Carbon Profits or Pastoralist Precarity,Independent,2025,bring
doc_01,Carbon Profits or Pastoralist Precarity,Independent,2025,climate
doc_01,Carbon Profits or Pastoralist Precarity,Independent,2025,change
doc_01,Carbon Profits or Pastoralist Precarity,Independent,2025,intersect
doc_01,Carbon Profits or Pastoralist Precarity,Independent,2025,change
doc_01,Carbon Profits or Pastoralist Precarity,Independent,2025,financial
doc_01,Carbon Profits or Pastoralist Precarity,Independent,2025,landscape
doc_01,Carbon Profits or Pastoralist Precarity,Independent,2025,globalize
doc_01,Carbon Profits or Pastoralist Precarity,Independent,2025,economy
doc_01,Carbon Profits or Pastoralist Precarity,Independent,2025,trade
doc_01,Carbon Profits or Pastoralist Precarity,Independent,2025,liberalization
doc_01,Carbon Profits or Pastoralist Precarity,Independent,2025,increase
doc_01,Carbon Profits or Pastoralist Precarity,Independent,2025,foreign
doc_01,Carbon Profits or Pastoralist Precarity,Independent,2025,investment
doc_01,Carbon Profits or Pastoralist Precarity,Independent,2025,vulnerable
doc_01,Carbon Profits or Pastoralist Precarity,Independent,2025,lack
doc_01,Carbon Profits or Pastoralist Precarity,Independent,2025,capacity
doc_01,Carbon Profits or Pastoralist Precarity,Independent,2025,cope
doc_01,Carbon Profits or Pastoralist Precarity,Independent,2025,double
doc_01,Carbon Profits or Pastoralist Precarity,Independent,2025,pressure
doc_01,Carbon Profits or Pastoralist Precarity,Independent,2025,lead
doc_01,Carbon Profits or Pastoralist Precarity,Independent,2025,worsen
doc_01,Carbon Profits or Pastoralist Precarity,Independent,2025,standard
doc_01,Carbon Profits or Pastoralist Precarity,Independent,2025,live
doc_01,Carbon Profits or Pastoralist Precarity,Independent,2025,increase
doc_01,Carbon Profits or Pastoralist Precarity,Independent,2025,economic
doc_01,Carbon Profits or Pastoralist Precarity,Independent,2025,vulnerability
doc_01,Carbon Profits or Pastoralist Precarity,Independent,2025,mitigate
doc_01,Carbon Profits or Pastoralist Precarity,Independent,2025,target
doc_01,Carbon Profits or Pastoralist Precarity,Independent,2025,intervention
doc_01,Carbon Profits or Pastoralist Precarity,Independent,2025,evite
doc_01,Carbon Profits or Pastoralist Precarity,Independent,2025,zara
doc_01,Carbon Profits or Pastoralist Precarity,Independent,2025,provide
doc_01,Carbon Profits or Pastoralist Precarity,Independent,2025,financial
doc_01,Carbon Profits or Pastoralist Precarity,Independent,2025,incentivization
doc_01,Carbon Profits or Pastoralist Precarity,Independent,2025,local
doc_01,Carbon Profits or Pastoralist Precarity,Independent,2025,maintain
doc_01,Carbon Profits or Pastoralist Precarity,Independent,2025,swamp
doc_01,Carbon Profits or Pastoralist Precarity,Independent,2025,forest
doc_01,Carbon Profits or Pastoralist Precarity,Independent,2025,store
doc_01,Carbon Profits or Pastoralist Precarity,Independent,2025,mitigate
doc_01,Carbon Profits or Pastoralist Precarity,Independent,2025,climate
doc_01,Carbon Profits or Pastoralist Precarity,Independent,2025,change
doc_01,Carbon Profits or Pastoralist Precarity,Independent,2025,prove
doc_01,Carbon Profits or Pastoralist Precarity,Independent,2025,pose
doc_01,Carbon Profits or Pastoralist Precarity,Independent,2025,potential
doc_01,Carbon Profits or Pastoralist Precarity,Independent,2025,risk
doc_01,Carbon Profits or Pastoralist Precarity,Independent,2025,exacerbate
doc_01,Carbon Profits or Pastoralist Precarity,Independent,2025,resourcebased
doc_01,Carbon Profits or Pastoralist Precarity,Independent,2025,conflict
doc_01,Carbon Profits or Pastoralist Precarity,Independent,2025,due
doc_01,Carbon Profits or Pastoralist Precarity,Independent,2025,abrupt
doc_01,Carbon Profits or Pastoralist Precarity,Independent,2025,largescale
doc_01,Carbon Profits or Pastoralist Precarity,Independent,2025,landuse
doc_01,Carbon Profits or Pastoralist Precarity,Independent,2025,change
doc_01,Carbon Profits or Pastoralist Precarity,Independent,2025,restriction
doc_01,Carbon Profits or Pastoralist Precarity,Independent,2025,policy
doc_01,Carbon Profits or Pastoralist Precarity,Independent,2025,socially
doc_01,Carbon Profits or Pastoralist Precarity,Independent,2025,economically
doc_01,Carbon Profits or Pastoralist Precarity,Independent,2025,affect
doc_01,Carbon Profits or Pastoralist Precarity,Independent,2025,local
doc_01,Carbon Profits or Pastoralist Precarity,Independent,2025,marginalize
doc_01,Carbon Profits or Pastoralist Precarity,Independent,2025,region
doc_01,Carbon Profits or Pastoralist Precarity,Independent,2025,critic
doc_01,Carbon Profits or Pastoralist Precarity,Independent,2025,climate
doc_01,Carbon Profits or Pastoralist Precarity,Independent,2025,finance
doc_01,Carbon Profits or Pastoralist Precarity,Independent,2025,argue
doc_01,Carbon Profits or Pastoralist Precarity,Independent,2025,mechanism
doc_01,Carbon Profits or Pastoralist Precarity,Independent,2025,promote
doc_01,Carbon Profits or Pastoralist Precarity,Independent,2025,neocolonialism
doc_01,Carbon Profits or Pastoralist Precarity,Independent,2025,global
doc_01,Carbon Profits or Pastoralist Precarity,Independent,2025,south
doc_01,Carbon Profits or Pastoralist Precarity,Independent,2025,initiative
doc_01,Carbon Profits or Pastoralist Precarity,Independent,2025,fund
doc_01,Carbon Profits or Pastoralist Precarity,Independent,2025,global
doc_01,Carbon Profits or Pastoralist Precarity,Independent,2025,north
doc_01,Carbon Profits or Pastoralist Precarity,Independent,2025,evite
doc_01,Carbon Profits or Pastoralist Precarity,Independent,2025,zara
doc_01,Carbon Profits or Pastoralist Precarity,Independent,2025,argument
doc_01,Carbon Profits or Pastoralist Precarity,Independent,2025,commodification
doc_01,Carbon Profits or Pastoralist Precarity,Independent,2025,natural
doc_01,Carbon Profits or Pastoralist Precarity,Independent,2025,resource
doc_01,Carbon Profits or Pastoralist Precarity,Independent,2025,scheme
doc_01,Carbon Profits or Pastoralist Precarity,Independent,2025,lead
doc_01,Carbon Profits or Pastoralist Precarity,Independent,2025,unprecedented
doc_01,Carbon Profits or Pastoralist Precarity,Independent,2025,land
doc_01,Carbon Profits or Pastoralist Precarity,Independent,2025,ownership
doc_01,Carbon Profits or Pastoralist Precarity,Independent,2025,shift
doc_01,Carbon Profits or Pastoralist Precarity,Independent,2025,exacerbate
doc_01,Carbon Profits or Pastoralist Precarity,Independent,2025,resourcebased
doc_01,Carbon Profits or Pastoralist Precarity,Independent,2025,conflict
doc_01,Carbon Profits or Pastoralist Precarity,Independent,2025,region
doc_01,Carbon Profits or Pastoralist Precarity,Independent,2025,authority
doc_01,Carbon Profits or Pastoralist Precarity,Independent,2025,land
doc_01,Carbon Profits or Pastoralist Precarity,Independent,2025,hand
doc_01,Carbon Profits or Pastoralist Precarity,Independent,2025,private
doc_01,Carbon Profits or Pastoralist Precarity,Independent,2025,business
doc_01,Carbon Profits or Pastoralist Precarity,Independent,2025,frontier
doc_01,Carbon Profits or Pastoralist Precarity,Independent,2025,hand
doc_01,Carbon Profits or Pastoralist Precarity,Independent,2025,bersaglio
doc_01,Carbon Profits or Pastoralist Precarity,Independent,2025,lohmann
doc_01,Carbon Profits or Pastoralist Precarity,Independent,2025,disruption
doc_01,Carbon Profits or Pastoralist Precarity,Independent,2025,affect
doc_01,Carbon Profits or Pastoralist Precarity,Independent,2025,traditional
doc_01,Carbon Profits or Pastoralist Precarity,Independent,2025,livelihood
doc_01,Carbon Profits or Pastoralist Precarity,Independent,2025,create
doc_01,Carbon Profits or Pastoralist Precarity,Independent,2025,dependency
doc_01,Carbon Profits or Pastoralist Precarity,Independent,2025,profitoriented
doc_01,Carbon Profits or Pastoralist Precarity,Independent,2025,external
doc_01,Carbon Profits or Pastoralist Precarity,Independent,2025,market
doc_01,Carbon Profits or Pastoralist Precarity,Independent,2025,creditsnorthern
doc_01,Carbon Profits or Pastoralist Precarity,Independent,2025,kenyas
doc_01,Carbon Profits or Pastoralist Precarity,Independent,2025,historical
doc_01,Carbon Profits or Pastoralist Precarity,Independent,2025,current
doc_01,Carbon Profits or Pastoralist Precarity,Independent,2025,conflict
doc_01,Carbon Profits or Pastoralist Precarity,Independent,2025,dynamic
doc_01,Carbon Profits or Pastoralist Precarity,Independent,2025,frontier
doc_01,Carbon Profits or Pastoralist Precarity,Independent,2025,district
doc_01,Carbon Profits or Pastoralist Precarity,Independent,2025,nfd
doc_01,Carbon Profits or Pastoralist Precarity,Independent,2025,establish
doc_01,Carbon Profits or Pastoralist Precarity,Independent,2025,british
doc_01,Carbon Profits or Pastoralist Precarity,Independent,2025,colonial
doc_01,Carbon Profits or Pastoralist Precarity,Independent,2025,rule
doc_01,Carbon Profits or Pastoralist Precarity,Independent,2025,cover
doc_01,Carbon Profits or Pastoralist Precarity,Independent,2025,vast
doc_01,Carbon Profits or Pastoralist Precarity,Independent,2025,inhabit
doc_01,Carbon Profits or Pastoralist Precarity,Independent,2025,primarily
doc_01,Carbon Profits or Pastoralist Precarity,Independent,2025,pastoralist
doc_01,Carbon Profits or Pastoralist Precarity,Independent,2025,colonial
doc_01,Carbon Profits or Pastoralist Precarity,Independent,2025,period
doc_01,Carbon Profits or Pastoralist Precarity,Independent,2025,nfd
doc_01,Carbon Profits or Pastoralist Precarity,Independent,2025,administer
doc_01,Carbon Profits or Pastoralist Precarity,Independent,2025,separately
doc_01,Carbon Profits or Pastoralist Precarity,Independent,2025,rest
doc_01,Carbon Profits or Pastoralist Precarity,Independent,2025,country
doc_01,Carbon Profits or Pastoralist Precarity,Independent,2025,policy
doc_01,Carbon Profits or Pastoralist Precarity,Independent,2025,drive
doc_01,Carbon Profits or Pastoralist Precarity,Independent,2025,perceive
doc_01,Carbon Profits or Pastoralist Precarity,Independent,2025,remoteness
doc_01,Carbon Profits or Pastoralist Precarity,Independent,2025,security
doc_01,Carbon Profits or Pastoralist Precarity,Independent,2025,concern
doc_01,Carbon Profits or Pastoralist Precarity,Independent,2025,relate
doc_01,Carbon Profits or Pastoralist Precarity,Independent,2025,region
doc_01,Carbon Profits or Pastoralist Precarity,Independent,2025,proximity
doc_01,Carbon Profits or Pastoralist Precarity,Independent,2025,ethiopia
doc_01,Carbon Profits or Pastoralist Precarity,Independent,2025,somalia
doc_01,Carbon Profits or Pastoralist Precarity,Independent,2025,schlee
doc_01,Carbon Profits or Pastoralist Precarity,Independent,2025,follow
doc_01,Carbon Profits or Pastoralist Precarity,Independent,2025,fail
doc_01,Carbon Profits or Pastoralist Precarity,Independent,2025,attempt
doc_01,Carbon Profits or Pastoralist Precarity,Independent,2025,join
doc_01,Carbon Profits or Pastoralist Precarity,Independent,2025,somalia
doc_01,Carbon Profits or Pastoralist Precarity,Independent,2025,kenyas
doc_01,Carbon Profits or Pastoralist Precarity,Independent,2025,independence
doc_01,Carbon Profits or Pastoralist Precarity,Independent,2025,nfd
doc_01,Carbon Profits or Pastoralist Precarity,Independent,2025,cope
doc_01,Carbon Profits or Pastoralist Precarity,Independent,2025,legacy
doc_01,Carbon Profits or Pastoralist Precarity,Independent,2025,neglect
doc_01,Carbon Profits or Pastoralist Precarity,Independent,2025,marginalization
doc_01,Carbon Profits or Pastoralist Precarity,Independent,2025,contest
doc_01,Carbon Profits or Pastoralist Precarity,Independent,2025,identity
doc_01,Carbon Profits or Pastoralist Precarity,Independent,2025,date
doc_01,Carbon Profits or Pastoralist Precarity,Independent,2025,sharamo
doc_01,Carbon Profits or Pastoralist Precarity,Independent,2025,characterize
doc_01,Carbon Profits or Pastoralist Precarity,Independent,2025,violent
doc_01,Carbon Profits or Pastoralist Precarity,Independent,2025,conflict
doc_01,Carbon Profits or Pastoralist Precarity,Independent,2025,pastoral
doc_01,Carbon Profits or Pastoralist Precarity,Independent,2025,acled
doc_01,Carbon Profits or Pastoralist Precarity,Independent,2025,arm
doc_01,Carbon Profits or Pastoralist Precarity,Independent,2025,conflict
doc_01,Carbon Profits or Pastoralist Precarity,Independent,2025,location
doc_01,Carbon Profits or Pastoralist Precarity,Independent,2025,event
doc_01,Carbon Profits or Pastoralist Precarity,Independent,2025,datum
doc_01,Carbon Profits or Pastoralist Precarity,Independent,2025,analyze
doc_01,Carbon Profits or Pastoralist Precarity,Independent,2025,pastoral
doc_01,Carbon Profits or Pastoralist Precarity,Independent,2025,conflict
doc_01,Carbon Profits or Pastoralist Precarity,Independent,2025,illustrate
doc_01,Carbon Profits or Pastoralist Precarity,Independent,2025,fluctuation
doc_01,Carbon Profits or Pastoralist Precarity,Independent,2025,lethal
doc_01,Carbon Profits or Pastoralist Precarity,Independent,2025,eventsat
doc_01,Carbon Profits or Pastoralist Precarity,Independent,2025,person
doc_01,Carbon Profits or Pastoralist Precarity,Independent,2025,kill
doc_01,Carbon Profits or Pastoralist Precarity,Independent,2025,numb
doc_01,Carbon Profits or Pastoralist Precarity,Independent,2025,conflict
doc_01,Carbon Profits or Pastoralist Precarity,Independent,2025,event
doc_01,Carbon Profits or Pastoralist Precarity,Independent,2025,involve
doc_01,Carbon Profits or Pastoralist Precarity,Independent,2025,pastoral
doc_01,Carbon Profits or Pastoralist Precarity,Independent,2025,actor
doc_01,Carbon Profits or Pastoralist Precarity,Independent,2025,result
doc_01,Carbon Profits or Pastoralist Precarity,Independent,2025,fatality
doc_01,Carbon Profits or Pastoralist Precarity,Independent,2025,conflict
doc_01,Carbon Profits or Pastoralist Precarity,Independent,2025,incident
doc_01,Carbon Profits or Pastoralist Precarity,Independent,2025,intensify
doc_01,Carbon Profits or Pastoralist Precarity,Independent,2025,lethal
doc_01,Carbon Profits or Pastoralist Precarity,Independent,2025,conflict
doc_01,Carbon Profits or Pastoralist Precarity,Independent,2025,substantial
doc_01,Carbon Profits or Pastoralist Precarity,Independent,2025,increase
doc_01,Carbon Profits or Pastoralist Precarity,Independent,2025,partly
doc_01,Carbon Profits or Pastoralist Precarity,Independent,2025,tie
doc_01,Carbon Profits or Pastoralist Precarity,Independent,2025,prolong
doc_01,Carbon Profits or Pastoralist Precarity,Independent,2025,drought
doc_01,Carbon Profits or Pastoralist Precarity,Independent,2025,affect
doc_01,Carbon Profits or Pastoralist Precarity,Independent,2025,suggest
doc_01,Carbon Profits or Pastoralist Precarity,Independent,2025,correlation
doc_01,Carbon Profits or Pastoralist Precarity,Independent,2025,environmentalinduced
doc_01,Carbon Profits or Pastoralist Precarity,Independent,2025,challenge
doc_01,Carbon Profits or Pastoralist Precarity,Independent,2025,enhance
doc_01,Carbon Profits or Pastoralist Precarity,Independent,2025,mobility
doc_01,Carbon Profits or Pastoralist Precarity,Independent,2025,pastoralist
doc_01,Carbon Profits or Pastoralist Precarity,Independent,2025,intensify
doc_01,Carbon Profits or Pastoralist Precarity,Independent,2025,conflict
doc_01,Carbon Profits or Pastoralist Precarity,Independent,2025,scarce
doc_01,Carbon Profits or Pastoralist Precarity,Independent,2025,resource
doc_01,Carbon Profits or Pastoralist Precarity,Independent,2025,conflict
doc_01,Carbon Profits or Pastoralist Precarity,Independent,2025,postelection
doc_01,Carbon Profits or Pastoralist Precarity,Independent,2025,violence
doc_01,Carbon Profits or Pastoralist Precarity,Independent,2025,affect
doc_01,Carbon Profits or Pastoralist Precarity,Independent,2025,country
doc_01,Carbon Profits or Pastoralist Precarity,Independent,2025,traditional
doc_01,Carbon Profits or Pastoralist Precarity,Independent,2025,ethnic
doc_01,Carbon Profits or Pastoralist Precarity,Independent,2025,rivalry
doc_01,Carbon Profits or Pastoralist Precarity,Independent,2025,restock
doc_01,Carbon Profits or Pastoralist Precarity,Independent,2025,livestock
doc_01,Carbon Profits or Pastoralist Precarity,Independent,2025,drought
doc_01,Carbon Profits or Pastoralist Precarity,Independent,2025,disease
doc_01,Carbon Profits or Pastoralist Precarity,Independent,2025,cultural
doc_01,Carbon Profits or Pastoralist Precarity,Independent,2025,practice
doc_01,Carbon Profits or Pastoralist Precarity,Independent,2025,revenge
doc_01,Carbon Profits or Pastoralist Precarity,Independent,2025,supremacy
doc_01,Carbon Profits or Pastoralist Precarity,Independent,2025,battle
doc_01,Carbon Profits or Pastoralist Precarity,Independent,2025,bride
doc_01,Carbon Profits or Pastoralist Precarity,Independent,2025,price
doc_01,Carbon Profits or Pastoralist Precarity,Independent,2025,payment
doc_01,Carbon Profits or Pastoralist Precarity,Independent,2025,continue
doc_01,Carbon Profits or Pastoralist Precarity,Independent,2025,play
doc_01,Carbon Profits or Pastoralist Precarity,Independent,2025,role
doc_01,Carbon Profits or Pastoralist Precarity,Independent,2025,witsenburg
doc_01,Carbon Profits or Pastoralist Precarity,Independent,2025,adano
doc_01,Carbon Profits or Pastoralist Precarity,Independent,2025,recent
doc_01,Carbon Profits or Pastoralist Precarity,Independent,2025,factor
doc_01,Carbon Profits or Pastoralist Precarity,Independent,2025,include
doc_01,Carbon Profits or Pastoralist Precarity,Independent,2025,boundarymaking
doc_01,Carbon Profits or Pastoralist Precarity,Independent,2025,conflict
doc_01,Carbon Profits or Pastoralist Precarity,Independent,2025,ethnically
doc_01,Carbon Profits or Pastoralist Precarity,Independent,2025,define
doc_01,Carbon Profits or Pastoralist Precarity,Independent,2025,county
doc_01,Carbon Profits or Pastoralist Precarity,Independent,2025,devolution
doc_01,Carbon Profits or Pastoralist Precarity,Independent,2025,push
doc_01,Carbon Profits or Pastoralist Precarity,Independent,2025,define
doc_01,Carbon Profits or Pastoralist Precarity,Independent,2025,county
doc_01,Carbon Profits or Pastoralist Precarity,Independent,2025,boundary
doc_01,Carbon Profits or Pastoralist Precarity,Independent,2025,escalate
doc_01,Carbon Profits or Pastoralist Precarity,Independent,2025,ethnic
doc_01,Carbon Profits or Pastoralist Precarity,Independent,2025,mobilization
doc_01,Carbon Profits or Pastoralist Precarity,Independent,2025,politicization
doc_01,Carbon Profits or Pastoralist Precarity,Independent,2025,ethnicity
doc_01,Carbon Profits or Pastoralist Precarity,Independent,2025,dynamic
doc_01,Carbon Profits or Pastoralist Precarity,Independent,2025,combine
doc_01,Carbon Profits or Pastoralist Precarity,Independent,2025,commercialization
doc_01,Carbon Profits or Pastoralist Precarity,Independent,2025,livestock
doc_01,Carbon Profits or Pastoralist Precarity,Independent,2025,rustle
doc_01,Carbon Profits or Pastoralist Precarity,Independent,2025,intensify
doc_01,Carbon Profits or Pastoralist Precarity,Independent,2025,resource
doc_01,Carbon Profits or Pastoralist Precarity,Independent,2025,competition
doc_01,Carbon Profits or Pastoralist Precarity,Independent,2025,fight
doc_01,Carbon Profits or Pastoralist Precarity,Independent,2025,focus
doc_01,Carbon Profits or Pastoralist Precarity,Independent,2025,access
doc_01,Carbon Profits or Pastoralist Precarity,Independent,2025,control
doc_01,Carbon Profits or Pastoralist Precarity,Independent,2025,boundary
doc_01,Carbon Profits or Pastoralist Precarity,Independent,2025,tool
doc_01,Carbon Profits or Pastoralist Precarity,Independent,2025,enable
doc_01,Carbon Profits or Pastoralist Precarity,Independent,2025,access
doc_01,Carbon Profits or Pastoralist Precarity,Independent,2025,limit
doc_01,Carbon Profits or Pastoralist Precarity,Independent,2025,access
doc_01,Carbon Profits or Pastoralist Precarity,Independent,2025,resource
doc_01,Carbon Profits or Pastoralist Precarity,Independent,2025,intercounty
doc_01,Carbon Profits or Pastoralist Precarity,Independent,2025,borderland
doc_01,Carbon Profits or Pastoralist Precarity,Independent,2025,eaton
doc_01,Carbon Profits or Pastoralist Precarity,Independent,2025,schilling
doc_01,Carbon Profits or Pastoralist Precarity,Independent,2025,critical
doc_01,Carbon Profits or Pastoralist Precarity,Independent,2025,pastoral
doc_01,Carbon Profits or Pastoralist Precarity,Independent,2025,resource
doc_01,Carbon Profits or Pastoralist Precarity,Independent,2025,livestock
doc_01,Carbon Profits or Pastoralist Precarity,Independent,2025,water
doc_01,Carbon Profits or Pastoralist Precarity,Independent,2025,land
doc_01,Carbon Profits or Pastoralist Precarity,Independent,2025,pasture
doc_01,Carbon Profits or Pastoralist Precarity,Independent,2025,central
doc_01,Carbon Profits or Pastoralist Precarity,Independent,2025,conflict
doc_01,Carbon Profits or Pastoralist Precarity,Independent,2025,resource
doc_01,Carbon Profits or Pastoralist Precarity,Independent,2025,affect
doc_01,Carbon Profits or Pastoralist Precarity,Independent,2025,environmental
doc_01,Carbon Profits or Pastoralist Precarity,Independent,2025,pressure
doc_01,Carbon Profits or Pastoralist Precarity,Independent,2025,include
doc_01,Carbon Profits or Pastoralist Precarity,Independent,2025,drought
doc_01,Carbon Profits or Pastoralist Precarity,Independent,2025,flood
doc_01,Carbon Profits or Pastoralist Precarity,Independent,2025,increase
doc_01,Carbon Profits or Pastoralist Precarity,Independent,2025,variability
doc_01,Carbon Profits or Pastoralist Precarity,Independent,2025,region
doc_01,Carbon Profits or Pastoralist Precarity,Independent,2025,major
doc_01,Carbon Profits or Pastoralist Precarity,Independent,2025,rainy
doc_01,Carbon Profits or Pastoralist Precarity,Independent,2025,season
doc_01,Carbon Profits or Pastoralist Precarity,Independent,2025,april
doc_01,Carbon Profits or Pastoralist Precarity,Independent,2025,october
doc_01,Carbon Profits or Pastoralist Precarity,Independent,2025,eberle
doc_01,Carbon Profits or Pastoralist Precarity,Independent,2025,climaterelated
doc_01,Carbon Profits or Pastoralist Precarity,Independent,2025,resource
doc_01,Carbon Profits or Pastoralist Precarity,Independent,2025,scarcity
doc_01,Carbon Profits or Pastoralist Precarity,Independent,2025,prolong
doc_01,Carbon Profits or Pastoralist Precarity,Independent,2025,drought
doc_01,Carbon Profits or Pastoralist Precarity,Independent,2025,affect
doc_01,Carbon Profits or Pastoralist Precarity,Independent,2025,time
doc_01,Carbon Profits or Pastoralist Precarity,Independent,2025,frequency
doc_01,Carbon Profits or Pastoralist Precarity,Independent,2025,raid
doc_01,Carbon Profits or Pastoralist Precarity,Independent,2025,governance
doc_01,Carbon Profits or Pastoralist Precarity,Independent,2025,resource
doc_01,Carbon Profits or Pastoralist Precarity,Independent,2025,newly
doc_01,Carbon Profits or Pastoralist Precarity,Independent,2025,devolve
doc_01,Carbon Profits or Pastoralist Precarity,Independent,2025,system
doc_01,Carbon Profits or Pastoralist Precarity,Independent,2025,critical
doc_01,Carbon Profits or Pastoralist Precarity,Independent,2025,determine
doc_01,Carbon Profits or Pastoralist Precarity,Independent,2025,resource
doc_01,Carbon Profits or Pastoralist Precarity,Independent,2025,depletion
doc_01,Carbon Profits or Pastoralist Precarity,Independent,2025,lead
doc_01,Carbon Profits or Pastoralist Precarity,Independent,2025,conflict
doc_01,Carbon Profits or Pastoralist Precarity,Independent,2025,cooperation
doc_01,Carbon Profits or Pastoralist Precarity,Independent,2025,conservation
doc_01,Carbon Profits or Pastoralist Precarity,Independent,2025,initiative
doc_01,Carbon Profits or Pastoralist Precarity,Independent,2025,conflict
doc_01,Carbon Profits or Pastoralist Precarity,Independent,2025,intensify
doc_01,Carbon Profits or Pastoralist Precarity,Independent,2025,follow
doc_01,Carbon Profits or Pastoralist Precarity,Independent,2025,expansion
doc_01,Carbon Profits or Pastoralist Precarity,Independent,2025,commercialize
doc_01,Carbon Profits or Pastoralist Precarity,Independent,2025,raid
doc_01,Carbon Profits or Pastoralist Precarity,Independent,2025,involve
doc_01,Carbon Profits or Pastoralist Precarity,Independent,2025,local
doc_01,Carbon Profits or Pastoralist Precarity,Independent,2025,warrior
doc_01,Carbon Profits or Pastoralist Precarity,Independent,2025,ranger
doc_01,Carbon Profits or Pastoralist Precarity,Independent,2025,ngo
doc_01,Carbon Profits or Pastoralist Precarity,Independent,2025,condemn
doc_01,Carbon Profits or Pastoralist Precarity,Independent,2025,local
doc_01,Carbon Profits or Pastoralist Precarity,Independent,2025,agent
doc_01,Carbon Profits or Pastoralist Precarity,Independent,2025,violence
doc_01,Carbon Profits or Pastoralist Precarity,Independent,2025,follow
doc_01,Carbon Profits or Pastoralist Precarity,Independent,2025,extrajudicial
doc_01,Carbon Profits or Pastoralist Precarity,Independent,2025,killing
doc_01,Carbon Profits or Pastoralist Precarity,Independent,2025,local
doc_01,Carbon Profits or Pastoralist Precarity,Independent,2025,pastoralist
doc_01,Carbon Profits or Pastoralist Precarity,Independent,2025,promote
doc_01,Carbon Profits or Pastoralist Precarity,Independent,2025,agent
doc_01,Carbon Profits or Pastoralist Precarity,Independent,2025,peace
doc_01,Carbon Profits or Pastoralist Precarity,Independent,2025,define
doc_01,Carbon Profits or Pastoralist Precarity,Independent,2025,conservation
doc_01,Carbon Profits or Pastoralist Precarity,Independent,2025,peacebuilding
doc_01,Carbon Profits or Pastoralist Precarity,Independent,2025,counsell
doc_01,Carbon Profits or Pastoralist Precarity,Independent,2025,unintended
doc_01,Carbon Profits or Pastoralist Precarity,Independent,2025,consequence
doc_01,Carbon Profits or Pastoralist Precarity,Independent,2025,attempt
doc_01,Carbon Profits or Pastoralist Precarity,Independent,2025,sell
doc_01,Carbon Profits or Pastoralist Precarity,Independent,2025,pastoral
doc_01,Carbon Profits or Pastoralist Precarity,Independent,2025,air
doc_01,Carbon Profits or Pastoralist Precarity,Independent,2025,natural
doc_01,Carbon Profits or Pastoralist Precarity,Independent,2025,solution
doc_01,Carbon Profits or Pastoralist Precarity,Independent,2025,climate
doc_01,Carbon Profits or Pastoralist Precarity,Independent,2025,alliance
doc_01,Carbon Profits or Pastoralist Precarity,Independent,2025,nsca
doc_01,Carbon Profits or Pastoralist Precarity,Independent,2025,president
doc_01,Carbon Profits or Pastoralist Precarity,Independent,2025,william
doc_01,Carbon Profits or Pastoralist Precarity,Independent,2025,ruto
doc_01,Carbon Profits or Pastoralist Precarity,Independent,2025,cop
doc_01,Carbon Profits or Pastoralist Precarity,Independent,2025,climate
doc_01,Carbon Profits or Pastoralist Precarity,Independent,2025,conference
doc_01,Carbon Profits or Pastoralist Precarity,Independent,2025,crucial
doc_01,Carbon Profits or Pastoralist Precarity,Independent,2025,timely
doc_01,Carbon Profits or Pastoralist Precarity,Independent,2025,initiative
doc_01,Carbon Profits or Pastoralist Precarity,Independent,2025,combat
doc_01,Carbon Profits or Pastoralist Precarity,Independent,2025,climate
doc_01,Carbon Profits or Pastoralist Precarity,Independent,2025,change
doc_01,Carbon Profits or Pastoralist Precarity,Independent,2025,sequestration
doc_01,Carbon Profits or Pastoralist Precarity,Independent,2025,promote
doc_01,Carbon Profits or Pastoralist Precarity,Independent,2025,biodiversity
doc_01,Carbon Profits or Pastoralist Precarity,Independent,2025,sustainable
doc_01,Carbon Profits or Pastoralist Precarity,Independent,2025,wildlife
doc_01,Carbon Profits or Pastoralist Precarity,Independent,2025,pastoralist
doc_01,Carbon Profits or Pastoralist Precarity,Independent,2025,beneath
doc_01,Carbon Profits or Pastoralist Precarity,Independent,2025,environmental
doc_01,Carbon Profits or Pastoralist Precarity,Independent,2025,solution
doc_01,Carbon Profits or Pastoralist Precarity,Independent,2025,agendum
doc_01,Carbon Profits or Pastoralist Precarity,Independent,2025,lie
doc_01,Carbon Profits or Pastoralist Precarity,Independent,2025,problematic
doc_01,Carbon Profits or Pastoralist Precarity,Independent,2025,complex
doc_01,Carbon Profits or Pastoralist Precarity,Independent,2025,social
doc_01,Carbon Profits or Pastoralist Precarity,Independent,2025,inequality
doc_01,Carbon Profits or Pastoralist Precarity,Independent,2025,violent
doc_01,Carbon Profits or Pastoralist Precarity,Independent,2025,contestations
doc_01,Carbon Profits or Pastoralist Precarity,Independent,2025,stem
doc_01,Carbon Profits or Pastoralist Precarity,Independent,2025,restrict
doc_01,Carbon Profits or Pastoralist Precarity,Independent,2025,graze
doc_01,Carbon Profits or Pastoralist Precarity,Independent,2025,policy
doc_01,Carbon Profits or Pastoralist Precarity,Independent,2025,exclusion
doc_01,Carbon Profits or Pastoralist Precarity,Independent,2025,pastoralist
doc_01,Carbon Profits or Pastoralist Precarity,Independent,2025,financial
doc_01,Carbon Profits or Pastoralist Precarity,Independent,2025,benefit
doc_01,Carbon Profits or Pastoralist Precarity,Independent,2025,reallocation
doc_01,Carbon Profits or Pastoralist Precarity,Independent,2025,traditional
doc_01,Carbon Profits or Pastoralist Precarity,Independent,2025,communal
doc_01,Carbon Profits or Pastoralist Precarity,Independent,2025,graze
doc_01,Carbon Profits or Pastoralist Precarity,Independent,2025,land
doc_01,Carbon Profits or Pastoralist Precarity,Independent,2025,sequestration
doc_01,Carbon Profits or Pastoralist Precarity,Independent,2025,zone
doc_01,Carbon Profits or Pastoralist Precarity,Independent,2025,borana
doc_01,Carbon Profits or Pastoralist Precarity,Independent,2025,samburu
doc_01,Carbon Profits or Pastoralist Precarity,Independent,2025,land
doc_01,Carbon Profits or Pastoralist Precarity,Independent,2025,violent
doc_01,Carbon Profits or Pastoralist Precarity,Independent,2025,invasion
doc_01,Carbon Profits or Pastoralist Precarity,Independent,2025,morans
doc_01,Carbon Profits or Pastoralist Precarity,Independent,2025,unmarried
doc_01,Carbon Profits or Pastoralist Precarity,Independent,2025,warrior
doc_01,Carbon Profits or Pastoralist Precarity,Independent,2025,arm
doc_01,Carbon Profits or Pastoralist Precarity,Independent,2025,rifle
doc_01,Carbon Profits or Pastoralist Precarity,Independent,2025,feel
doc_01,Carbon Profits or Pastoralist Precarity,Independent,2025,choice
doc_01,Carbon Profits or Pastoralist Precarity,Independent,2025,forcefully
doc_01,Carbon Profits or Pastoralist Precarity,Independent,2025,access
doc_01,Carbon Profits or Pastoralist Precarity,Independent,2025,core
doc_01,Carbon Profits or Pastoralist Precarity,Independent,2025,conservation
doc_01,Carbon Profits or Pastoralist Precarity,Independent,2025,preserve
doc_01,Carbon Profits or Pastoralist Precarity,Independent,2025,wildlife
doc_01,Carbon Profits or Pastoralist Precarity,Independent,2025,tourist
doc_01,Carbon Profits or Pastoralist Precarity,Independent,2025,lodge
doc_01,Carbon Profits or Pastoralist Precarity,Independent,2025,access
doc_01,Carbon Profits or Pastoralist Precarity,Independent,2025,pasture
doc_01,Carbon Profits or Pastoralist Precarity,Independent,2025,livestock
doc_01,Carbon Profits or Pastoralist Precarity,Independent,2025,methodology
doc_01,Carbon Profits or Pastoralist Precarity,Independent,2025,idea
doc_01,Carbon Profits or Pastoralist Precarity,Independent,2025,pastoralist
doc_01,Carbon Profits or Pastoralist Precarity,Independent,2025,historically
doc_01,Carbon Profits or Pastoralist Precarity,Independent,2025,depend
doc_01,Carbon Profits or Pastoralist Precarity,Independent,2025,ability
doc_01,Carbon Profits or Pastoralist Precarity,Independent,2025,move
doc_01,Carbon Profits or Pastoralist Precarity,Independent,2025,vast
doc_01,Carbon Profits or Pastoralist Precarity,Independent,2025,landscape
doc_01,Carbon Profits or Pastoralist Precarity,Independent,2025,search
doc_01,Carbon Profits or Pastoralist Precarity,Independent,2025,water
doc_01,Carbon Profits or Pastoralist Precarity,Independent,2025,pasture
doc_01,Carbon Profits or Pastoralist Precarity,Independent,2025,livestock
doc_01,Carbon Profits or Pastoralist Precarity,Independent,2025,completely
doc_01,Carbon Profits or Pastoralist Precarity,Independent,2025,ignore
doc_01,Carbon Profits or Pastoralist Precarity,Independent,2025,mobility
doc_01,Carbon Profits or Pastoralist Precarity,Independent,2025,essential
doc_01,Carbon Profits or Pastoralist Precarity,Independent,2025,survival
doc_01,Carbon Profits or Pastoralist Precarity,Independent,2025,resource
doc_01,Carbon Profits or Pastoralist Precarity,Independent,2025,share
doc_01,Carbon Profits or Pastoralist Precarity,Independent,2025,time
doc_01,Carbon Profits or Pastoralist Precarity,Independent,2025,severe
doc_01,Carbon Profits or Pastoralist Precarity,Independent,2025,environmental
doc_01,Carbon Profits or Pastoralist Precarity,Independent,2025,scarcity
doc_01,Carbon Profits or Pastoralist Precarity,Independent,2025,disrupt
doc_01,Carbon Profits or Pastoralist Precarity,Independent,2025,model
doc_01,Carbon Profits or Pastoralist Precarity,Independent,2025,preserve
doc_01,Carbon Profits or Pastoralist Precarity,Independent,2025,storage
doc_01,Carbon Profits or Pastoralist Precarity,Independent,2025,soil
doc_01,Carbon Profits or Pastoralist Precarity,Independent,2025,mkutu
doc_01,Carbon Profits or Pastoralist Precarity,Independent,2025,interviewee
doc_01,Carbon Profits or Pastoralist Precarity,Independent,2025,express
doc_01,Carbon Profits or Pastoralist Precarity,Independent,2025,frustration
doc_01,Carbon Profits or Pastoralist Precarity,Independent,2025,follow
doc_01,Carbon Profits or Pastoralist Precarity,Independent,2025,restriction
doc_01,Carbon Profits or Pastoralist Precarity,Independent,2025,policy
doc_01,Carbon Profits or Pastoralist Precarity,Independent,2025,exacerbate
doc_01,Carbon Profits or Pastoralist Precarity,Independent,2025,exist
doc_01,Carbon Profits or Pastoralist Precarity,Independent,2025,vulnerability
doc_01,Carbon Profits or Pastoralist Precarity,Independent,2025,prolong
doc_01,Carbon Profits or Pastoralist Precarity,Independent,2025,drought
doc_01,Carbon Profits or Pastoralist Precarity,Independent,2025,sweep
doc_01,Carbon Profits or Pastoralist Precarity,Independent,2025,pastoral
doc_01,Carbon Profits or Pastoralist Precarity,Independent,2025,livestock
doc_01,Carbon Profits or Pastoralist Precarity,Independent,2025,pasture
doc_01,Carbon Profits or Pastoralist Precarity,Independent,2025,urgent
doc_01,Carbon Profits or Pastoralist Precarity,Independent,2025,spike
doc_01,Carbon Profits or Pastoralist Precarity,Independent,2025,conflict
doc_01,Carbon Profits or Pastoralist Precarity,Independent,2025,exclusion
doc_01,Carbon Profits or Pastoralist Precarity,Independent,2025,graze
doc_01,Carbon Profits or Pastoralist Precarity,Independent,2025,land
doc_01,Carbon Profits or Pastoralist Precarity,Independent,2025,perceive
doc_01,Carbon Profits or Pastoralist Precarity,Independent,2025,loss
doc_01,Carbon Profits or Pastoralist Precarity,Independent,2025,economic
doc_01,Carbon Profits or Pastoralist Precarity,Independent,2025,livelihood
doc_01,Carbon Profits or Pastoralist Precarity,Independent,2025,violation
doc_01,Carbon Profits or Pastoralist Precarity,Independent,2025,customary
doc_01,Carbon Profits or Pastoralist Precarity,Independent,2025,land
doc_01,Carbon Profits or Pastoralist Precarity,Independent,2025,situation
doc_01,Carbon Profits or Pastoralist Precarity,Independent,2025,worsen
doc_01,Carbon Profits or Pastoralist Precarity,Independent,2025,insecurity
doc_01,Carbon Profits or Pastoralist Precarity,Independent,2025,push
doc_01,Carbon Profits or Pastoralist Precarity,Independent,2025,deploy
doc_01,Carbon Profits or Pastoralist Precarity,Independent,2025,police
doc_01,Carbon Profits or Pastoralist Precarity,Independent,2025,officer
doc_01,Carbon Profits or Pastoralist Precarity,Independent,2025,protect
doc_01,Carbon Profits or Pastoralist Precarity,Independent,2025,tourist
doc_01,Carbon Profits or Pastoralist Precarity,Independent,2025,facility
doc_01,Carbon Profits or Pastoralist Precarity,Independent,2025,local
doc_01,Carbon Profits or Pastoralist Precarity,Independent,2025,invasion
doc_01,Carbon Profits or Pastoralist Precarity,Independent,2025,fund
doc_01,Carbon Profits or Pastoralist Precarity,Independent,2025,dispatch
doc_01,Carbon Profits or Pastoralist Precarity,Independent,2025,spend
doc_01,Carbon Profits or Pastoralist Precarity,Independent,2025,resource
doc_01,Carbon Profits or Pastoralist Precarity,Independent,2025,time
doc_01,Carbon Profits or Pastoralist Precarity,Independent,2025,peacebuilding
doc_01,Carbon Profits or Pastoralist Precarity,Independent,2025,activity
doc_01,Carbon Profits or Pastoralist Precarity,Independent,2025,follow
doc_01,Carbon Profits or Pastoralist Precarity,Independent,2025,spike
doc_01,Carbon Profits or Pastoralist Precarity,Independent,2025,violence
doc_01,Carbon Profits or Pastoralist Precarity,Independent,2025,fund
doc_01,Carbon Profits or Pastoralist Precarity,Independent,2025,pastoral
doc_01,Carbon Profits or Pastoralist Precarity,Independent,2025,development
doc_01,Carbon Profits or Pastoralist Precarity,Independent,2025,convert
doc_01,Carbon Profits or Pastoralist Precarity,Independent,2025,tourism
doc_01,Carbon Profits or Pastoralist Precarity,Independent,2025,site
doc_01,Carbon Profits or Pastoralist Precarity,Independent,2025,expensive
doc_01,Carbon Profits or Pastoralist Precarity,Independent,2025,lodge
doc_01,Carbon Profits or Pastoralist Precarity,Independent,2025,local
doc_01,Carbon Profits or Pastoralist Precarity,Independent,2025,access
doc_01,Carbon Profits or Pastoralist Precarity,Independent,2025,afford
doc_01,Carbon Profits or Pastoralist Precarity,Independent,2025,manual
doc_01,Carbon Profits or Pastoralist Precarity,Independent,2025,labor
doc_01,Carbon Profits or Pastoralist Precarity,Independent,2025,define
doc_01,Carbon Profits or Pastoralist Precarity,Independent,2025,core
doc_01,Carbon Profits or Pastoralist Precarity,Independent,2025,conservation
doc_01,Carbon Profits or Pastoralist Precarity,Independent,2025,wildlife
doc_01,Carbon Profits or Pastoralist Precarity,Independent,2025,block
doc_01,Carbon Profits or Pastoralist Precarity,Independent,2025,pastoral
doc_01,Carbon Profits or Pastoralist Precarity,Independent,2025,lead
doc_01,Carbon Profits or Pastoralist Precarity,Independent,2025,tension
doc_01,Carbon Profits or Pastoralist Precarity,Independent,2025,local
doc_01,Carbon Profits or Pastoralist Precarity,Independent,2025,feel
doc_01,Carbon Profits or Pastoralist Precarity,Independent,2025,disenfranchise
doc_01,Carbon Profits or Pastoralist Precarity,Independent,2025,international
doc_01,Carbon Profits or Pastoralist Precarity,Independent,2025,market
doc_01,Carbon Profits or Pastoralist Precarity,Independent,2025,wellbeing
doc_01,Carbon Profits or Pastoralist Precarity,Independent,2025,local
doc_01,Carbon Profits or Pastoralist Precarity,Independent,2025,survival
doc_01,Carbon Profits or Pastoralist Precarity,Independent,2025,culture
doc_01,Carbon Profits or Pastoralist Precarity,Independent,2025,livelihood
doc_01,Carbon Profits or Pastoralist Precarity,Independent,2025,future
doc_01,Carbon Profits or Pastoralist Precarity,Independent,2025,generation
doc_01,Carbon Profits or Pastoralist Precarity,Independent,2025,elder
doc_01,Carbon Profits or Pastoralist Precarity,Independent,2025,represent
doc_01,Carbon Profits or Pastoralist Precarity,Independent,2025,borana
doc_01,Carbon Profits or Pastoralist Precarity,Independent,2025,isiolo
doc_01,Carbon Profits or Pastoralist Precarity,Independent,2025,statedwe
doc_01,Carbon Profits or Pastoralist Precarity,Independent,2025,traditional
doc_01,Carbon Profits or Pastoralist Precarity,Independent,2025,system
doc_01,Carbon Profits or Pastoralist Precarity,Independent,2025,manage
doc_01,Carbon Profits or Pastoralist Precarity,Independent,2025,dedha
doc_01,Carbon Profits or Pastoralist Precarity,Independent,2025,systemnrt
doc_01,Carbon Profits or Pastoralist Precarity,Independent,2025,demonize
doc_01,Carbon Profits or Pastoralist Precarity,Independent,2025,unplanned
doc_01,Carbon Profits or Pastoralist Precarity,Independent,2025,manage
doc_01,Carbon Profits or Pastoralist Precarity,Independent,2025,bring
doc_01,Carbon Profits or Pastoralist Precarity,Independent,2025,plan
doc_01,Carbon Profits or Pastoralist Precarity,Independent,2025,rotational
doc_01,Carbon Profits or Pastoralist Precarity,Independent,2025,graze
doc_01,Carbon Profits or Pastoralist Precarity,Independent,2025,graze
doc_01,Carbon Profits or Pastoralist Precarity,Independent,2025,maximum
doc_01,Carbon Profits or Pastoralist Precarity,Independent,2025,weeksthis
doc_01,Carbon Profits or Pastoralist Precarity,Independent,2025,undermine
doc_01,Carbon Profits or Pastoralist Precarity,Independent,2025,indigenous
doc_01,Carbon Profits or Pastoralist Precarity,Independent,2025,knowledge
doc_01,Carbon Profits or Pastoralist Precarity,Independent,2025,fear
doc_01,Carbon Profits or Pastoralist Precarity,Independent,2025,view
doc_01,Carbon Profits or Pastoralist Precarity,Independent,2025,primitive
doc_01,Carbon Profits or Pastoralist Precarity,Independent,2025,hide
doc_01,Carbon Profits or Pastoralist Precarity,Independent,2025,agendum
doc_01,Carbon Profits or Pastoralist Precarity,Independent,2025,deny
doc_01,Carbon Profits or Pastoralist Precarity,Independent,2025,access
doc_01,Carbon Profits or Pastoralist Precarity,Independent,2025,land
doc_01,Carbon Profits or Pastoralist Precarity,Independent,2025,grab
doc_01,Carbon Profits or Pastoralist Precarity,Independent,2025,itthis
doc_01,Carbon Profits or Pastoralist Precarity,Independent,2025,agendum
doc_01,Carbon Profits or Pastoralist Precarity,Independent,2025,scam
doc_01,Carbon Profits or Pastoralist Precarity,Independent,2025,decadethey
doc_01,Carbon Profits or Pastoralist Precarity,Independent,2025,money
doc_01,Carbon Profits or Pastoralist Precarity,Independent,2025,communitymoreover
doc_01,Carbon Profits or Pastoralist Precarity,Independent,2025,inequality
doc_01,Carbon Profits or Pastoralist Precarity,Independent,2025,exacerbate
doc_01,Carbon Profits or Pastoralist Precarity,Independent,2025,revenue
doc_01,Carbon Profits or Pastoralist Precarity,Independent,2025,distribute
doc_01,Carbon Profits or Pastoralist Precarity,Independent,2025,international
doc_01,Carbon Profits or Pastoralist Precarity,Independent,2025,partner
doc_01,Carbon Profits or Pastoralist Precarity,Independent,2025,nature
doc_01,Carbon Profits or Pastoralist Precarity,Independent,2025,benefit
doc_01,Carbon Profits or Pastoralist Precarity,Independent,2025,sale
doc_01,Carbon Profits or Pastoralist Precarity,Independent,2025,local
doc_01,Carbon Profits or Pastoralist Precarity,Independent,2025,pastoralist
doc_01,Carbon Profits or Pastoralist Precarity,Independent,2025,reap
doc_01,Carbon Profits or Pastoralist Precarity,Independent,2025,limit
doc_01,Carbon Profits or Pastoralist Precarity,Independent,2025,financial
doc_01,Carbon Profits or Pastoralist Precarity,Independent,2025,reward
doc_01,Carbon Profits or Pastoralist Precarity,Independent,2025,instance
doc_01,Carbon Profits or Pastoralist Precarity,Independent,2025,disclose
doc_01,Carbon Profits or Pastoralist Precarity,Independent,2025,receive
doc_01,Carbon Profits or Pastoralist Precarity,Independent,2025,sale
doc_01,Carbon Profits or Pastoralist Precarity,Independent,2025,ndirangu
doc_01,Carbon Profits or Pastoralist Precarity,Independent,2025,accord
doc_01,Carbon Profits or Pastoralist Precarity,Independent,2025,bylaw
doc_01,Carbon Profits or Pastoralist Precarity,Independent,2025,fund
doc_01,Carbon Profits or Pastoralist Precarity,Independent,2025,direct
doc_01,Carbon Profits or Pastoralist Precarity,Independent,2025,manager
doc_01,Carbon Profits or Pastoralist Precarity,Independent,2025,board
doc_01,Carbon Profits or Pastoralist Precarity,Independent,2025,decision
doc_01,Carbon Profits or Pastoralist Precarity,Independent,2025,regard
doc_01,Carbon Profits or Pastoralist Precarity,Independent,2025,issue
doc_01,Carbon Profits or Pastoralist Precarity,Independent,2025,focus
doc_01,Carbon Profits or Pastoralist Precarity,Independent,2025,resource
doc_01,Carbon Profits or Pastoralist Precarity,Independent,2025,support
doc_01,Carbon Profits or Pastoralist Precarity,Independent,2025,local
doc_01,Carbon Profits or Pastoralist Precarity,Independent,2025,interview
doc_01,Carbon Profits or Pastoralist Precarity,Independent,2025,feel
doc_01,Carbon Profits or Pastoralist Precarity,Independent,2025,sideline
doc_01,Carbon Profits or Pastoralist Precarity,Independent,2025,decisionmaking
doc_01,Carbon Profits or Pastoralist Precarity,Independent,2025,process
doc_01,Carbon Profits or Pastoralist Precarity,Independent,2025,result
doc_01,Carbon Profits or Pastoralist Precarity,Independent,2025,increase
doc_01,Carbon Profits or Pastoralist Precarity,Independent,2025,mistrust
doc_01,Carbon Profits or Pastoralist Precarity,Independent,2025,frustration
doc_01,Carbon Profits or Pastoralist Precarity,Independent,2025,suspicion
doc_01,Carbon Profits or Pastoralist Precarity,Independent,2025,true
doc_01,Carbon Profits or Pastoralist Precarity,Independent,2025,beneficiary
doc_01,Carbon Profits or Pastoralist Precarity,Independent,2025,fund
doc_01,Carbon Profits or Pastoralist Precarity,Independent,2025,pastoralist
doc_01,Carbon Profits or Pastoralist Precarity,Independent,2025,interview
doc_01,Carbon Profits or Pastoralist Precarity,Independent,2025,claim
doc_01,Carbon Profits or Pastoralist Precarity,Independent,2025,process
doc_01,Carbon Profits or Pastoralist Precarity,Independent,2025,topdown
doc_01,Carbon Profits or Pastoralist Precarity,Independent,2025,institutionalize
doc_01,Carbon Profits or Pastoralist Precarity,Independent,2025,fear
doc_01,Carbon Profits or Pastoralist Precarity,Independent,2025,transparency
doc_01,Carbon Profits or Pastoralist Precarity,Independent,2025,sale
doc_01,Carbon Profits or Pastoralist Precarity,Independent,2025,air
doc_01,Carbon Profits or Pastoralist Precarity,Independent,2025,interviewee
doc_01,Carbon Profits or Pastoralist Precarity,Independent,2025,systemic
doc_01,Carbon Profits or Pastoralist Precarity,Independent,2025,issue
doc_01,Carbon Profits or Pastoralist Precarity,Independent,2025,unequal
doc_01,Carbon Profits or Pastoralist Precarity,Independent,2025,distribution
doc_01,Carbon Profits or Pastoralist Precarity,Independent,2025,revenue
doc_01,Carbon Profits or Pastoralist Precarity,Independent,2025,reinforce
doc_01,Carbon Profits or Pastoralist Precarity,Independent,2025,exist
doc_01,Carbon Profits or Pastoralist Precarity,Independent,2025,social
doc_01,Carbon Profits or Pastoralist Precarity,Independent,2025,hierarchy
doc_01,Carbon Profits or Pastoralist Precarity,Independent,2025,elite
doc_01,Carbon Profits or Pastoralist Precarity,Independent,2025,closely
doc_01,Carbon Profits or Pastoralist Precarity,Independent,2025,support
doc_01,Carbon Profits or Pastoralist Precarity,Independent,2025,politician
doc_01,Carbon Profits or Pastoralist Precarity,Independent,2025,economic
doc_01,Carbon Profits or Pastoralist Precarity,Independent,2025,power
doc_01,Carbon Profits or Pastoralist Precarity,Independent,2025,structure
doc_01,Carbon Profits or Pastoralist Precarity,Independent,2025,benefit
doc_01,Carbon Profits or Pastoralist Precarity,Independent,2025,disproportionately
doc_01,Carbon Profits or Pastoralist Precarity,Independent,2025,sale
doc_01,Carbon Profits or Pastoralist Precarity,Independent,2025,note
doc_01,Carbon Profits or Pastoralist Precarity,Independent,2025,board
doc_01,Carbon Profits or Pastoralist Precarity,Independent,2025,manager
doc_01,Carbon Profits or Pastoralist Precarity,Independent,2025,accuse
doc_01,Carbon Profits or Pastoralist Precarity,Independent,2025,mismanage
doc_01,Carbon Profits or Pastoralist Precarity,Independent,2025,fund
doc_01,Carbon Profits or Pastoralist Precarity,Independent,2025,political
doc_01,Carbon Profits or Pastoralist Precarity,Independent,2025,interference
doc_01,Carbon Profits or Pastoralist Precarity,Independent,2025,manipulation
doc_01,Carbon Profits or Pastoralist Precarity,Independent,2025,election
doc_01,Carbon Profits or Pastoralist Precarity,Independent,2025,chairperson
doc_01,Carbon Profits or Pastoralist Precarity,Independent,2025,lucrative
doc_01,Carbon Profits or Pastoralist Precarity,Independent,2025,position
doc_01,Carbon Profits or Pastoralist Precarity,Independent,2025,die
doc_01,Carbon Profits or Pastoralist Precarity,Independent,2025,elite
doc_01,Carbon Profits or Pastoralist Precarity,Independent,2025,control
doc_01,Carbon Profits or Pastoralist Precarity,Independent,2025,resource
doc_01,Carbon Profits or Pastoralist Precarity,Independent,2025,channel
doc_01,Carbon Profits or Pastoralist Precarity,Independent,2025,manage
doc_01,Carbon Profits or Pastoralist Precarity,Independent,2025,development
doc_01,Carbon Profits or Pastoralist Precarity,Independent,2025,allegedly
doc_01,Carbon Profits or Pastoralist Precarity,Independent,2025,position
doc_01,Carbon Profits or Pastoralist Precarity,Independent,2025,power
doc_01,Carbon Profits or Pastoralist Precarity,Independent,2025,influence
doc_01,Carbon Profits or Pastoralist Precarity,Independent,2025,personal
doc_01,Carbon Profits or Pastoralist Precarity,Independent,2025,gain
doc_01,Carbon Profits or Pastoralist Precarity,Independent,2025,exclude
doc_01,Carbon Profits or Pastoralist Precarity,Independent,2025,broad
doc_01,Carbon Profits or Pastoralist Precarity,Independent,2025,benefit
doc_01,Carbon Profits or Pastoralist Precarity,Independent,2025,sideline
doc_01,Carbon Profits or Pastoralist Precarity,Independent,2025,pastoralist
doc_01,Carbon Profits or Pastoralist Precarity,Independent,2025,voice
doc_01,Carbon Profits or Pastoralist Precarity,Independent,2025,fuel
doc_01,Carbon Profits or Pastoralist Precarity,Independent,2025,resentment
doc_01,Carbon Profits or Pastoralist Precarity,Independent,2025,perpetuate
doc_01,Carbon Profits or Pastoralist Precarity,Independent,2025,marginalization
doc_01,Carbon Profits or Pastoralist Precarity,Independent,2025,region
doc_01,Carbon Profits or Pastoralist Precarity,Independent,2025,grapple
doc_01,Carbon Profits or Pastoralist Precarity,Independent,2025,historical
doc_01,Carbon Profits or Pastoralist Precarity,Independent,2025,neglect
doc_01,Carbon Profits or Pastoralist Precarity,Independent,2025,policy
doc_01,Carbon Profits or Pastoralist Precarity,Independent,2025,stem
doc_01,Carbon Profits or Pastoralist Precarity,Independent,2025,colonial
doc_01,Carbon Profits or Pastoralist Precarity,Independent,2025,postcolonial
doc_01,Carbon Profits or Pastoralist Precarity,Independent,2025,regime
doc_01,Carbon Profits or Pastoralist Precarity,Independent,2025,address
doc_01,Carbon Profits or Pastoralist Precarity,Independent,2025,date
doc_01,Carbon Profits or Pastoralist Precarity,Independent,2025,ethnic
doc_01,Carbon Profits or Pastoralist Precarity,Independent,2025,rivalry
doc_01,Carbon Profits or Pastoralist Precarity,Independent,2025,governance
doc_01,Carbon Profits or Pastoralist Precarity,Independent,2025,challenge
doc_01,Carbon Profits or Pastoralist Precarity,Independent,2025,limit
doc_01,Carbon Profits or Pastoralist Precarity,Independent,2025,access
doc_01,Carbon Profits or Pastoralist Precarity,Independent,2025,development
doc_01,Carbon Profits or Pastoralist Precarity,Independent,2025,complicate
doc_01,Carbon Profits or Pastoralist Precarity,Independent,2025,resourcebased
doc_01,Carbon Profits or Pastoralist Precarity,Independent,2025,conflict
doc_01,Carbon Profits or Pastoralist Precarity,Independent,2025,accord
doc_01,Carbon Profits or Pastoralist Precarity,Independent,2025,survival
doc_01,Carbon Profits or Pastoralist Precarity,Independent,2025,international
doc_01,Carbon Profits or Pastoralist Precarity,Independent,2025,blood
doc_01,Carbon Profits or Pastoralist Precarity,Independent,2025,design
doc_01,Carbon Profits or Pastoralist Precarity,Independent,2025,indigenous
doc_01,Carbon Profits or Pastoralist Precarity,Independent,2025,knowledge
doc_01,Carbon Profits or Pastoralist Precarity,Independent,2025,system
doc_01,Carbon Profits or Pastoralist Precarity,Independent,2025,priority
doc_01,Carbon Profits or Pastoralist Precarity,Independent,2025,pastoralist
doc_01,Carbon Profits or Pastoralist Precarity,Independent,2025,land
doc_01,Carbon Profits or Pastoralist Precarity,Independent,2025,resource
doc_01,Carbon Profits or Pastoralist Precarity,Independent,2025,local
doc_01,Carbon Profits or Pastoralist Precarity,Independent,2025,affirm
doc_01,Carbon Profits or Pastoralist Precarity,Independent,2025,interview
doc_01,Carbon Profits or Pastoralist Precarity,Independent,2025,respondent
doc_01,Carbon Profits or Pastoralist Precarity,Independent,2025,feel
doc_01,Carbon Profits or Pastoralist Precarity,Independent,2025,promise
doc_01,Carbon Profits or Pastoralist Precarity,Independent,2025,longterm
doc_01,Carbon Profits or Pastoralist Precarity,Independent,2025,environmental
doc_01,Carbon Profits or Pastoralist Precarity,Independent,2025,sustainability
doc_01,Carbon Profits or Pastoralist Precarity,Independent,2025,abstract
doc_01,Carbon Profits or Pastoralist Precarity,Independent,2025,local
doc_01,Carbon Profits or Pastoralist Precarity,Independent,2025,reality
doc_01,Carbon Profits or Pastoralist Precarity,Independent,2025,specifically
doc_01,Carbon Profits or Pastoralist Precarity,Independent,2025,stem
doc_01,Carbon Profits or Pastoralist Precarity,Independent,2025,graze
doc_01,Carbon Profits or Pastoralist Precarity,Independent,2025,committee
doc_01,Carbon Profits or Pastoralist Precarity,Independent,2025,council
doc_01,Carbon Profits or Pastoralist Precarity,Independent,2025,elder
doc_01,Carbon Profits or Pastoralist Precarity,Independent,2025,unaware
doc_01,Carbon Profits or Pastoralist Precarity,Independent,2025,revenue
doc_01,Carbon Profits or Pastoralist Precarity,Independent,2025,disappear
doc_01,Carbon Profits or Pastoralist Precarity,Independent,2025,release
doc_01,Carbon Profits or Pastoralist Precarity,Independent,2025,manager
doc_01,Carbon Profits or Pastoralist Precarity,Independent,2025,leave
doc_01,Carbon Profits or Pastoralist Precarity,Independent,2025,dark
doc_01,Carbon Profits or Pastoralist Precarity,Independent,2025,call
doc_01,Carbon Profits or Pastoralist Precarity,Independent,2025,public
doc_01,Carbon Profits or Pastoralist Precarity,Independent,2025,participation
doc_01,Carbon Profits or Pastoralist Precarity,Independent,2025,meet
doc_01,Carbon Profits or Pastoralist Precarity,Independent,2025,constitution
doc_01,Carbon Profits or Pastoralist Precarity,Independent,2025,decide
doc_01,Carbon Profits or Pastoralist Precarity,Independent,2025,pastoralist
doc_01,Carbon Profits or Pastoralist Precarity,Independent,2025,elite
doc_01,Carbon Profits or Pastoralist Precarity,Independent,2025,decide
doc_01,Carbon Profits or Pastoralist Precarity,Independent,2025,behalf
doc_01,Carbon Profits or Pastoralist Precarity,Independent,2025,significant
doc_01,Carbon Profits or Pastoralist Precarity,Independent,2025,issue
doc_01,Carbon Profits or Pastoralist Precarity,Independent,2025,concern
doc_01,Carbon Profits or Pastoralist Precarity,Independent,2025,concept
doc_01,Carbon Profits or Pastoralist Precarity,Independent,2025,gap
doc_01,Carbon Profits or Pastoralist Precarity,Independent,2025,understand
doc_01,Carbon Profits or Pastoralist Precarity,Independent,2025,measure
doc_01,Carbon Profits or Pastoralist Precarity,Independent,2025,operate
doc_01,Carbon Profits or Pastoralist Precarity,Independent,2025,sell
doc_01,Carbon Profits or Pastoralist Precarity,Independent,2025,pastoralist
doc_01,Carbon Profits or Pastoralist Precarity,Independent,2025,interview
doc_01,Carbon Profits or Pastoralist Precarity,Independent,2025,grasp
doc_01,Carbon Profits or Pastoralist Precarity,Independent,2025,concept
doc_01,Carbon Profits or Pastoralist Precarity,Independent,2025,trade
doc_01,Carbon Profits or Pastoralist Precarity,Independent,2025,sell
doc_01,Carbon Profits or Pastoralist Precarity,Independent,2025,air
doc_01,Carbon Profits or Pastoralist Precarity,Independent,2025,suwo
doc_01,Carbon Profits or Pastoralist Precarity,Independent,2025,samburu
doc_01,Carbon Profits or Pastoralist Precarity,Independent,2025,call
doc_01,Carbon Profits or Pastoralist Precarity,Independent,2025,lead
doc_01,Carbon Profits or Pastoralist Precarity,Independent,2025,confusion
doc_01,Carbon Profits or Pastoralist Precarity,Independent,2025,rumor
doc_01,Carbon Profits or Pastoralist Precarity,Independent,2025,mistrust
doc_01,Carbon Profits or Pastoralist Precarity,Independent,2025,skeptical
doc_01,Carbon Profits or Pastoralist Precarity,Independent,2025,money
doc_01,Carbon Profits or Pastoralist Precarity,Independent,2025,allude
doc_01,Carbon Profits or Pastoralist Precarity,Independent,2025,dirtyblood
doc_01,Carbon Profits or Pastoralist Precarity,Independent,2025,money
doc_01,Carbon Profits or Pastoralist Precarity,Independent,2025,sell
doc_01,Carbon Profits or Pastoralist Precarity,Independent,2025,air
doc_01,Carbon Profits or Pastoralist Precarity,Independent,2025,sell
doc_01,Carbon Profits or Pastoralist Precarity,Independent,2025,ghost
doc_01,Carbon Profits or Pastoralist Precarity,Independent,2025,acknowledge
doc_01,Carbon Profits or Pastoralist Precarity,Independent,2025,receive
doc_01,Carbon Profits or Pastoralist Precarity,Independent,2025,benefit
doc_01,Carbon Profits or Pastoralist Precarity,Independent,2025,scholarship
doc_01,Carbon Profits or Pastoralist Precarity,Independent,2025,bursary
doc_01,Carbon Profits or Pastoralist Precarity,Independent,2025,child
doc_01,Carbon Profits or Pastoralist Precarity,Independent,2025,water
doc_01,Carbon Profits or Pastoralist Precarity,Independent,2025,employment
doc_01,Carbon Profits or Pastoralist Precarity,Independent,2025,ranger
doc_01,Carbon Profits or Pastoralist Precarity,Independent,2025,sentiment
doc_01,Carbon Profits or Pastoralist Precarity,Independent,2025,benefit
doc_01,Carbon Profits or Pastoralist Precarity,Independent,2025,unevenly
doc_01,Carbon Profits or Pastoralist Precarity,Independent,2025,distribute
doc_01,Carbon Profits or Pastoralist Precarity,Independent,2025,conserve
doc_01,Carbon Profits or Pastoralist Precarity,Independent,2025,issue
doc_01,Carbon Profits or Pastoralist Precarity,Independent,2025,corruption
doc_01,Carbon Profits or Pastoralist Precarity,Independent,2025,emerge
doc_01,Carbon Profits or Pastoralist Precarity,Independent,2025,millionaire
doc_01,Carbon Profits or Pastoralist Precarity,Independent,2025,manager
doc_01,Carbon Profits or Pastoralist Precarity,Independent,2025,concern
doc_01,Carbon Profits or Pastoralist Precarity,Independent,2025,perception
doc_01,Carbon Profits or Pastoralist Precarity,Independent,2025,significant
doc_01,Carbon Profits or Pastoralist Precarity,Independent,2025,amount
doc_01,Carbon Profits or Pastoralist Precarity,Independent,2025,money
doc_01,Carbon Profits or Pastoralist Precarity,Independent,2025,funnel
doc_01,Carbon Profits or Pastoralist Precarity,Independent,2025,private
doc_01,Carbon Profits or Pastoralist Precarity,Independent,2025,hand
doc_01,Carbon Profits or Pastoralist Precarity,Independent,2025,share
doc_01,Carbon Profits or Pastoralist Precarity,Independent,2025,equitably
doc_01,Carbon Profits or Pastoralist Precarity,Independent,2025,management
doc_01,Carbon Profits or Pastoralist Precarity,Independent,2025,implement
doc_01,Carbon Profits or Pastoralist Precarity,Independent,2025,pastoral
doc_01,Carbon Profits or Pastoralist Precarity,Independent,2025,expectation
doc_01,Carbon Profits or Pastoralist Precarity,Independent,2025,aspiration
doc_01,Carbon Profits or Pastoralist Precarity,Independent,2025,hope
doc_01,Carbon Profits or Pastoralist Precarity,Independent,2025,improve
doc_01,Carbon Profits or Pastoralist Precarity,Independent,2025,livelihood
doc_01,Carbon Profits or Pastoralist Precarity,Independent,2025,initially
doc_01,Carbon Profits or Pastoralist Precarity,Independent,2025,perceive
doc_01,Carbon Profits or Pastoralist Precarity,Independent,2025,potential
doc_01,Carbon Profits or Pastoralist Precarity,Independent,2025,source
doc_01,Carbon Profits or Pastoralist Precarity,Independent,2025,wealth
doc_01,Carbon Profits or Pastoralist Precarity,Independent,2025,development
doc_01,Carbon Profits or Pastoralist Precarity,Independent,2025,reality
doc_01,Carbon Profits or Pastoralist Precarity,Independent,2025,disappoint
doc_01,Carbon Profits or Pastoralist Precarity,Independent,2025,pastoralistsconclusion
doc_01,Carbon Profits or Pastoralist Precarity,Independent,2025,surge
doc_01,Carbon Profits or Pastoralist Precarity,Independent,2025,capitalist
doc_01,Carbon Profits or Pastoralist Precarity,Independent,2025,naturebased
doc_01,Carbon Profits or Pastoralist Precarity,Independent,2025,solution
doc_01,Carbon Profits or Pastoralist Precarity,Independent,2025,pose
doc_01,Carbon Profits or Pastoralist Precarity,Independent,2025,risk
doc_01,Carbon Profits or Pastoralist Precarity,Independent,2025,escalate
doc_01,Carbon Profits or Pastoralist Precarity,Independent,2025,natural
doc_01,Carbon Profits or Pastoralist Precarity,Independent,2025,resource
doc_01,Carbon Profits or Pastoralist Precarity,Independent,2025,conflict
doc_01,Carbon Profits or Pastoralist Precarity,Independent,2025,global
doc_01,Carbon Profits or Pastoralist Precarity,Independent,2025,south
doc_01,Carbon Profits or Pastoralist Precarity,Independent,2025,forest
doc_01,Carbon Profits or Pastoralist Precarity,Independent,2025,swamp
doc_01,Carbon Profits or Pastoralist Precarity,Independent,2025,target
doc_01,Carbon Profits or Pastoralist Precarity,Independent,2025,convert
doc_01,Carbon Profits or Pastoralist Precarity,Independent,2025,invasive
doc_01,Carbon Profits or Pastoralist Precarity,Independent,2025,expansive
doc_01,Carbon Profits or Pastoralist Precarity,Independent,2025,activity
doc_01,Carbon Profits or Pastoralist Precarity,Independent,2025,scheme
doc_01,Carbon Profits or Pastoralist Precarity,Independent,2025,weldemichel
doc_01,Carbon Profits or Pastoralist Precarity,Independent,2025,finding
doc_01,Carbon Profits or Pastoralist Precarity,Independent,2025,reveal
doc_01,Carbon Profits or Pastoralist Precarity,Independent,2025,climate
doc_01,Carbon Profits or Pastoralist Precarity,Independent,2025,finance
doc_01,Carbon Profits or Pastoralist Precarity,Independent,2025,initiative
doc_01,Carbon Profits or Pastoralist Precarity,Independent,2025,market
doc_01,Carbon Profits or Pastoralist Precarity,Independent,2025,offer
doc_01,Carbon Profits or Pastoralist Precarity,Independent,2025,economic
doc_01,Carbon Profits or Pastoralist Precarity,Independent,2025,opportunity
doc_01,Carbon Profits or Pastoralist Precarity,Independent,2025,empower
doc_01,Carbon Profits or Pastoralist Precarity,Independent,2025,indigenous
doc_01,Carbon Profits or Pastoralist Precarity,Independent,2025,livelihood
doc_01,Carbon Profits or Pastoralist Precarity,Independent,2025,prove
doc_01,Carbon Profits or Pastoralist Precarity,Independent,2025,limit
doc_01,Carbon Profits or Pastoralist Precarity,Independent,2025,control
doc_01,Carbon Profits or Pastoralist Precarity,Independent,2025,access
doc_01,Carbon Profits or Pastoralist Precarity,Independent,2025,critical
doc_01,Carbon Profits or Pastoralist Precarity,Independent,2025,resource
doc_01,Carbon Profits or Pastoralist Precarity,Independent,2025,pastoralist
doc_01,Carbon Profits or Pastoralist Precarity,Independent,2025,complicate
doc_01,Carbon Profits or Pastoralist Precarity,Independent,2025,traditional
doc_01,Carbon Profits or Pastoralist Precarity,Independent,2025,resourcesharing
doc_01,Carbon Profits or Pastoralist Precarity,Independent,2025,mechanism
doc_01,Carbon Profits or Pastoralist Precarity,Independent,2025,pastoral
doc_01,Carbon Profits or Pastoralist Precarity,Independent,2025,ethnic
doc_01,Carbon Profits or Pastoralist Precarity,Independent,2025,county
doc_01,Carbon Profits or Pastoralist Precarity,Independent,2025,boundary
doc_01,Carbon Profits or Pastoralist Precarity,Independent,2025,delimit
doc_01,Carbon Profits or Pastoralist Precarity,Independent,2025,pose
doc_01,Carbon Profits or Pastoralist Precarity,Independent,2025,risk
doc_01,Carbon Profits or Pastoralist Precarity,Independent,2025,dispossession
doc_01,Carbon Profits or Pastoralist Precarity,Independent,2025,pastoralist
doc_01,Carbon Profits or Pastoralist Precarity,Independent,2025,ancestral
doc_01,Carbon Profits or Pastoralist Precarity,Independent,2025,land
doc_01,Carbon Profits or Pastoralist Precarity,Independent,2025,amplify
doc_01,Carbon Profits or Pastoralist Precarity,Independent,2025,resource
doc_01,Carbon Profits or Pastoralist Precarity,Independent,2025,competition
doc_01,Carbon Profits or Pastoralist Precarity,Independent,2025,create
doc_01,Carbon Profits or Pastoralist Precarity,Independent,2025,scarcity
doc_01,Carbon Profits or Pastoralist Precarity,Independent,2025,fragile
doc_01,Carbon Profits or Pastoralist Precarity,Independent,2025,ecology
doc_01,Carbon Profits or Pastoralist Precarity,Independent,2025,prone
doc_01,Carbon Profits or Pastoralist Precarity,Independent,2025,climate
doc_01,Carbon Profits or Pastoralist Precarity,Independent,2025,variability
doc_01,Carbon Profits or Pastoralist Precarity,Independent,2025,alter
doc_01,Carbon Profits or Pastoralist Precarity,Independent,2025,traditional
doc_01,Carbon Profits or Pastoralist Precarity,Independent,2025,graze
doc_01,Carbon Profits or Pastoralist Precarity,Independent,2025,pattern
doc_01,Carbon Profits or Pastoralist Precarity,Independent,2025,due
doc_01,Carbon Profits or Pastoralist Precarity,Independent,2025,climate
doc_01,Carbon Profits or Pastoralist Precarity,Independent,2025,variability
doc_01,Carbon Profits or Pastoralist Precarity,Independent,2025,newly
doc_01,Carbon Profits or Pastoralist Precarity,Independent,2025,impose
doc_01,Carbon Profits or Pastoralist Precarity,Independent,2025,land
doc_01,Carbon Profits or Pastoralist Precarity,Independent,2025,management
doc_01,Carbon Profits or Pastoralist Precarity,Independent,2025,policy
doc_01,Carbon Profits or Pastoralist Precarity,Independent,2025,sequestration
doc_01,Carbon Profits or Pastoralist Precarity,Independent,2025,promote
doc_01,Carbon Profits or Pastoralist Precarity,Independent,2025,marginalization
doc_01,Carbon Profits or Pastoralist Precarity,Independent,2025,underdevelopment
doc_01,Carbon Profits or Pastoralist Precarity,Independent,2025,decade
doc_01,Carbon Profits or Pastoralist Precarity,Independent,2025,colonial
doc_01,Carbon Profits or Pastoralist Precarity,Independent,2025,postcolonial
doc_01,Carbon Profits or Pastoralist Precarity,Independent,2025,regime
doc_01,Carbon Profits or Pastoralist Precarity,Independent,2025,form
doc_01,Carbon Profits or Pastoralist Precarity,Independent,2025,invasion
doc_01,Carbon Profits or Pastoralist Precarity,Independent,2025,alienation
doc_01,Carbon Profits or Pastoralist Precarity,Independent,2025,indigenous
doc_01,Carbon Profits or Pastoralist Precarity,Independent,2025,landexternal
doc_01,Carbon Profits or Pastoralist Precarity,Independent,2025,entrepreneur
doc_01,Carbon Profits or Pastoralist Precarity,Independent,2025,impose
doc_01,Carbon Profits or Pastoralist Precarity,Independent,2025,intervention
doc_01,Carbon Profits or Pastoralist Precarity,Independent,2025,serve
doc_01,Carbon Profits or Pastoralist Precarity,Independent,2025,pastoralist
doc_01,Carbon Profits or Pastoralist Precarity,Independent,2025,address
doc_01,Carbon Profits or Pastoralist Precarity,Independent,2025,urgent
doc_01,Carbon Profits or Pastoralist Precarity,Independent,2025,reality
doc_01,Carbon Profits or Pastoralist Precarity,Independent,2025,entanglement
doc_01,Carbon Profits or Pastoralist Precarity,Independent,2025,harsh
doc_01,Carbon Profits or Pastoralist Precarity,Independent,2025,environmental
doc_01,Carbon Profits or Pastoralist Precarity,Independent,2025,change
doc_01,Carbon Profits or Pastoralist Precarity,Independent,2025,natural
doc_01,Carbon Profits or Pastoralist Precarity,Independent,2025,resource
doc_01,Carbon Profits or Pastoralist Precarity,Independent,2025,exploitation
doc_01,Carbon Profits or Pastoralist Precarity,Independent,2025,restriction
doc_01,Carbon Profits or Pastoralist Precarity,Independent,2025,social
doc_01,Carbon Profits or Pastoralist Precarity,Independent,2025,inequality
doc_01,Carbon Profits or Pastoralist Precarity,Independent,2025,intensify
doc_01,Carbon Profits or Pastoralist Precarity,Independent,2025,competition
doc_01,Carbon Profits or Pastoralist Precarity,Independent,2025,shrink
doc_01,Carbon Profits or Pastoralist Precarity,Independent,2025,resource
doc_01,Carbon Profits or Pastoralist Precarity,Independent,2025,lock
doc_01,Carbon Profits or Pastoralist Precarity,Independent,2025,ethnic
doc_01,Carbon Profits or Pastoralist Precarity,Independent,2025,rivalry
doc_01,Carbon Profits or Pastoralist Precarity,Independent,2025,resourcebased
doc_01,Carbon Profits or Pastoralist Precarity,Independent,2025,conflict
doc_01,Carbon Profits or Pastoralist Precarity,Independent,2025,experience
doc_01,Carbon Profits or Pastoralist Precarity,Independent,2025,dilemma
doc_01,Carbon Profits or Pastoralist Precarity,Independent,2025,polarization
doc_01,Carbon Profits or Pastoralist Precarity,Independent,2025,restriction
doc_01,Carbon Profits or Pastoralist Precarity,Independent,2025,land
doc_01,Carbon Profits or Pastoralist Precarity,Independent,2025,view
doc_01,Carbon Profits or Pastoralist Precarity,Independent,2025,lens
doc_01,Carbon Profits or Pastoralist Precarity,Independent,2025,colonialism
doc_01,Carbon Profits or Pastoralist Precarity,Independent,2025,additionally
doc_01,Carbon Profits or Pastoralist Precarity,Independent,2025,intensification
doc_01,Carbon Profits or Pastoralist Precarity,Independent,2025,expansion
doc_01,Carbon Profits or Pastoralist Precarity,Independent,2025,conservation
doc_01,Carbon Profits or Pastoralist Precarity,Independent,2025,effort
doc_01,Carbon Profits or Pastoralist Precarity,Independent,2025,continue
doc_01,Carbon Profits or Pastoralist Precarity,Independent,2025,pose
doc_01,Carbon Profits or Pastoralist Precarity,Independent,2025,challenge
doc_01,Carbon Profits or Pastoralist Precarity,Independent,2025,produce
doc_01,Carbon Profits or Pastoralist Precarity,Independent,2025,international
doc_01,Carbon Profits or Pastoralist Precarity,Independent,2025,actor
doc_01,Carbon Profits or Pastoralist Precarity,Independent,2025,capitalistdriven
doc_01,Carbon Profits or Pastoralist Precarity,Independent,2025,motive
doc_01,Carbon Profits or Pastoralist Precarity,Independent,2025,lack
doc_01,Carbon Profits or Pastoralist Precarity,Independent,2025,genuine
doc_01,Carbon Profits or Pastoralist Precarity,Independent,2025,involvement
doc_01,Carbon Profits or Pastoralist Precarity,Independent,2025,miss
doc_01,Carbon Profits or Pastoralist Precarity,Independent,2025,action
doc_01,Carbon Profits or Pastoralist Precarity,Independent,2025,government
doc_01,Carbon Profits or Pastoralist Precarity,Independent,2025,protect
doc_01,Carbon Profits or Pastoralist Precarity,Independent,2025,vulnerable
doc_01,Carbon Profits or Pastoralist Precarity,Independent,2025,inadequate
doc_01,Carbon Profits or Pastoralist Precarity,Independent,2025,devolution
doc_01,Carbon Profits or Pastoralist Precarity,Independent,2025,conservation
doc_01,Carbon Profits or Pastoralist Precarity,Independent,2025,landscape
doc_01,Carbon Profits or Pastoralist Precarity,Independent,2025,ongoing
doc_01,Carbon Profits or Pastoralist Precarity,Independent,2025,resource
doc_01,Carbon Profits or Pastoralist Precarity,Independent,2025,conflict
doc_01,Carbon Profits or Pastoralist Precarity,Independent,2025,issue
doc_01,Carbon Profits or Pastoralist Precarity,Independent,2025,undermine
doc_01,Carbon Profits or Pastoralist Precarity,Independent,2025,market
doc_01,Carbon Profits or Pastoralist Precarity,Independent,2025,profess
doc_01,Carbon Profits or Pastoralist Precarity,Independent,2025,sustainable
doc_01,Carbon Profits or Pastoralist Precarity,Independent,2025,environment
doc_01,Carbon Profits or Pastoralist Precarity,Independent,2025,wildlife
doc_01,Carbon Profits or Pastoralist Precarity,Independent,2025,conservation
doc_01,Carbon Profits or Pastoralist Precarity,Independent,2025,equitable
doc_01,Carbon Profits or Pastoralist Precarity,Independent,2025,sustainable
doc_01,Carbon Profits or Pastoralist Precarity,Independent,2025,development
doc_01,Carbon Profits or Pastoralist Precarity,Independent,2025,goal
doc_01,Carbon Profits or Pastoralist Precarity,Independent,2025,finding
doc_01,Carbon Profits or Pastoralist Precarity,Independent,2025,exemplify
doc_01,Carbon Profits or Pastoralist Precarity,Independent,2025,double
doc_01,Carbon Profits or Pastoralist Precarity,Independent,2025,exposure
doc_01,Carbon Profits or Pastoralist Precarity,Independent,2025,tragedy
doc_01,Carbon Profits or Pastoralist Precarity,Independent,2025,pastoral
doc_01,Carbon Profits or Pastoralist Precarity,Independent,2025,grapple
doc_01,Carbon Profits or Pastoralist Precarity,Independent,2025,doubleedged
doc_01,Carbon Profits or Pastoralist Precarity,Independent,2025,frontier
doc_01,Carbon Profits or Pastoralist Precarity,Independent,2025,climateinduced
doc_01,Carbon Profits or Pastoralist Precarity,Independent,2025,environmental
doc_01,Carbon Profits or Pastoralist Precarity,Independent,2025,change
doc_01,Carbon Profits or Pastoralist Precarity,Independent,2025,commodification
doc_01,Carbon Profits or Pastoralist Precarity,Independent,2025,capitalist
doc_01,Carbon Profits or Pastoralist Precarity,Independent,2025,appropriation
doc_01,Carbon Profits or Pastoralist Precarity,Independent,2025,natural
doc_01,Carbon Profits or Pastoralist Precarity,Independent,2025,resource
doc_02,Blood_Carbon_Report,Independent,2023,benefit
doc_02,Blood_Carbon_Report,Independent,2023,consent
doc_02,Blood_Carbon_Report,Independent,2023,consultation
doc_02,Blood_Carbon_Report,Independent,2023,information
doc_02,Blood_Carbon_Report,Independent,2023,provision
doc_02,Blood_Carbon_Report,Independent,2023,evidence
doc_02,Blood_Carbon_Report,Independent,2023,prior
doc_02,Blood_Carbon_Report,Independent,2023,inform
doc_02,Blood_Carbon_Report,Independent,2023,consent
doc_02,Blood_Carbon_Report,Independent,2023,obtain
doc_02,Blood_Carbon_Report,Independent,2023,relevant
doc_02,Blood_Carbon_Report,Independent,2023,management
doc_02,Blood_Carbon_Report,Independent,2023,regime
doc_02,Blood_Carbon_Report,Independent,2023,ambiguous
doc_02,Blood_Carbon_Report,Independent,2023,question
doc_02,Blood_Carbon_Report,Independent,2023,legal
doc_02,Blood_Carbon_Report,Independent,2023,trade
doc_02,Blood_Carbon_Report,Independent,2023,properly
doc_02,Blood_Carbon_Report,Independent,2023,obtain
doc_02,Blood_Carbon_Report,Independent,2023,trade
doc_02,Blood_Carbon_Report,Independent,2023,begin
doc_02,Blood_Carbon_Report,Independent,2023,document
doc_02,Blood_Carbon_Report,Independent,2023,note
doc_02,Blood_Carbon_Report,Independent,2023,thatthe
doc_02,Blood_Carbon_Report,Independent,2023,projecthas
doc_02,Blood_Carbon_Report,Independent,2023,communicate
doc_02,Blood_Carbon_Report,Independent,2023,recently
doc_02,Blood_Carbon_Report,Independent,2023,due
doc_02,Blood_Carbon_Report,Independent,2023,uncertainty
doc_02,Blood_Carbon_Report,Independent,2023,market
doc_02,Blood_Carbon_Report,Independent,2023,reluctance
doc_02,Blood_Carbon_Report,Independent,2023,raise
doc_02,Blood_Carbon_Report,Independent,2023,hope
doc_02,Blood_Carbon_Report,Independent,2023,potential
doc_02,Blood_Carbon_Report,Independent,2023,revenue
doc_02,Blood_Carbon_Report,Independent,2023,emphasis
doc_02,Blood_Carbon_Report,Independent,2023,add
doc_02,Blood_Carbon_Report,Independent,2023,begin
doc_02,Blood_Carbon_Report,Independent,2023,solicitation
doc_02,Blood_Carbon_Report,Independent,2023,participation
doc_02,Blood_Carbon_Report,Independent,2023,public
doc_02,Blood_Carbon_Report,Independent,2023,comment
doc_02,Blood_Carbon_Report,Independent,2023,period
doc_02,Blood_Carbon_Report,Independent,2023,announcement
doc_02,Blood_Carbon_Report,Independent,2023,information
doc_02,Blood_Carbon_Report,Independent,2023,distribute
doc_02,Blood_Carbon_Report,Independent,2023,graze
doc_02,Blood_Carbon_Report,Independent,2023,coordinator
doc_02,Blood_Carbon_Report,Independent,2023,staff
doc_02,Blood_Carbon_Report,Independent,2023,form
doc_02,Blood_Carbon_Report,Independent,2023,pamphlet
doc_02,Blood_Carbon_Report,Independent,2023,note
doc_02,Blood_Carbon_Report,Independent,2023,half
doc_02,Blood_Carbon_Report,Independent,2023,start
doc_02,Blood_Carbon_Report,Independent,2023,stakeholder
doc_02,Blood_Carbon_Report,Independent,2023,inform
doc_02,Blood_Carbon_Report,Independent,2023,soontobe
doc_02,Blood_Carbon_Report,Independent,2023,post
doc_02,Blood_Carbon_Report,Independent,2023,announcement
doc_02,Blood_Carbon_Report,Independent,2023,website
doc_02,Blood_Carbon_Report,Independent,2023,httpnrtkenyaorg
doc_02,Blood_Carbon_Report,Independent,2023,front
doc_02,Blood_Carbon_Report,Independent,2023,page
doc_02,Blood_Carbon_Report,Independent,2023,link
doc_02,Blood_Carbon_Report,Independent,2023,blog
doc_02,Blood_Carbon_Report,Independent,2023,site
doc_02,Blood_Carbon_Report,Independent,2023,httpnrtcarbonprojectwordpresscom
doc_02,Blood_Carbon_Report,Independent,2023,announcement
doc_02,Blood_Carbon_Report,Independent,2023,exist
doc_02,Blood_Carbon_Report,Independent,2023,post
doc_02,Blood_Carbon_Report,Independent,2023,comment
doc_02,Blood_Carbon_Report,Independent,2023,anonymously
doc_02,Blood_Carbon_Report,Independent,2023,website
doc_02,Blood_Carbon_Report,Independent,2023,february
doc_02,Blood_Carbon_Report,Independent,2023,completely
doc_02,Blood_Carbon_Report,Independent,2023,devoid
doc_02,Blood_Carbon_Report,Independent,2023,content
doc_02,Blood_Carbon_Report,Independent,2023,belowthe
doc_02,Blood_Carbon_Report,Independent,2023,document
doc_02,Blood_Carbon_Report,Independent,2023,announcement
doc_02,Blood_Carbon_Report,Independent,2023,follow
doc_02,Blood_Carbon_Report,Independent,2023,meeting
doc_02,Blood_Carbon_Report,Independent,2023,september
doc_02,Blood_Carbon_Report,Independent,2023,october
doc_02,Blood_Carbon_Report,Independent,2023,participate
doc_02,Blood_Carbon_Report,Independent,2023,round
doc_02,Blood_Carbon_Report,Independent,2023,announcement
doc_02,Blood_Carbon_Report,Independent,2023,meeting
doc_02,Blood_Carbon_Report,Independent,2023,fouryear
doc_02,Blood_Carbon_Report,Independent,2023,verification
doc_02,Blood_Carbon_Report,Independent,2023,period
doc_02,Blood_Carbon_Report,Independent,2023,sidestep
doc_02,Blood_Carbon_Report,Independent,2023,issue
doc_02,Blood_Carbon_Report,Independent,2023,communication
doc_02,Blood_Carbon_Report,Independent,2023,meeting
doc_02,Blood_Carbon_Report,Independent,2023,provide
doc_02,Blood_Carbon_Report,Independent,2023,consent
doc_02,Blood_Carbon_Report,Independent,2023,address
doc_02,Blood_Carbon_Report,Independent,2023,specific
doc_02,Blood_Carbon_Report,Independent,2023,note
doc_02,Blood_Carbon_Report,Independent,2023,meeting
doc_02,Blood_Carbon_Report,Independent,2023,graze
doc_02,Blood_Carbon_Report,Independent,2023,committee
doc_02,Blood_Carbon_Report,Independent,2023,chairman
doc_02,Blood_Carbon_Report,Independent,2023,communicate
doc_02,Blood_Carbon_Report,Independent,2023,graze
doc_02,Blood_Carbon_Report,Independent,2023,plan
doc_02,Blood_Carbon_Report,Independent,2023,implement
doc_02,Blood_Carbon_Report,Independent,2023,past
doc_02,Blood_Carbon_Report,Independent,2023,review
doc_02,Blood_Carbon_Report,Independent,2023,past
doc_02,Blood_Carbon_Report,Independent,2023,compliance
doc_02,Blood_Carbon_Report,Independent,2023,graze
doc_02,Blood_Carbon_Report,Independent,2023,plan
doc_02,Blood_Carbon_Report,Independent,2023,identify
doc_02,Blood_Carbon_Report,Independent,2023,barrier
doc_02,Blood_Carbon_Report,Independent,2023,compliance
doc_02,Blood_Carbon_Report,Independent,2023,communicate
doc_02,Blood_Carbon_Report,Independent,2023,expect
doc_02,Blood_Carbon_Report,Independent,2023,benefit
doc_02,Blood_Carbon_Report,Independent,2023,activity
doc_02,Blood_Carbon_Report,Independent,2023,rotational
doc_02,Blood_Carbon_Report,Independent,2023,migratory
doc_02,Blood_Carbon_Report,Independent,2023,graze
doc_02,Blood_Carbon_Report,Independent,2023,response
doc_02,Blood_Carbon_Report,Independent,2023,september
doc_02,Blood_Carbon_Report,Independent,2023,meeting
doc_02,Blood_Carbon_Report,Independent,2023,workshop
doc_02,Blood_Carbon_Report,Independent,2023,improve
doc_02,Blood_Carbon_Report,Independent,2023,effort
doc_02,Blood_Carbon_Report,Independent,2023,write
doc_02,Blood_Carbon_Report,Independent,2023,implement
doc_02,Blood_Carbon_Report,Independent,2023,graze
doc_02,Blood_Carbon_Report,Independent,2023,plan
doc_02,Blood_Carbon_Report,Independent,2023,provide
doc_02,Blood_Carbon_Report,Independent,2023,evidence
doc_02,Blood_Carbon_Report,Independent,2023,understand
doc_02,Blood_Carbon_Report,Independent,2023,benefit
doc_02,Blood_Carbon_Report,Independent,2023,activity
doc_02,Blood_Carbon_Report,Independent,2023,approve
doc_02,Blood_Carbon_Report,Independent,2023,intensify
doc_02,Blood_Carbon_Report,Independent,2023,effort
doc_02,Blood_Carbon_Report,Independent,2023,conduct
doc_02,Blood_Carbon_Report,Independent,2023,graze
doc_02,Blood_Carbon_Report,Independent,2023,plan
doc_02,Blood_Carbon_Report,Independent,2023,validation
doc_02,Blood_Carbon_Report,Independent,2023,accept
doc_02,Blood_Carbon_Report,Independent,2023,pamphlet
doc_02,Blood_Carbon_Report,Independent,2023,submit
doc_02,Blood_Carbon_Report,Independent,2023,note
doc_02,Blood_Carbon_Report,Independent,2023,time
doc_02,Blood_Carbon_Report,Independent,2023,site
doc_02,Blood_Carbon_Report,Independent,2023,visit
doc_02,Blood_Carbon_Report,Independent,2023,local
doc_02,Blood_Carbon_Report,Independent,2023,language
doc_02,Blood_Carbon_Report,Independent,2023,summary
doc_02,Blood_Carbon_Report,Independent,2023,ddocument
doc_02,Blood_Carbon_Report,Independent,2023,implementation
doc_02,Blood_Carbon_Report,Independent,2023,distribute
doc_02,Blood_Carbon_Report,Independent,2023,discuss
doc_02,Blood_Carbon_Report,Independent,2023,proponent
doc_02,Blood_Carbon_Report,Independent,2023,document
doc_02,Blood_Carbon_Report,Independent,2023,distribute
doc_02,Blood_Carbon_Report,Independent,2023,site
doc_02,Blood_Carbon_Report,Independent,2023,visit
doc_02,Blood_Carbon_Report,Independent,2023,photographic
doc_02,Blood_Carbon_Report,Independent,2023,evidence
doc_02,Blood_Carbon_Report,Independent,2023,provide
doc_02,Blood_Carbon_Report,Independent,2023,reach
doc_02,Blood_Carbon_Report,Independent,2023,september
doc_02,Blood_Carbon_Report,Independent,2023,validator
doc_02,Blood_Carbon_Report,Independent,2023,request
doc_02,Blood_Carbon_Report,Independent,2023,provide
doc_02,Blood_Carbon_Report,Independent,2023,evidence
doc_02,Blood_Carbon_Report,Independent,2023,date
doc_02,Blood_Carbon_Report,Independent,2023,stamp
doc_02,Blood_Carbon_Report,Independent,2023,georeferenced
doc_02,Blood_Carbon_Report,Independent,2023,photo
doc_02,Blood_Carbon_Report,Independent,2023,pir
doc_02,Blood_Carbon_Report,Independent,2023,post
doc_02,Blood_Carbon_Report,Independent,2023,follow
doc_02,Blood_Carbon_Report,Independent,2023,receipt
doc_02,Blood_Carbon_Report,Independent,2023,picture
doc_02,Blood_Carbon_Report,Independent,2023,purport
doc_02,Blood_Carbon_Report,Independent,2023,validator
doc_02,Blood_Carbon_Report,Independent,2023,record
doc_02,Blood_Carbon_Report,Independent,2023,photograph
doc_02,Blood_Carbon_Report,Independent,2023,monitor
doc_02,Blood_Carbon_Report,Independent,2023,summary
doc_02,Blood_Carbon_Report,Independent,2023,ten
doc_02,Blood_Carbon_Report,Independent,2023,provide
doc_02,Blood_Carbon_Report,Independent,2023,date
doc_02,Blood_Carbon_Report,Independent,2023,range
doc_02,Blood_Carbon_Report,Independent,2023,widely
doc_02,Blood_Carbon_Report,Independent,2023,date
doc_02,Blood_Carbon_Report,Independent,2023,file
doc_02,Blood_Carbon_Report,Independent,2023,necessarily
doc_02,Blood_Carbon_Report,Independent,2023,date
doc_02,Blood_Carbon_Report,Independent,2023,picture
doc_02,Blood_Carbon_Report,Independent,2023,time
doc_02,Blood_Carbon_Report,Independent,2023,stamp
doc_02,Blood_Carbon_Report,Independent,2023,photo
doc_02,Blood_Carbon_Report,Independent,2023,nakuprat
doc_02,Blood_Carbon_Report,Independent,2023,january
doc_02,Blood_Carbon_Report,Independent,2023,georeferenced
doc_02,Blood_Carbon_Report,Independent,2023,information
doc_02,Blood_Carbon_Report,Independent,2023,include
doc_02,Blood_Carbon_Report,Independent,2023,file
doc_02,Blood_Carbon_Report,Independent,2023,validator
doc_02,Blood_Carbon_Report,Independent,2023,comment
doc_02,Blood_Carbon_Report,Independent,2023,evidence
doc_02,Blood_Carbon_Report,Independent,2023,thirteen
doc_02,Blood_Carbon_Report,Independent,2023,participate
doc_02,Blood_Carbon_Report,Independent,2023,provide
doc_02,Blood_Carbon_Report,Independent,2023,picture
doc_02,Blood_Carbon_Report,Independent,2023,receive
doc_02,Blood_Carbon_Report,Independent,2023,document
doc_02,Blood_Carbon_Report,Independent,2023,represent
doc_02,Blood_Carbon_Report,Independent,2023,proper
doc_02,Blood_Carbon_Report,Independent,2023,consultation
doc_02,Blood_Carbon_Report,Independent,2023,provision
doc_02,Blood_Carbon_Report,Independent,2023,information
doc_02,Blood_Carbon_Report,Independent,2023,wide
doc_02,Blood_Carbon_Report,Independent,2023,photograph
doc_02,Blood_Carbon_Report,Independent,2023,demonstrate
doc_02,Blood_Carbon_Report,Independent,2023,document
doc_02,Blood_Carbon_Report,Independent,2023,provide
doc_02,Blood_Carbon_Report,Independent,2023,local
doc_02,Blood_Carbon_Report,Independent,2023,language
doc_02,Blood_Carbon_Report,Independent,2023,intelligible
doc_02,Blood_Carbon_Report,Independent,2023,local
doc_02,Blood_Carbon_Report,Independent,2023,people
doc_02,Blood_Carbon_Report,Independent,2023,evidently
doc_02,Blood_Carbon_Report,Independent,2023,unconvinced
doc_02,Blood_Carbon_Report,Independent,2023,photograph
doc_02,Blood_Carbon_Report,Independent,2023,validator
doc_02,Blood_Carbon_Report,Independent,2023,provide
doc_02,Blood_Carbon_Report,Independent,2023,georeferenced
doc_02,Blood_Carbon_Report,Independent,2023,photo
doc_02,Blood_Carbon_Report,Independent,2023,provide
doc_02,Blood_Carbon_Report,Independent,2023,date
doc_02,Blood_Carbon_Report,Independent,2023,takenthree
doc_02,Blood_Carbon_Report,Independent,2023,late
doc_02,Blood_Carbon_Report,Independent,2023,reply
doc_02,Blood_Carbon_Report,Independent,2023,september
doc_02,Blood_Carbon_Report,Independent,2023,due
doc_02,Blood_Carbon_Report,Independent,2023,delay
doc_02,Blood_Carbon_Report,Independent,2023,complete
doc_02,Blood_Carbon_Report,Independent,2023,validation
doc_02,Blood_Carbon_Report,Independent,2023,reposted
doc_02,Blood_Carbon_Report,Independent,2023,public
doc_02,Blood_Carbon_Report,Independent,2023,comment
doc_02,Blood_Carbon_Report,Independent,2023,zone
doc_02,Blood_Carbon_Report,Independent,2023,february
doc_02,Blood_Carbon_Report,Independent,2023,march
doc_02,Blood_Carbon_Report,Independent,2023,public
doc_02,Blood_Carbon_Report,Independent,2023,announcement
doc_02,Blood_Carbon_Report,Independent,2023,kiosk
doc_02,Blood_Carbon_Report,Independent,2023,major
doc_02,Blood_Carbon_Report,Independent,2023,town
doc_02,Blood_Carbon_Report,Independent,2023,village
doc_02,Blood_Carbon_Report,Independent,2023,photo
doc_02,Blood_Carbon_Report,Independent,2023,time
doc_02,Blood_Carbon_Report,Independent,2023,stamp
doc_02,Blood_Carbon_Report,Independent,2023,associate
doc_02,Blood_Carbon_Report,Independent,2023,vvb
doc_02,Blood_Carbon_Report,Independent,2023,confirm
doc_02,Blood_Carbon_Report,Independent,2023,document
doc_02,Blood_Carbon_Report,Independent,2023,provide
doc_02,Blood_Carbon_Report,Independent,2023,language
doc_02,Blood_Carbon_Report,Independent,2023,people
doc_02,Blood_Carbon_Report,Independent,2023,purportedly
doc_02,Blood_Carbon_Report,Independent,2023,eventually
doc_02,Blood_Carbon_Report,Independent,2023,represent
doc_02,Blood_Carbon_Report,Independent,2023,meaningful
doc_02,Blood_Carbon_Report,Independent,2023,form
doc_02,Blood_Carbon_Report,Independent,2023,information
doc_02,Blood_Carbon_Report,Independent,2023,provision
doc_02,Blood_Carbon_Report,Independent,2023,consultation
doc_02,Blood_Carbon_Report,Independent,2023,validator
doc_02,Blood_Carbon_Report,Independent,2023,accept
doc_02,Blood_Carbon_Report,Independent,2023,photo
doc_02,Blood_Carbon_Report,Independent,2023,date
doc_02,Blood_Carbon_Report,Independent,2023,stamp
doc_02,Blood_Carbon_Report,Independent,2023,provide
doc_02,Blood_Carbon_Report,Independent,2023,satisfy
doc_02,Blood_Carbon_Report,Independent,2023,request
doc_02,Blood_Carbon_Report,Independent,2023,multiple
doc_02,Blood_Carbon_Report,Independent,2023,location
doc_02,Blood_Carbon_Report,Independent,2023,public
doc_02,Blood_Carbon_Report,Independent,2023,comment
doc_02,Blood_Carbon_Report,Independent,2023,announcement
doc_02,Blood_Carbon_Report,Independent,2023,post
doc_02,Blood_Carbon_Report,Independent,2023,item
doc_02,Blood_Carbon_Report,Independent,2023,address
doc_02,Blood_Carbon_Report,Independent,2023,information
doc_02,Blood_Carbon_Report,Independent,2023,provide
doc_02,Blood_Carbon_Report,Independent,2023,late
doc_02,Blood_Carbon_Report,Independent,2023,possibly
doc_02,Blood_Carbon_Report,Independent,2023,form
doc_02,Blood_Carbon_Report,Independent,2023,suitable
doc_02,Blood_Carbon_Report,Independent,2023,recipient
doc_02,Blood_Carbon_Report,Independent,2023,impossible
doc_02,Blood_Carbon_Report,Independent,2023,conclude
doc_02,Blood_Carbon_Report,Independent,2023,free
doc_02,Blood_Carbon_Report,Independent,2023,prior
doc_02,Blood_Carbon_Report,Independent,2023,inform
doc_02,Blood_Carbon_Report,Independent,2023,consent
doc_02,Blood_Carbon_Report,Independent,2023,grant
doc_02,Blood_Carbon_Report,Independent,2023,proponent
doc_02,Blood_Carbon_Report,Independent,2023,start
doc_02,Blood_Carbon_Report,Independent,2023,indigenous
doc_02,Blood_Carbon_Report,Independent,2023,evidence
doc_02,Blood_Carbon_Report,Independent,2023,consultation
doc_02,Blood_Carbon_Report,Independent,2023,carry
doc_02,Blood_Carbon_Report,Independent,2023,refer
doc_02,Blood_Carbon_Report,Independent,2023,social
doc_02,Blood_Carbon_Report,Independent,2023,survey
doc_02,Blood_Carbon_Report,Independent,2023,baseline
doc_02,Blood_Carbon_Report,Independent,2023,social
doc_02,Blood_Carbon_Report,Independent,2023,datum
doc_02,Blood_Carbon_Report,Independent,2023,gather
doc_02,Blood_Carbon_Report,Independent,2023,elder
doc_02,Blood_Carbon_Report,Independent,2023,woman
doc_02,Blood_Carbon_Report,Independent,2023,herder
doc_02,Blood_Carbon_Report,Independent,2023,morani
doc_02,Blood_Carbon_Report,Independent,2023,series
doc_02,Blood_Carbon_Report,Independent,2023,question
doc_02,Blood_Carbon_Report,Independent,2023,focus
doc_02,Blood_Carbon_Report,Independent,2023,household
doc_02,Blood_Carbon_Report,Independent,2023,interview
doc_02,Blood_Carbon_Report,Independent,2023,household
doc_02,Blood_Carbon_Report,Independent,2023,survey
doc_02,Blood_Carbon_Report,Independent,2023,october
doc_02,Blood_Carbon_Report,Independent,2023,validator
doc_02,Blood_Carbon_Report,Independent,2023,explain
doc_02,Blood_Carbon_Report,Independent,2023,individual
doc_02,Blood_Carbon_Report,Independent,2023,legitimate
doc_02,Blood_Carbon_Report,Independent,2023,representative
doc_02,Blood_Carbon_Report,Independent,2023,discuss
doc_02,Blood_Carbon_Report,Independent,2023,adequate
doc_02,Blood_Carbon_Report,Independent,2023,level
doc_02,Blood_Carbon_Report,Independent,2023,information
doc_02,Blood_Carbon_Report,Independent,2023,share
doc_02,Blood_Carbon_Report,Independent,2023,september
doc_02,Blood_Carbon_Report,Independent,2023,explanation
doc_02,Blood_Carbon_Report,Independent,2023,individual
doc_02,Blood_Carbon_Report,Independent,2023,select
doc_02,Blood_Carbon_Report,Independent,2023,describe
doc_02,Blood_Carbon_Report,Independent,2023,information
doc_02,Blood_Carbon_Report,Independent,2023,flow
doc_02,Blood_Carbon_Report,Independent,2023,low
doc_02,Blood_Carbon_Report,Independent,2023,level
doc_02,Blood_Carbon_Report,Independent,2023,receive
doc_02,Blood_Carbon_Report,Independent,2023,provide
doc_02,Blood_Carbon_Report,Independent,2023,information
doc_02,Blood_Carbon_Report,Independent,2023,reply
doc_02,Blood_Carbon_Report,Independent,2023,provide
doc_02,Blood_Carbon_Report,Independent,2023,information
doc_02,Blood_Carbon_Report,Independent,2023,focus
doc_02,Blood_Carbon_Report,Independent,2023,select
doc_02,Blood_Carbon_Report,Independent,2023,explain
doc_02,Blood_Carbon_Report,Independent,2023,consultation
doc_02,Blood_Carbon_Report,Independent,2023,undertake
doc_02,Blood_Carbon_Report,Independent,2023,social
doc_02,Blood_Carbon_Report,Independent,2023,survey
doc_02,Blood_Carbon_Report,Independent,2023,obtain
doc_02,Blood_Carbon_Report,Independent,2023,baseline
doc_02,Blood_Carbon_Report,Independent,2023,datum
doc_02,Blood_Carbon_Report,Independent,2023,validator
doc_02,Blood_Carbon_Report,Independent,2023,conclude
doc_02,Blood_Carbon_Report,Independent,2023,demonstrate
doc_02,Blood_Carbon_Report,Independent,2023,consultation
doc_02,Blood_Carbon_Report,Independent,2023,participatory
doc_02,Blood_Carbon_Report,Independent,2023,process
doc_02,Blood_Carbon_Report,Independent,2023,undertake
doc_02,Blood_Carbon_Report,Independent,2023,directly
doc_02,Blood_Carbon_Report,Independent,2023,information
doc_02,Blood_Carbon_Report,Independent,2023,share
doc_02,Blood_Carbon_Report,Independent,2023,membersof
doc_02,Blood_Carbon_Report,Independent,2023,occur
doc_02,Blood_Carbon_Report,Independent,2023,item
doc_02,Blood_Carbon_Report,Independent,2023,address
doc_02,Blood_Carbon_Report,Independent,2023,issue
doc_02,Blood_Carbon_Report,Independent,2023,additionality
doc_02,Blood_Carbon_Report,Independent,2023,baseline
doc_02,Blood_Carbon_Report,Independent,2023,leakage
doc_02,Blood_Carbon_Report,Independent,2023,evidence
doc_02,Blood_Carbon_Report,Independent,2023,noncompliance
doc_02,Blood_Carbon_Report,Independent,2023,term
doc_02,Blood_Carbon_Report,Independent,2023,information
doc_02,Blood_Carbon_Report,Independent,2023,provision
doc_02,Blood_Carbon_Report,Independent,2023,consultation
doc_02,Blood_Carbon_Report,Independent,2023,sufficient
doc_02,Blood_Carbon_Report,Independent,2023,reject
doc_02,Blood_Carbon_Report,Independent,2023,validation
doc_02,Blood_Carbon_Report,Independent,2023,carry
doc_02,Blood_Carbon_Report,Independent,2023,aster
doc_02,Blood_Carbon_Report,Independent,2023,globalit
doc_02,Blood_Carbon_Report,Independent,2023,worth
doc_02,Blood_Carbon_Report,Independent,2023,repeat
doc_02,Blood_Carbon_Report,Independent,2023,finally
doc_02,Blood_Carbon_Report,Independent,2023,validate
doc_02,Blood_Carbon_Report,Independent,2023,evidence
doc_02,Blood_Carbon_Report,Independent,2023,information
doc_02,Blood_Carbon_Report,Independent,2023,provision
doc_02,Blood_Carbon_Report,Independent,2023,consultation
doc_02,Blood_Carbon_Report,Independent,2023,undertake
doc_02,Blood_Carbon_Report,Independent,2023,start
doc_02,Blood_Carbon_Report,Independent,2023,fouryear
doc_02,Blood_Carbon_Report,Independent,2023,period
doc_02,Blood_Carbon_Report,Independent,2023,complete
doc_02,Blood_Carbon_Report,Independent,2023,explore
doc_02,Blood_Carbon_Report,Independent,2023,formal
doc_02,Blood_Carbon_Report,Independent,2023,agreement
doc_02,Blood_Carbon_Report,Independent,2023,transfer
doc_02,Blood_Carbon_Report,Independent,2023,trade
doc_02,Blood_Carbon_Report,Independent,2023,late
doc_02,Blood_Carbon_Report,Independent,2023,april
doc_02,Blood_Carbon_Report,Independent,2023,week
doc_02,Blood_Carbon_Report,Independent,2023,validation
doc_02,Blood_Carbon_Report,Independent,2023,month
doc_02,Blood_Carbon_Report,Independent,2023,verification
doc_02,Blood_Carbon_Report,Independent,2023,samburu
doc_02,Blood_Carbon_Report,Independent,2023,borana
doc_02,Blood_Carbon_Report,Independent,2023,elder
doc_02,Blood_Carbon_Report,Independent,2023,unusual
doc_02,Blood_Carbon_Report,Independent,2023,step
doc_02,Blood_Carbon_Report,Independent,2023,jointly
doc_02,Blood_Carbon_Report,Independent,2023,call
doc_02,Blood_Carbon_Report,Independent,2023,international
doc_02,Blood_Carbon_Report,Independent,2023,donor
doc_02,Blood_Carbon_Report,Independent,2023,cease
doc_02,Blood_Carbon_Report,Independent,2023,provide
doc_02,Blood_Carbon_Report,Independent,2023,fund
doc_02,Blood_Carbon_Report,Independent,2023,totally
doc_02,Blood_Carbon_Report,Independent,2023,disassociate
doc_02,Blood_Carbon_Report,Independent,2023,violation
doc_02,Blood_Carbon_Report,Independent,2023,human
doc_02,Blood_Carbon_Report,Independent,2023,carbonthe
doc_02,Blood_Carbon_Report,Independent,2023,document
doc_02,Blood_Carbon_Report,Independent,2023,benefit
doc_02,Blood_Carbon_Report,Independent,2023,soil
doc_02,Blood_Carbon_Report,Independent,2023,conservation
doc_02,Blood_Carbon_Report,Independent,2023,component
doc_02,Blood_Carbon_Report,Independent,2023,wildlife
doc_02,Blood_Carbon_Report,Independent,2023,conservation
doc_02,Blood_Carbon_Report,Independent,2023,confer
doc_02,Blood_Carbon_Report,Independent,2023,register
doc_02,Blood_Carbon_Report,Independent,2023,land
doc_02,Blood_Carbon_Report,Independent,2023,wildlife
doc_02,Blood_Carbon_Report,Independent,2023,conservation
doc_02,Blood_Carbon_Report,Independent,2023,management
doc_02,Blood_Carbon_Report,Independent,2023,act
doc_02,Blood_Carbon_Report,Independent,2023,recently
doc_02,Blood_Carbon_Report,Independent,2023,sign
doc_02,Blood_Carbon_Report,Independent,2023,land
doc_02,Blood_Carbon_Report,Independent,2023,bill
doc_02,Blood_Carbon_Report,Independent,2023,act
doc_02,Blood_Carbon_Report,Independent,2023,reference
doc_02,Blood_Carbon_Report,Independent,2023,soil
doc_02,Blood_Carbon_Report,Independent,2023,definition
doc_02,Blood_Carbon_Report,Independent,2023,constitute
doc_02,Blood_Carbon_Report,Independent,2023,ecosystem
doc_02,Blood_Carbon_Report,Independent,2023,wildlife
doc_02,Blood_Carbon_Report,Independent,2023,conservation
doc_02,Blood_Carbon_Report,Independent,2023,law
doc_02,Blood_Carbon_Report,Independent,2023,refer
doc_02,Blood_Carbon_Report,Independent,2023,soil
doc_02,Blood_Carbon_Report,Independent,2023,relation
doc_02,Blood_Carbon_Report,Independent,2023,prevention
doc_02,Blood_Carbon_Report,Independent,2023,erosion
doc_02,Blood_Carbon_Report,Independent,2023,law
doc_02,Blood_Carbon_Report,Independent,2023,refer
doc_02,Blood_Carbon_Report,Independent,2023,generation
doc_02,Blood_Carbon_Report,Independent,2023,income
doc_02,Blood_Carbon_Report,Independent,2023,sale
doc_02,Blood_Carbon_Report,Independent,2023,validation
doc_02,Blood_Carbon_Report,Independent,2023,validator
doc_02,Blood_Carbon_Report,Independent,2023,request
doc_02,Blood_Carbon_Report,Independent,2023,clarify
doc_02,Blood_Carbon_Report,Independent,2023,grant
doc_02,Blood_Carbon_Report,Independent,2023,ownership
doc_02,Blood_Carbon_Report,Independent,2023,land
doc_02,Blood_Carbon_Report,Independent,2023,act
doc_02,Blood_Carbon_Report,Independent,2023,demonstrate
doc_02,Blood_Carbon_Report,Independent,2023,proponent
doc_02,Blood_Carbon_Report,Independent,2023,unconditional
doc_02,Blood_Carbon_Report,Independent,2023,undisputed
doc_02,Blood_Carbon_Report,Independent,2023,unencumbered
doc_02,Blood_Carbon_Report,Independent,2023,ability
doc_02,Blood_Carbon_Report,Independent,2023,claim
doc_02,Blood_Carbon_Report,Independent,2023,generate
doc_02,Blood_Carbon_Report,Independent,2023,climate
doc_02,Blood_Carbon_Report,Independent,2023,biodiversity
doc_02,Blood_Carbon_Report,Independent,2023,benefit
doc_02,Blood_Carbon_Report,Independent,2023,final
doc_02,Blood_Carbon_Report,Independent,2023,document
doc_02,Blood_Carbon_Report,Independent,2023,reply
doc_02,Blood_Carbon_Report,Independent,2023,numb
doc_02,Blood_Carbon_Report,Independent,2023,exist
doc_02,Blood_Carbon_Report,Independent,2023,apply
doc_02,Blood_Carbon_Report,Independent,2023,registration
doc_02,Blood_Carbon_Report,Independent,2023,ranch
doc_02,Blood_Carbon_Report,Independent,2023,status
doc_02,Blood_Carbon_Report,Independent,2023,confer
doc_02,Blood_Carbon_Report,Independent,2023,hold
doc_02,Blood_Carbon_Report,Independent,2023,asset
doc_02,Blood_Carbon_Report,Independent,2023,claim
doc_02,Blood_Carbon_Report,Independent,2023,include
doc_02,Blood_Carbon_Report,Independent,2023,soil
doc_02,Blood_Carbon_Report,Independent,2023,remainder
doc_02,Blood_Carbon_Report,Independent,2023,locate
doc_02,Blood_Carbon_Report,Independent,2023,land
doc_02,Blood_Carbon_Report,Independent,2023,confer
doc_02,Blood_Carbon_Report,Independent,2023,graze
doc_02,Blood_Carbon_Report,Independent,2023,inference
doc_02,Blood_Carbon_Report,Independent,2023,emphasis
doc_02,Blood_Carbon_Report,Independent,2023,add
doc_02,Blood_Carbon_Report,Independent,2023,resource
doc_02,Blood_Carbon_Report,Independent,2023,promote
doc_02,Blood_Carbon_Report,Independent,2023,graze
doc_02,Blood_Carbon_Report,Independent,2023,water
doc_02,Blood_Carbon_Report,Independent,2023,soil
doc_02,Blood_Carbon_Report,Independent,2023,customary
doc_02,Blood_Carbon_Report,Independent,2023,law
doc_02,Blood_Carbon_Report,Independent,2023,confer
doc_02,Blood_Carbon_Report,Independent,2023,viii
doc_02,Blood_Carbon_Report,Independent,2023,item
doc_02,Blood_Carbon_Report,Independent,2023,land
doc_02,Blood_Carbon_Report,Independent,2023,act
doc_02,Blood_Carbon_Report,Independent,2023,repeal
doc_02,Blood_Carbon_Report,Independent,2023,land
doc_02,Blood_Carbon_Report,Independent,2023,representative
doc_02,Blood_Carbon_Report,Independent,2023,act
doc_02,Blood_Carbon_Report,Independent,2023,provide
doc_02,Blood_Carbon_Report,Independent,2023,land
doc_02,Blood_Carbon_Report,Independent,2023,ownership
doc_02,Blood_Carbon_Report,Independent,2023,ranch
doc_02,Blood_Carbon_Report,Independent,2023,system
doc_02,Blood_Carbon_Report,Independent,2023,govern
doc_02,Blood_Carbon_Report,Independent,2023,manage
doc_02,Blood_Carbon_Report,Independent,2023,incorporate
doc_02,Blood_Carbon_Report,Independent,2023,representative
doc_02,Blood_Carbon_Report,Independent,2023,system
doc_02,Blood_Carbon_Report,Independent,2023,cease
doc_02,Blood_Carbon_Report,Independent,2023,exist
doc_02,Blood_Carbon_Report,Independent,2023,promulgation
doc_02,Blood_Carbon_Report,Independent,2023,constitution
doc_02,Blood_Carbon_Report,Independent,2023,recognize
doc_02,Blood_Carbon_Report,Independent,2023,public
doc_02,Blood_Carbon_Report,Independent,2023,land
doc_02,Blood_Carbon_Report,Independent,2023,private
doc_02,Blood_Carbon_Report,Independent,2023,land
doc_02,Blood_Carbon_Report,Independent,2023,land
doc_02,Blood_Carbon_Report,Independent,2023,land
doc_02,Blood_Carbon_Report,Independent,2023,act
doc_02,Blood_Carbon_Report,Independent,2023,repeal
doc_02,Blood_Carbon_Report,Independent,2023,land
doc_02,Blood_Carbon_Report,Independent,2023,representative
doc_02,Blood_Carbon_Report,Independent,2023,act
doc_02,Blood_Carbon_Report,Independent,2023,offer
doc_02,Blood_Carbon_Report,Independent,2023,provision
doc_02,Blood_Carbon_Report,Independent,2023,guide
doc_02,Blood_Carbon_Report,Independent,2023,transition
doc_02,Blood_Carbon_Report,Independent,2023,landin
doc_02,Blood_Carbon_Report,Independent,2023,regard
doc_02,Blood_Carbon_Report,Independent,2023,acquire
doc_02,Blood_Carbon_Report,Independent,2023,ranch
doc_02,Blood_Carbon_Report,Independent,2023,status
doc_02,Blood_Carbon_Report,Independent,2023,land
doc_02,Blood_Carbon_Report,Independent,2023,act
doc_02,Blood_Carbon_Report,Independent,2023,require
doc_02,Blood_Carbon_Report,Independent,2023,land
doc_02,Blood_Carbon_Report,Independent,2023,hold
doc_02,Blood_Carbon_Report,Independent,2023,representative
doc_02,Blood_Carbon_Report,Independent,2023,sell
doc_02,Blood_Carbon_Report,Independent,2023,lease
doc_02,Blood_Carbon_Report,Independent,2023,convert
doc_02,Blood_Carbon_Report,Independent,2023,private
doc_02,Blood_Carbon_Report,Independent,2023,land
doc_02,Blood_Carbon_Report,Independent,2023,register
doc_02,Blood_Carbon_Report,Independent,2023,land
doc_02,Blood_Carbon_Report,Independent,2023,act
doc_02,Blood_Carbon_Report,Independent,2023,firstever
doc_02,Blood_Carbon_Report,Independent,2023,registration
doc_02,Blood_Carbon_Report,Independent,2023,land
doc_02,Blood_Carbon_Report,Independent,2023,ngwesi
doc_02,Blood_Carbon_Report,Independent,2023,mosul
doc_02,Blood_Carbon_Report,Independent,2023,sereolipi
doc_02,Blood_Carbon_Report,Independent,2023,samburu
doc_02,Blood_Carbon_Report,Independent,2023,county
doc_02,Blood_Carbon_Report,Independent,2023,transition
doc_02,Blood_Carbon_Report,Independent,2023,land
doc_02,Blood_Carbon_Report,Independent,2023,ranch
doc_02,Blood_Carbon_Report,Independent,2023,status
doc_02,Blood_Carbon_Report,Independent,2023,achieve
doc_02,Blood_Carbon_Report,Independent,2023,outcome
doc_02,Blood_Carbon_Report,Independent,2023,legal
doc_02,Blood_Carbon_Report,Independent,2023,basis
doc_02,Blood_Carbon_Report,Independent,2023,soil
doc_02,Blood_Carbon_Report,Independent,2023,ownership
doc_02,Blood_Carbon_Report,Independent,2023,infer
doc_02,Blood_Carbon_Report,Independent,2023,legal
doc_02,Blood_Carbon_Report,Independent,2023,graze
doc_02,Blood_Carbon_Report,Independent,2023,land
doc_02,Blood_Carbon_Report,Independent,2023,act
doc_02,Blood_Carbon_Report,Independent,2023,repeal
doc_02,Blood_Carbon_Report,Independent,2023,land
doc_02,Blood_Carbon_Report,Independent,2023,act
doc_02,Blood_Carbon_Report,Independent,2023,obligation
doc_02,Blood_Carbon_Report,Independent,2023,seek
doc_02,Blood_Carbon_Report,Independent,2023,utilize
doc_02,Blood_Carbon_Report,Independent,2023,invest
doc_02,Blood_Carbon_Report,Independent,2023,land
doc_02,Blood_Carbon_Report,Independent,2023,deem
doc_02,Blood_Carbon_Report,Independent,2023,cover
doc_02,Blood_Carbon_Report,Independent,2023,act
doc_02,Blood_Carbon_Report,Independent,2023,register
doc_02,Blood_Carbon_Report,Independent,2023,land
doc_02,Blood_Carbon_Report,Independent,2023,register
doc_02,Blood_Carbon_Report,Independent,2023,act
doc_02,Blood_Carbon_Report,Independent,2023,provide
doc_02,Blood_Carbon_Report,Independent,2023,regulation
doc_02,Blood_Carbon_Report,Independent,2023,land
doc_02,Blood_Carbon_Report,Independent,2023,management
doc_02,Blood_Carbon_Report,Independent,2023,land
doc_02,Blood_Carbon_Report,Independent,2023,subject
doc_02,Blood_Carbon_Report,Independent,2023,national
doc_02,Blood_Carbon_Report,Independent,2023,county
doc_02,Blood_Carbon_Report,Independent,2023,government
doc_02,Blood_Carbon_Report,Independent,2023,law
doc_02,Blood_Carbon_Report,Independent,2023,policy
doc_02,Blood_Carbon_Report,Independent,2023,relate
doc_02,Blood_Carbon_Report,Independent,2023,exploitation
doc_02,Blood_Carbon_Report,Independent,2023,mineral
doc_02,Blood_Carbon_Report,Independent,2023,natural
doc_02,Blood_Carbon_Report,Independent,2023,resource
doc_02,Blood_Carbon_Report,Independent,2023,substantive
doc_02,Blood_Carbon_Report,Independent,2023,law
doc_02,Blood_Carbon_Report,Independent,2023,county
doc_02,Blood_Carbon_Report,Independent,2023,national
doc_02,Blood_Carbon_Report,Independent,2023,level
doc_02,Blood_Carbon_Report,Independent,2023,enact
doc_02,Blood_Carbon_Report,Independent,2023,provide
doc_02,Blood_Carbon_Report,Independent,2023,mechanism
doc_02,Blood_Carbon_Report,Independent,2023,regulate
doc_02,Blood_Carbon_Report,Independent,2023,generation
doc_02,Blood_Carbon_Report,Independent,2023,trade
doc_02,Blood_Carbon_Report,Independent,2023,act
doc_02,Blood_Carbon_Report,Independent,2023,require
doc_02,Blood_Carbon_Report,Independent,2023,agreement
doc_02,Blood_Carbon_Report,Independent,2023,relate
doc_02,Blood_Carbon_Report,Independent,2023,investment
doc_02,Blood_Carbon_Report,Independent,2023,land
doc_02,Blood_Carbon_Report,Independent,2023,free
doc_02,Blood_Carbon_Report,Independent,2023,consultative
doc_02,Blood_Carbon_Report,Independent,2023,process
doc_02,Blood_Carbon_Report,Independent,2023,provision
doc_02,Blood_Carbon_Report,Independent,2023,follow
doc_02,Blood_Carbon_Report,Independent,2023,aspect
doc_02,Blood_Carbon_Report,Independent,2023,environmental
doc_02,Blood_Carbon_Report,Independent,2023,social
doc_02,Blood_Carbon_Report,Independent,2023,cultural
doc_02,Blood_Carbon_Report,Independent,2023,economic
doc_02,Blood_Carbon_Report,Independent,2023,impact
doc_02,Blood_Carbon_Report,Independent,2023,assessment
doc_02,Blood_Carbon_Report,Independent,2023,stakeholder
doc_02,Blood_Carbon_Report,Independent,2023,consultation
doc_02,Blood_Carbon_Report,Independent,2023,involvement
doc_02,Blood_Carbon_Report,Independent,2023,continuous
doc_02,Blood_Carbon_Report,Independent,2023,monitor
doc_02,Blood_Carbon_Report,Independent,2023,evaluation
doc_02,Blood_Carbon_Report,Independent,2023,impact
doc_02,Blood_Carbon_Report,Independent,2023,investment
doc_02,Blood_Carbon_Report,Independent,2023,land
doc_02,Blood_Carbon_Report,Independent,2023,act
doc_02,Blood_Carbon_Report,Independent,2023,provide
doc_02,Blood_Carbon_Report,Independent,2023,transaction
doc_02,Blood_Carbon_Report,Independent,2023,relation
doc_02,Blood_Carbon_Report,Independent,2023,unregistered
doc_02,Blood_Carbon_Report,Independent,2023,land
doc_02,Blood_Carbon_Report,Independent,2023,county
doc_02,Blood_Carbon_Report,Independent,2023,accordance
doc_02,Blood_Carbon_Report,Independent,2023,provision
doc_02,Blood_Carbon_Report,Independent,2023,act
doc_02,Blood_Carbon_Report,Independent,2023,applicable
doc_02,Blood_Carbon_Report,Independent,2023,law
doc_02,Blood_Carbon_Report,Independent,2023,provide
doc_02,Blood_Carbon_Report,Independent,2023,agreement
doc_02,Blood_Carbon_Report,Independent,2023,relate
doc_02,Blood_Carbon_Report,Independent,2023,investment
doc_02,Blood_Carbon_Report,Independent,2023,land
doc_02,Blood_Carbon_Report,Independent,2023,investor
doc_02,Blood_Carbon_Report,Independent,2023,agreement
doc_02,Blood_Carbon_Report,Independent,2023,investor
doc_02,Blood_Carbon_Report,Independent,2023,valid
doc_02,Blood_Carbon_Report,Independent,2023,approve
doc_02,Blood_Carbon_Report,Independent,2023,twothirds
doc_02,Blood_Carbon_Report,Independent,2023,adult
doc_02,Blood_Carbon_Report,Independent,2023,assembly
doc_02,Blood_Carbon_Report,Independent,2023,meet
doc_02,Blood_Carbon_Report,Independent,2023,call
doc_02,Blood_Carbon_Report,Independent,2023,offer
doc_02,Blood_Carbon_Report,Independent,2023,quorum
doc_02,Blood_Carbon_Report,Independent,2023,twothirds
doc_02,Blood_Carbon_Report,Independent,2023,adult
doc_02,Blood_Carbon_Report,Independent,2023,represent
doc_02,Blood_Carbon_Report,Independent,2023,evidence
doc_02,Blood_Carbon_Report,Independent,2023,relevant
doc_02,Blood_Carbon_Report,Independent,2023,assessment
doc_02,Blood_Carbon_Report,Independent,2023,undertake
doc_02,Blood_Carbon_Report,Independent,2023,compliance
doc_02,Blood_Carbon_Report,Independent,2023,law
doc_02,Blood_Carbon_Report,Independent,2023,process
doc_02,Blood_Carbon_Report,Independent,2023,consultation
doc_02,Blood_Carbon_Report,Independent,2023,require
doc_02,Blood_Carbon_Report,Independent,2023,twothirds
doc_02,Blood_Carbon_Report,Independent,2023,approve
doc_02,Blood_Carbon_Report,Independent,2023,nrts
doc_02,Blood_Carbon_Report,Independent,2023,propose
doc_02,Blood_Carbon_Report,Independent,2023,investment
doc_02,Blood_Carbon_Report,Independent,2023,fund
doc_02,Blood_Carbon_Report,Independent,2023,license
doc_02,Blood_Carbon_Report,Independent,2023,obtain
doc_02,Blood_Carbon_Report,Independent,2023,respective
doc_02,Blood_Carbon_Report,Independent,2023,county
doc_02,Blood_Carbon_Report,Independent,2023,governmentsin
doc_02,Blood_Carbon_Report,Independent,2023,word
doc_02,Blood_Carbon_Report,Independent,2023,legal
doc_02,Blood_Carbon_Report,Independent,2023,basis
doc_02,Blood_Carbon_Report,Independent,2023,nrts
doc_02,Blood_Carbon_Report,Independent,2023,land
doc_02,Blood_Carbon_Report,Independent,2023,half
doc_02,Blood_Carbon_Report,Independent,2023,include
doc_02,Blood_Carbon_Report,Independent,2023,isiolo
doc_02,Blood_Carbon_Report,Independent,2023,county
doc_02,Blood_Carbon_Report,Independent,2023,half
doc_02,Blood_Carbon_Report,Independent,2023,laikipia
doc_02,Blood_Carbon_Report,Independent,2023,sidestep
doc_02,Blood_Carbon_Report,Independent,2023,uncertainty
doc_02,Blood_Carbon_Report,Independent,2023,validator
doc_02,Blood_Carbon_Report,Independent,2023,accept
doc_02,Blood_Carbon_Report,Independent,2023,legislation
doc_02,Blood_Carbon_Report,Independent,2023,refer
doc_02,Blood_Carbon_Report,Independent,2023,establish
doc_02,Blood_Carbon_Report,Independent,2023,support
doc_02,Blood_Carbon_Report,Independent,2023,activity
doc_02,Blood_Carbon_Report,Independent,2023,support
doc_02,Blood_Carbon_Report,Independent,2023,crucially
doc_02,Blood_Carbon_Report,Independent,2023,subsequent
doc_02,Blood_Carbon_Report,Independent,2023,validation
doc_02,Blood_Carbon_Report,Independent,2023,verification
doc_02,Blood_Carbon_Report,Independent,2023,period
doc_02,Blood_Carbon_Report,Independent,2023,commencement
doc_02,Blood_Carbon_Report,Independent,2023,period
doc_02,Blood_Carbon_Report,Independent,2023,verification
doc_02,Blood_Carbon_Report,Independent,2023,indigenous
doc_02,Blood_Carbon_Report,Independent,2023,file
doc_02,Blood_Carbon_Report,Independent,2023,isiolo
doc_02,Blood_Carbon_Report,Independent,2023,court
doc_02,Blood_Carbon_Report,Independent,2023,challenge
doc_02,Blood_Carbon_Report,Independent,2023,legality
doc_02,Blood_Carbon_Report,Independent,2023,nrts
doc_02,Blood_Carbon_Report,Independent,2023,role
doc_02,Blood_Carbon_Report,Independent,2023,stablish
doc_02,Blood_Carbon_Report,Independent,2023,action
doc_02,Blood_Carbon_Report,Independent,2023,delineate
doc_02,Blood_Carbon_Report,Independent,2023,annex
doc_02,Blood_Carbon_Report,Independent,2023,land
doc_02,Blood_Carbon_Report,Independent,2023,private
doc_02,Blood_Carbon_Report,Independent,2023,wildlife
doc_02,Blood_Carbon_Report,Independent,2023,conservation
doc_02,Blood_Carbon_Report,Independent,2023,seek
doc_02,Blood_Carbon_Report,Independent,2023,free
doc_02,Blood_Carbon_Report,Independent,2023,prior
doc_02,Blood_Carbon_Report,Independent,2023,inform
doc_02,Blood_Carbon_Report,Independent,2023,consent
doc_02,Blood_Carbon_Report,Independent,2023,membersthis
doc_02,Blood_Carbon_Report,Independent,2023,delay
doc_02,Blood_Carbon_Report,Independent,2023,legal
doc_02,Blood_Carbon_Report,Independent,2023,block
doc_02,Blood_Carbon_Report,Independent,2023,tactic
doc_02,Blood_Carbon_Report,Independent,2023,process
doc_02,Blood_Carbon_Report,Independent,2023,hear
doc_02,Blood_Carbon_Report,Independent,2023,due
doc_02,Blood_Carbon_Report,Independent,2023,assume
doc_02,Blood_Carbon_Report,Independent,2023,establish
doc_02,Blood_Carbon_Report,Independent,2023,implement
doc_02,Blood_Carbon_Report,Independent,2023,proponent
doc_02,Blood_Carbon_Report,Independent,2023,main
doc_02,Blood_Carbon_Report,Independent,2023,beneficiary
doc_02,Blood_Carbon_Report,Independent,2023,formal
doc_02,Blood_Carbon_Report,Independent,2023,agreement
doc_02,Blood_Carbon_Report,Independent,2023,assume
doc_02,Blood_Carbon_Report,Independent,2023,legal
doc_02,Blood_Carbon_Report,Independent,2023,soil
doc_02,Blood_Carbon_Report,Independent,2023,enter
doc_02,Blood_Carbon_Report,Independent,2023,agreement
doc_02,Blood_Carbon_Report,Independent,2023,sell
doc_02,Blood_Carbon_Report,Independent,2023,emission
doc_02,Blood_Carbon_Report,Independent,2023,reduction
doc_02,Blood_Carbon_Report,Independent,2023,generate
doc_02,Blood_Carbon_Report,Independent,2023,respective
doc_02,Blood_Carbon_Report,Independent,2023,land
doc_02,Blood_Carbon_Report,Independent,2023,document
doc_02,Blood_Carbon_Report,Independent,2023,unequivocally
doc_02,Blood_Carbon_Report,Independent,2023,acquire
doc_02,Blood_Carbon_Report,Independent,2023,response
doc_02,Blood_Carbon_Report,Independent,2023,validator
doc_02,Blood_Carbon_Report,Independent,2023,question
doc_02,Blood_Carbon_Report,Independent,2023,clarification
doc_02,Blood_Carbon_Report,Independent,2023,legal
doc_02,Blood_Carbon_Report,Independent,2023,basis
doc_02,Blood_Carbon_Report,Independent,2023,nrts
doc_02,Blood_Carbon_Report,Independent,2023,ownership
doc_02,Blood_Carbon_Report,Independent,2023,legal
doc_02,Blood_Carbon_Report,Independent,2023,entity
doc_02,Blood_Carbon_Report,Independent,2023,certify
doc_02,Blood_Carbon_Report,Independent,2023,recognize
doc_02,Blood_Carbon_Report,Independent,2023,revenue
doc_02,Blood_Carbon_Report,Independent,2023,service
doc_02,Blood_Carbon_Report,Independent,2023,sign
doc_02,Blood_Carbon_Report,Independent,2023,contract
doc_02,Blood_Carbon_Report,Independent,2023,benefit
doc_02,Blood_Carbon_Report,Independent,2023,conservation
doc_02,Blood_Carbon_Report,Independent,2023,emphasis
doc_02,Blood_Carbon_Report,Independent,2023,add
doc_02,Blood_Carbon_Report,Independent,2023,geographically
doc_02,Blood_Carbon_Report,Independent,2023,delineate
doc_02,Blood_Carbon_Report,Independent,2023,critical
doc_02,Blood_Carbon_Report,Independent,2023,question
doc_02,Blood_Carbon_Report,Independent,2023,sign
doc_02,Blood_Carbon_Report,Independent,2023,contract
doc_02,Blood_Carbon_Report,Independent,2023,proponent
doc_02,Blood_Carbon_Report,Independent,2023,validator
doc_02,Blood_Carbon_Report,Independent,2023,issue
doc_02,Blood_Carbon_Report,Independent,2023,arise
doc_02,Blood_Carbon_Report,Independent,2023,context
doc_02,Blood_Carbon_Report,Independent,2023,guarantee
doc_02,Blood_Carbon_Report,Independent,2023,permanence
doc_02,Blood_Carbon_Report,Independent,2023,outcome
doc_02,Blood_Carbon_Report,Independent,2023,claim
doc_02,Blood_Carbon_Report,Independent,2023,guarantee
doc_02,Blood_Carbon_Report,Independent,2023,unspecified
doc_02,Blood_Carbon_Report,Independent,2023,conservation
doc_02,Blood_Carbon_Report,Independent,2023,easement
doc_02,Blood_Carbon_Report,Independent,2023,validator
doc_02,Blood_Carbon_Report,Independent,2023,request
doc_02,Blood_Carbon_Report,Independent,2023,copy
doc_02,Blood_Carbon_Report,Independent,2023,note
doc_02,Blood_Carbon_Report,Independent,2023,easement
doc_02,Blood_Carbon_Report,Independent,2023,include
doc_02,Blood_Carbon_Report,Independent,2023,language
doc_02,Blood_Carbon_Report,Independent,2023,require
doc_02,Blood_Carbon_Report,Independent,2023,continuation
doc_02,Blood_Carbon_Report,Independent,2023,management
doc_02,Blood_Carbon_Report,Independent,2023,practice
doc_02,Blood_Carbon_Report,Independent,2023,protect
doc_02,Blood_Carbon_Report,Independent,2023,stock
doc_02,Blood_Carbon_Report,Independent,2023,length
doc_02,Blood_Carbon_Report,Independent,2023,period
doc_02,Blood_Carbon_Report,Independent,2023,response
doc_02,Blood_Carbon_Report,Independent,2023,record
doc_02,Blood_Carbon_Report,Independent,2023,validator
doc_02,Blood_Carbon_Report,Independent,2023,form
doc_02,Blood_Carbon_Report,Independent,2023,easement
doc_02,Blood_Carbon_Report,Independent,2023,letter
doc_02,Blood_Carbon_Report,Independent,2023,intent
doc_02,Blood_Carbon_Report,Independent,2023,participate
doc_02,Blood_Carbon_Report,Independent,2023,evidently
doc_02,Blood_Carbon_Report,Independent,2023,date
doc_02,Blood_Carbon_Report,Independent,2023,february
doc_02,Blood_Carbon_Report,Independent,2023,march
doc_02,Blood_Carbon_Report,Independent,2023,validator
doc_02,Blood_Carbon_Report,Independent,2023,ultimately
doc_02,Blood_Carbon_Report,Independent,2023,unable
doc_02,Blood_Carbon_Report,Independent,2023,determine
doc_02,Blood_Carbon_Report,Independent,2023,letter
doc_02,Blood_Carbon_Report,Independent,2023,intent
doc_02,Blood_Carbon_Report,Independent,2023,applicable
doc_02,Blood_Carbon_Report,Independent,2023,law
doc_02,Blood_Carbon_Report,Independent,2023,constitute
doc_02,Blood_Carbon_Report,Independent,2023,legally
doc_02,Blood_Carbon_Report,Independent,2023,bind
doc_02,Blood_Carbon_Report,Independent,2023,commitment
doc_02,Blood_Carbon_Report,Independent,2023,protect
doc_02,Blood_Carbon_Report,Independent,2023,stock
doc_02,Blood_Carbon_Report,Independent,2023,length
doc_02,Blood_Carbon_Report,Independent,2023,period
doc_02,Blood_Carbon_Report,Independent,2023,query
doc_02,Blood_Carbon_Report,Independent,2023,close
doc_02,Blood_Carbon_Report,Independent,2023,validator
doc_02,Blood_Carbon_Report,Independent,2023,note
doc_02,Blood_Carbon_Report,Independent,2023,september
doc_02,Blood_Carbon_Report,Independent,2023,scan
doc_02,Blood_Carbon_Report,Independent,2023,copy
doc_02,Blood_Carbon_Report,Independent,2023,sign
doc_02,Blood_Carbon_Report,Independent,2023,form
doc_02,Blood_Carbon_Report,Independent,2023,letter
doc_02,Blood_Carbon_Report,Independent,2023,chairman
doc_02,Blood_Carbon_Report,Independent,2023,provide
doc_02,Blood_Carbon_Report,Independent,2023,auditor
doc_02,Blood_Carbon_Report,Independent,2023,letter
doc_02,Blood_Carbon_Report,Independent,2023,english
doc_02,Blood_Carbon_Report,Independent,2023,understand
doc_02,Blood_Carbon_Report,Independent,2023,include
doc_02,Blood_Carbon_Report,Independent,2023,mention
doc_02,Blood_Carbon_Report,Independent,2023,expect
doc_02,Blood_Carbon_Report,Independent,2023,revenue
doc_02,Blood_Carbon_Report,Independent,2023,aware
doc_02,Blood_Carbon_Report,Independent,2023,commitment
doc_02,Blood_Carbon_Report,Independent,2023,require
doc_02,Blood_Carbon_Report,Independent,2023,understand
doc_02,Blood_Carbon_Report,Independent,2023,consequence
doc_02,Blood_Carbon_Report,Independent,2023,potential
doc_02,Blood_Carbon_Report,Independent,2023,benefit
doc_02,Blood_Carbon_Report,Independent,2023,item
doc_02,Blood_Carbon_Report,Independent,2023,close
doc_02,Blood_Carbon_Report,Independent,2023,note
doc_02,Blood_Carbon_Report,Independent,2023,letter
doc_02,Blood_Carbon_Report,Independent,2023,intent
doc_02,Blood_Carbon_Report,Independent,2023,allegedly
doc_02,Blood_Carbon_Report,Independent,2023,participate
doc_02,Blood_Carbon_Report,Independent,2023,start
doc_02,Blood_Carbon_Report,Independent,2023,address
doc_02,Blood_Carbon_Report,Independent,2023,fundamental
doc_02,Blood_Carbon_Report,Independent,2023,question
doc_02,Blood_Carbon_Report,Independent,2023,validator
doc_02,Blood_Carbon_Report,Independent,2023,apparently
doc_02,Blood_Carbon_Report,Independent,2023,contract
doc_02,Blood_Carbon_Report,Independent,2023,trade
doc_02,Blood_Carbon_Report,Independent,2023,emission
doc_02,Blood_Carbon_Report,Independent,2023,reduction
doc_02,Blood_Carbon_Report,Independent,2023,allegedly
doc_02,Blood_Carbon_Report,Independent,2023,generate
doc_02,Blood_Carbon_Report,Independent,2023,supposedly
doc_02,Blood_Carbon_Report,Independent,2023,ownedsurvival
doc_02,Blood_Carbon_Report,Independent,2023,international
doc_02,Blood_Carbon_Report,Independent,2023,obtain
doc_02,Blood_Carbon_Report,Independent,2023,copy
doc_02,Blood_Carbon_Report,Independent,2023,contract
doc_02,Blood_Carbon_Report,Independent,2023,evidently
doc_02,Blood_Carbon_Report,Independent,2023,finally
doc_02,Blood_Carbon_Report,Independent,2023,agree
doc_02,Blood_Carbon_Report,Independent,2023,date
doc_02,Blood_Carbon_Report,Independent,2023,june
doc_02,Blood_Carbon_Report,Independent,2023,excerpt
doc_02,Blood_Carbon_Report,Independent,2023,clause
doc_02,Blood_Carbon_Report,Independent,2023,agreement
doc_02,Blood_Carbon_Report,Independent,2023,preliminary
doc_02,Blood_Carbon_Report,Independent,2023,agreement
doc_02,Blood_Carbon_Report,Independent,2023,duly
doc_02,Blood_Carbon_Report,Independent,2023,enter
doc_02,Blood_Carbon_Report,Independent,2023,participate
doc_02,Blood_Carbon_Report,Independent,2023,authorize
doc_02,Blood_Carbon_Report,Independent,2023,sell
doc_02,Blood_Carbon_Report,Independent,2023,claim
doc_02,Blood_Carbon_Report,Independent,2023,soil
doc_02,Blood_Carbon_Report,Independent,2023,accrual
doc_02,Blood_Carbon_Report,Independent,2023,associate
doc_02,Blood_Carbon_Report,Independent,2023,removal
doc_02,Blood_Carbon_Report,Independent,2023,dioxide
doc_02,Blood_Carbon_Report,Independent,2023,atmosphere
doc_02,Blood_Carbon_Report,Independent,2023,result
doc_02,Blood_Carbon_Report,Independent,2023,conduct
doc_02,Blood_Carbon_Report,Independent,2023,activity
doc_02,Blood_Carbon_Report,Independent,2023,define
doc_02,Blood_Carbon_Report,Independent,2023,verify
doc_02,Blood_Carbon_Report,Independent,2023,emission
doc_02,Blood_Carbon_Report,Independent,2023,reduction
doc_02,Blood_Carbon_Report,Independent,2023,vers
doc_02,Blood_Carbon_Report,Independent,2023,word
doc_02,Blood_Carbon_Report,Independent,2023,form
doc_02,Blood_Carbon_Report,Independent,2023,putative
doc_02,Blood_Carbon_Report,Independent,2023,preliminary
doc_02,Blood_Carbon_Report,Independent,2023,agreement
doc_02,Blood_Carbon_Report,Independent,2023,letter
doc_02,Blood_Carbon_Report,Independent,2023,intent
doc_02,Blood_Carbon_Report,Independent,2023,refer
doc_02,Blood_Carbon_Report,Independent,2023,reach
doc_02,Blood_Carbon_Report,Independent,2023,party
doc_02,Blood_Carbon_Report,Independent,2023,entire
doc_02,Blood_Carbon_Report,Independent,2023,period
doc_02,Blood_Carbon_Report,Independent,2023,start
doc_02,Blood_Carbon_Report,Independent,2023,formal
doc_02,Blood_Carbon_Report,Independent,2023,legal
doc_02,Blood_Carbon_Report,Independent,2023,agreement
doc_02,Blood_Carbon_Report,Independent,2023,eightandahalf
doc_02,Blood_Carbon_Report,Independent,2023,start
doc_02,Blood_Carbon_Report,Independent,2023,agreement
doc_02,Blood_Carbon_Report,Independent,2023,party
doc_02,Blood_Carbon_Report,Independent,2023,agree
doc_02,Blood_Carbon_Report,Independent,2023,inability
doc_02,Blood_Carbon_Report,Independent,2023,demonstrate
doc_02,Blood_Carbon_Report,Independent,2023,warrant
doc_02,Blood_Carbon_Report,Independent,2023,undisputed
doc_02,Blood_Carbon_Report,Independent,2023,ownership
doc_02,Blood_Carbon_Report,Independent,2023,vers
doc_02,Blood_Carbon_Report,Independent,2023,purpose
doc_02,Blood_Carbon_Report,Independent,2023,agreement
doc_02,Blood_Carbon_Report,Independent,2023,create
doc_02,Blood_Carbon_Report,Independent,2023,uncertainty
doc_02,Blood_Carbon_Report,Independent,2023,low
doc_02,Blood_Carbon_Report,Independent,2023,price
doc_02,Blood_Carbon_Report,Independent,2023,vers
doc_02,Blood_Carbon_Report,Independent,2023,sell
doc_02,Blood_Carbon_Report,Independent,2023,undermine
doc_02,Blood_Carbon_Report,Independent,2023,social
doc_02,Blood_Carbon_Report,Independent,2023,benefit
doc_02,Blood_Carbon_Report,Independent,2023,intend
doc_02,Blood_Carbon_Report,Independent,2023,accrue
doc_02,Blood_Carbon_Report,Independent,2023,participate
doc_02,Blood_Carbon_Report,Independent,2023,exercise
doc_02,Blood_Carbon_Report,Independent,2023,free
doc_02,Blood_Carbon_Report,Independent,2023,prior
doc_02,Blood_Carbon_Report,Independent,2023,inform
doc_02,Blood_Carbon_Report,Independent,2023,consent
doc_02,Blood_Carbon_Report,Independent,2023,fpic
doc_02,Blood_Carbon_Report,Independent,2023,consideration
doc_02,Blood_Carbon_Report,Independent,2023,monetary
doc_02,Blood_Carbon_Report,Independent,2023,benefit
doc_02,Blood_Carbon_Report,Independent,2023,gain
doc_02,Blood_Carbon_Report,Independent,2023,participate
doc_02,Blood_Carbon_Report,Independent,2023,assign
doc_02,Blood_Carbon_Report,Independent,2023,ownership
doc_02,Blood_Carbon_Report,Independent,2023,vers
doc_02,Blood_Carbon_Report,Independent,2023,authorize
doc_02,Blood_Carbon_Report,Independent,2023,issue
doc_02,Blood_Carbon_Report,Independent,2023,warrant
doc_02,Blood_Carbon_Report,Independent,2023,representation
doc_02,Blood_Carbon_Report,Independent,2023,relate
doc_02,Blood_Carbon_Report,Independent,2023,unencumbered
doc_02,Blood_Carbon_Report,Independent,2023,assign
doc_02,Blood_Carbon_Report,Independent,2023,ownership
doc_02,Blood_Carbon_Report,Independent,2023,vers
doc_02,Blood_Carbon_Report,Independent,2023,time
doc_02,Blood_Carbon_Report,Independent,2023,agreement
doc_02,Blood_Carbon_Report,Independent,2023,sign
doc_02,Blood_Carbon_Report,Independent,2023,million
doc_02,Blood_Carbon_Report,Independent,2023,verify
doc_02,Blood_Carbon_Report,Independent,2023,accord
doc_02,Blood_Carbon_Report,Independent,2023,registry
doc_02,Blood_Carbon_Report,Independent,2023,half
doc_02,Blood_Carbon_Report,Independent,2023,million
doc_02,Blood_Carbon_Report,Independent,2023,sell
doc_02,Blood_Carbon_Report,Independent,2023,include
doc_02,Blood_Carbon_Report,Independent,2023,netflix
doc_02,Blood_Carbon_Report,Independent,2023,extent
doc_02,Blood_Carbon_Report,Independent,2023,board
doc_02,Blood_Carbon_Report,Independent,2023,wide
doc_02,Blood_Carbon_Report,Independent,2023,inform
doc_02,Blood_Carbon_Report,Independent,2023,consult
doc_02,Blood_Carbon_Report,Independent,2023,content
doc_02,Blood_Carbon_Report,Independent,2023,legal
doc_02,Blood_Carbon_Report,Independent,2023,agreement
doc_02,Blood_Carbon_Report,Independent,2023,authorize
doc_02,Blood_Carbon_Report,Independent,2023,chair
doc_02,Blood_Carbon_Report,Independent,2023,sign
doc_02,Blood_Carbon_Report,Independent,2023,behalfthe
doc_02,Blood_Carbon_Report,Independent,2023,verification
doc_02,Blood_Carbon_Report,Independent,2023,assessment
doc_02,Blood_Carbon_Report,Independent,2023,account
doc_02,Blood_Carbon_Report,Independent,2023,period
doc_02,Blood_Carbon_Report,Independent,2023,complete
doc_02,Blood_Carbon_Report,Independent,2023,november
doc_02,Blood_Carbon_Report,Independent,2023,simply
doc_02,Blood_Carbon_Report,Independent,2023,repeat
doc_02,Blood_Carbon_Report,Independent,2023,assertion
doc_02,Blood_Carbon_Report,Independent,2023,property
doc_02,Blood_Carbon_Report,Independent,2023,inference
doc_02,Blood_Carbon_Report,Independent,2023,soil
doc_02,Blood_Carbon_Report,Independent,2023,confer
doc_02,Blood_Carbon_Report,Independent,2023,legislation
doc_02,Blood_Carbon_Report,Independent,2023,fail
doc_02,Blood_Carbon_Report,Independent,2023,question
doc_02,Blood_Carbon_Report,Independent,2023,valid
doc_02,Blood_Carbon_Report,Independent,2023,legally
doc_02,Blood_Carbon_Report,Independent,2023,bind
doc_02,Blood_Carbon_Report,Independent,2023,agreement
doc_02,Blood_Carbon_Report,Independent,2023,holder
doc_02,Blood_Carbon_Report,Independent,2023,putative
doc_02,Blood_Carbon_Report,Independent,2023,proponent
doc_02,Blood_Carbon_Report,Independent,2023,doubt
doc_02,Blood_Carbon_Report,Independent,2023,legal
doc_02,Blood_Carbon_Report,Independent,2023,basis
doc_02,Blood_Carbon_Report,Independent,2023,basis
doc_02,Blood_Carbon_Report,Independent,2023,trade
doc_02,Blood_Carbon_Report,Independent,2023,legal
doc_02,Blood_Carbon_Report,Independent,2023,paint
doc_02,Blood_Carbon_Report,Independent,2023,shock
doc_02,Blood_Carbon_Report,Independent,2023,picture
doc_02,Blood_Carbon_Report,Independent,2023,mismanagement
doc_02,Blood_Carbon_Report,Independent,2023,negligence
doc_02,Blood_Carbon_Report,Independent,2023,basic
doc_02,Blood_Carbon_Report,Independent,2023,operate
doc_02,Blood_Carbon_Report,Independent,2023,principle
doc_02,Blood_Carbon_Report,Independent,2023,woeful
doc_02,Blood_Carbon_Report,Independent,2023,absence
doc_02,Blood_Carbon_Report,Independent,2023,due
doc_02,Blood_Carbon_Report,Independent,2023,diligence
doc_02,Blood_Carbon_Report,Independent,2023,validatorverifier
doc_02,Blood_Carbon_Report,Independent,2023,aster
doc_02,Blood_Carbon_Report,Independent,2023,global
doc_02,Blood_Carbon_Report,Independent,2023,environmental
doc_02,Blood_Carbon_Report,Independent,2023,solution
doc_02,Blood_Carbon_Report,Independent,2023,distribution
doc_02,Blood_Carbon_Report,Independent,2023,benefit
doc_02,Blood_Carbon_Report,Independent,2023,recall
doc_02,Blood_Carbon_Report,Independent,2023,document
doc_02,Blood_Carbon_Report,Independent,2023,rotational
doc_02,Blood_Carbon_Report,Independent,2023,graze
doc_02,Blood_Carbon_Report,Independent,2023,practice
doc_02,Blood_Carbon_Report,Independent,2023,rest
doc_02,Blood_Carbon_Report,Independent,2023,occur
doc_02,Blood_Carbon_Report,Independent,2023,significant
doc_02,Blood_Carbon_Report,Independent,2023,revenue
doc_02,Blood_Carbon_Report,Independent,2023,motivate
doc_02,Blood_Carbon_Report,Independent,2023,change
doc_02,Blood_Carbon_Report,Independent,2023,herder
doc_02,Blood_Carbon_Report,Independent,2023,behaviour
doc_02,Blood_Carbon_Report,Independent,2023,reality
doc_02,Blood_Carbon_Report,Independent,2023,revenue
doc_02,Blood_Carbon_Report,Independent,2023,individual
doc_02,Blood_Carbon_Report,Independent,2023,herder
doc_02,Blood_Carbon_Report,Independent,2023,family
doc_02,Blood_Carbon_Report,Independent,2023,accord
doc_02,Blood_Carbon_Report,Independent,2023,document
doc_02,Blood_Carbon_Report,Independent,2023,gross
doc_02,Blood_Carbon_Report,Independent,2023,revenue
doc_02,Blood_Carbon_Report,Independent,2023,straight
doc_02,Blood_Carbon_Report,Independent,2023,vermontbased
doc_02,Blood_Carbon_Report,Independent,2023,company
doc_02,Blood_Carbon_Report,Independent,2023,call
doc_02,Blood_Carbon_Report,Independent,2023,native
doc_02,Blood_Carbon_Report,Independent,2023,energy
doc_02,Blood_Carbon_Report,Independent,2023,market
doc_02,Blood_Carbon_Report,Independent,2023,vers
doc_02,Blood_Carbon_Report,Independent,2023,document
doc_02,Blood_Carbon_Report,Independent,2023,explain
doc_02,Blood_Carbon_Report,Independent,2023,facilitate
doc_02,Blood_Carbon_Report,Independent,2023,market
doc_02,Blood_Carbon_Report,Independent,2023,transaction
doc_02,Blood_Carbon_Report,Independent,2023,native
doc_02,Blood_Carbon_Report,Independent,2023,energy
doc_02,Blood_Carbon_Report,Independent,2023,list
doc_02,Blood_Carbon_Report,Independent,2023,agent
doc_02,Blood_Carbon_Report,Independent,2023,disperse
doc_02,Blood_Carbon_Report,Independent,2023,revenue
doc_02,Blood_Carbon_Report,Independent,2023,agree
doc_02,Blood_Carbon_Report,Independent,2023,proponent
doc_02,Blood_Carbon_Report,Independent,2023,unspecified
doc_02,Blood_Carbon_Report,Independent,2023,percentage
doc_02,Blood_Carbon_Report,Independent,2023,consultancy
doc_02,Blood_Carbon_Report,Independent,2023,fee
doc_02,Blood_Carbon_Report,Independent,2023,soil
doc_02,Blood_Carbon_Report,Independent,2023,future
doc_02,Blood_Carbon_Report,Independent,2023,originate
doc_02,Blood_Carbon_Report,Independent,2023,methodology
doc_02,Blood_Carbon_Report,Independent,2023,develop
doc_02,Blood_Carbon_Report,Independent,2023,remainder
doc_02,Blood_Carbon_Report,Independent,2023,gross
doc_02,Blood_Carbon_Report,Independent,2023,revenue
doc_02,Blood_Carbon_Report,Independent,2023,retain
doc_02,Blood_Carbon_Report,Independent,2023,meet
doc_02,Blood_Carbon_Report,Independent,2023,cost
doc_02,Blood_Carbon_Report,Independent,2023,education
doc_02,Blood_Carbon_Report,Independent,2023,conflict
doc_02,Blood_Carbon_Report,Independent,2023,resolution
doc_02,Blood_Carbon_Report,Independent,2023,graze
doc_02,Blood_Carbon_Report,Independent,2023,coordinator
doc_02,Blood_Carbon_Report,Independent,2023,social
doc_02,Blood_Carbon_Report,Independent,2023,monitor
doc_02,Blood_Carbon_Report,Independent,2023,gross
doc_02,Blood_Carbon_Report,Independent,2023,revenue
doc_02,Blood_Carbon_Report,Independent,2023,distribute
doc_02,Blood_Carbon_Report,Independent,2023,pool
doc_02,Blood_Carbon_Report,Independent,2023,fund
doc_02,Blood_Carbon_Report,Independent,2023,document
doc_02,Blood_Carbon_Report,Independent,2023,distribute
doc_02,Blood_Carbon_Report,Independent,2023,revenue
doc_02,Blood_Carbon_Report,Independent,2023,accord
doc_02,Blood_Carbon_Report,Independent,2023,decision
doc_02,Blood_Carbon_Report,Independent,2023,influence
doc_02,Blood_Carbon_Report,Independent,2023,meeting
doc_02,Blood_Carbon_Report,Independent,2023,payment
doc_02,Blood_Carbon_Report,Independent,2023,fund
doc_02,Blood_Carbon_Report,Independent,2023,health
doc_02,Blood_Carbon_Report,Independent,2023,care
doc_02,Blood_Carbon_Report,Independent,2023,bursary
doc_02,Blood_Carbon_Report,Independent,2023,provide
doc_02,Blood_Carbon_Report,Independent,2023,benefit
doc_02,Blood_Carbon_Report,Independent,2023,poor
doc_02,Blood_Carbon_Report,Independent,2023,pay
doc_02,Blood_Carbon_Report,Independent,2023,school
doc_02,Blood_Carbon_Report,Independent,2023,fee
doc_02,Blood_Carbon_Report,Independent,2023,prove
doc_02,Blood_Carbon_Report,Independent,2023,inaccurateincomplete
doc_02,Blood_Carbon_Report,Independent,2023,chair
doc_02,Blood_Carbon_Report,Independent,2023,participate
doc_02,Blood_Carbon_Report,Independent,2023,finally
doc_02,Blood_Carbon_Report,Independent,2023,notify
doc_02,Blood_Carbon_Report,Independent,2023,distribution
doc_02,Blood_Carbon_Report,Independent,2023,fund
doc_02,Blood_Carbon_Report,Independent,2023,portion
doc_02,Blood_Carbon_Report,Independent,2023,fund
doc_02,Blood_Carbon_Report,Independent,2023,distributable
doc_02,Blood_Carbon_Report,Independent,2023,total
doc_02,Blood_Carbon_Report,Independent,2023,revenue
doc_02,Blood_Carbon_Report,Independent,2023,principle
doc_02,Blood_Carbon_Report,Independent,2023,split
doc_02,Blood_Carbon_Report,Independent,2023,equally
doc_02,Blood_Carbon_Report,Independent,2023,receive
doc_02,Blood_Carbon_Report,Independent,2023,total
doc_02,Blood_Carbon_Report,Independent,2023,split
doc_02,Blood_Carbon_Report,Independent,2023,deliverable
doc_02,Blood_Carbon_Report,Independent,2023,reportedly
doc_02,Blood_Carbon_Report,Independent,2023,restrict
doc_02,Blood_Carbon_Report,Independent,2023,spend
doc_02,Blood_Carbon_Report,Independent,2023,graze
doc_02,Blood_Carbon_Report,Independent,2023,managementit
doc_02,Blood_Carbon_Report,Independent,2023,category
doc_02,Blood_Carbon_Report,Independent,2023,include
doc_02,Blood_Carbon_Report,Independent,2023,possibly
doc_02,Blood_Carbon_Report,Independent,2023,employment
doc_02,Blood_Carbon_Report,Independent,2023,collective
doc_02,Blood_Carbon_Report,Independent,2023,herdkeepers
doc_02,Blood_Carbon_Report,Independent,2023,intend
doc_02,Blood_Carbon_Report,Independent,2023,replace
doc_02,Blood_Carbon_Report,Independent,2023,family
doc_02,Blood_Carbon_Report,Independent,2023,control
doc_02,Blood_Carbon_Report,Independent,2023,herd
doc_02,Blood_Carbon_Report,Independent,2023,amount
doc_02,Blood_Carbon_Report,Independent,2023,activity
doc_02,Blood_Carbon_Report,Independent,2023,ksh
doc_02,Blood_Carbon_Report,Independent,2023,million
doc_02,Blood_Carbon_Report,Independent,2023,remain
doc_02,Blood_Carbon_Report,Independent,2023,principle
doc_02,Blood_Carbon_Report,Independent,2023,distributable
doc_02,Blood_Carbon_Report,Independent,2023,total
doc_02,Blood_Carbon_Report,Independent,2023,submit
doc_02,Blood_Carbon_Report,Independent,2023,bid
doc_02,Blood_Carbon_Report,Independent,2023,common
doc_02,Blood_Carbon_Report,Independent,2023,fund
doc_02,Blood_Carbon_Report,Independent,2023,seemingly
doc_02,Blood_Carbon_Report,Independent,2023,livelihood
doc_02,Blood_Carbon_Report,Independent,2023,fund
doc_02,Blood_Carbon_Report,Independent,2023,document
doc_02,Blood_Carbon_Report,Independent,2023,explain
doc_02,Blood_Carbon_Report,Independent,2023,base
doc_02,Blood_Carbon_Report,Independent,2023,stand
doc_02,Blood_Carbon_Report,Independent,2023,base
doc_02,Blood_Carbon_Report,Independent,2023,financial
doc_02,Blood_Carbon_Report,Independent,2023,management
doc_02,Blood_Carbon_Report,Independent,2023,past
doc_02,Blood_Carbon_Report,Independent,2023,goal
doc_02,Blood_Carbon_Report,Independent,2023,achievement
doc_02,Blood_Carbon_Report,Independent,2023,award
doc_02,Blood_Carbon_Report,Independent,2023,fund
doc_02,Blood_Carbon_Report,Independent,2023,term
doc_02,Blood_Carbon_Report,Independent,2023,stand
doc_02,Blood_Carbon_Report,Independent,2023,vague
doc_02,Blood_Carbon_Report,Independent,2023,lot
doc_02,Blood_Carbon_Report,Independent,2023,discretion
doc_02,Blood_Carbon_Report,Independent,2023,pay
doc_02,Blood_Carbon_Report,Independent,2023,june
doc_02,Blood_Carbon_Report,Independent,2023,contract
doc_02,Blood_Carbon_Report,Independent,2023,potentially
doc_02,Blood_Carbon_Report,Independent,2023,discretion
doc_02,Blood_Carbon_Report,Independent,2023,condition
doc_02,Blood_Carbon_Report,Independent,2023,benefit
doc_02,Blood_Carbon_Report,Independent,2023,share
doc_02,Blood_Carbon_Report,Independent,2023,arrangement
doc_02,Blood_Carbon_Report,Independent,2023,participate
doc_02,Blood_Carbon_Report,Independent,2023,entitle
doc_02,Blood_Carbon_Report,Independent,2023,share
doc_02,Blood_Carbon_Report,Independent,2023,benefit
doc_02,Blood_Carbon_Report,Independent,2023,accrue
doc_02,Blood_Carbon_Report,Independent,2023,sale
doc_02,Blood_Carbon_Report,Independent,2023,vers
doc_02,Blood_Carbon_Report,Independent,2023,oblige
doc_02,Blood_Carbon_Report,Independent,2023,pay
doc_02,Blood_Carbon_Report,Independent,2023,sum
doc_02,Blood_Carbon_Report,Independent,2023,agreement
doc_02,Blood_Carbon_Report,Independent,2023,portion
doc_02,Blood_Carbon_Report,Independent,2023,thereof
doc_02,Blood_Carbon_Report,Independent,2023,participate
doc_02,Blood_Carbon_Report,Independent,2023,provide
doc_02,Blood_Carbon_Report,Independent,2023,information
doc_02,Blood_Carbon_Report,Independent,2023,documentation
doc_02,Blood_Carbon_Report,Independent,2023,exhibit
doc_02,Blood_Carbon_Report,Independent,2023,prescribe
doc_02,Blood_Carbon_Report,Independent,2023,time
doc_02,Blood_Carbon_Report,Independent,2023,participate
doc_02,Blood_Carbon_Report,Independent,2023,perform
doc_02,Blood_Carbon_Report,Independent,2023,obligation
doc_02,Blood_Carbon_Report,Independent,2023,require
doc_02,Blood_Carbon_Report,Independent,2023,perform
doc_02,Blood_Carbon_Report,Independent,2023,emphasis
doc_02,Blood_Carbon_Report,Independent,2023,add
doc_02,Blood_Carbon_Report,Independent,2023,nature
doc_02,Blood_Carbon_Report,Independent,2023,obligation
doc_02,Blood_Carbon_Report,Independent,2023,potentially
doc_02,Blood_Carbon_Report,Independent,2023,require
doc_02,Blood_Carbon_Report,Independent,2023,perform
doc_02,Blood_Carbon_Report,Independent,2023,agreement
doc_02,Blood_Carbon_Report,Independent,2023,annex
doc_02,Blood_Carbon_Report,Independent,2023,revenue
doc_02,Blood_Carbon_Report,Independent,2023,share
doc_02,Blood_Carbon_Report,Independent,2023,arrangement
doc_02,Blood_Carbon_Report,Independent,2023,avoidance
doc_02,Blood_Carbon_Report,Independent,2023,doubt
doc_02,Blood_Carbon_Report,Independent,2023,profit
doc_02,Blood_Carbon_Report,Independent,2023,facilitate
doc_02,Blood_Carbon_Report,Independent,2023,recover
doc_02,Blood_Carbon_Report,Independent,2023,cost
doc_02,Blood_Carbon_Report,Independent,2023,associate
doc_02,Blood_Carbon_Report,Independent,2023,facilitation
doc_02,Blood_Carbon_Report,Independent,2023,constitute
doc_02,Blood_Carbon_Report,Independent,2023,cost
doc_02,Blood_Carbon_Report,Independent,2023,associate
doc_02,Blood_Carbon_Report,Independent,2023,facilitation
doc_02,Blood_Carbon_Report,Independent,2023,publish
doc_02,Blood_Carbon_Report,Independent,2023,properly
doc_02,Blood_Carbon_Report,Independent,2023,audit
doc_02,Blood_Carbon_Report,Independent,2023,annual
doc_02,Blood_Carbon_Report,Independent,2023,account
doc_02,Blood_Carbon_Report,Independent,2023,hard
doc_02,Blood_Carbon_Report,Independent,2023,party
doc_02,Blood_Carbon_Report,Independent,2023,include
doc_02,Blood_Carbon_Report,Independent,2023,determine
doc_02,Blood_Carbon_Report,Independent,2023,accord
doc_02,Blood_Carbon_Report,Independent,2023,agreement
doc_02,Blood_Carbon_Report,Independent,2023,receive
doc_02,Blood_Carbon_Report,Independent,2023,gross
doc_02,Blood_Carbon_Report,Independent,2023,profit
doc_02,Blood_Carbon_Report,Independent,2023,thecosts
doc_02,Blood_Carbon_Report,Independent,2023,sale
doc_02,Blood_Carbon_Report,Independent,2023,remove
doc_02,Blood_Carbon_Report,Independent,2023,gross
doc_02,Blood_Carbon_Report,Independent,2023,profit
doc_02,Blood_Carbon_Report,Independent,2023,channel
doc_02,Blood_Carbon_Report,Independent,2023,special
doc_02,Blood_Carbon_Report,Independent,2023,purpose
doc_02,Blood_Carbon_Report,Independent,2023,vehicle
doc_02,Blood_Carbon_Report,Independent,2023,spv
doc_02,Blood_Carbon_Report,Independent,2023,transparency
doc_02,Blood_Carbon_Report,Independent,2023,accountability
doc_02,Blood_Carbon_Report,Independent,2023,subject
doc_02,Blood_Carbon_Report,Independent,2023,fix
doc_02,Blood_Carbon_Report,Independent,2023,cost
doc_02,Blood_Carbon_Report,Independent,2023,associate
doc_02,Blood_Carbon_Report,Independent,2023,implementation
doc_02,Blood_Carbon_Report,Independent,2023,repayment
doc_02,Blood_Carbon_Report,Independent,2023,upfront
doc_02,Blood_Carbon_Report,Independent,2023,setup
doc_02,Blood_Carbon_Report,Independent,2023,cost
doc_02,Blood_Carbon_Report,Independent,2023,incur
doc_02,Blood_Carbon_Report,Independent,2023,dateup
doc_02,Blood_Carbon_Report,Independent,2023,september
doc_02,Blood_Carbon_Report,Independent,2023,evidence
doc_02,Blood_Carbon_Report,Independent,2023,special
doc_02,Blood_Carbon_Report,Independent,2023,purpose
doc_02,Blood_Carbon_Report,Independent,2023,vehicle
doc_02,Blood_Carbon_Report,Independent,2023,transparency
doc_02,Blood_Carbon_Report,Independent,2023,accountability
doc_02,Blood_Carbon_Report,Independent,2023,launch
doc_02,Blood_Carbon_Report,Independent,2023,similarly
doc_02,Blood_Carbon_Report,Independent,2023,governance
doc_02,Blood_Carbon_Report,Independent,2023,rule
doc_02,Blood_Carbon_Report,Independent,2023,function
doc_02,Blood_Carbon_Report,Independent,2023,pool
doc_02,Blood_Carbon_Report,Independent,2023,fund
doc_02,Blood_Carbon_Report,Independent,2023,livelihood
doc_02,Blood_Carbon_Report,Independent,2023,fund
doc_02,Blood_Carbon_Report,Independent,2023,opaquealthough
doc_02,Blood_Carbon_Report,Independent,2023,frequently
doc_02,Blood_Carbon_Report,Independent,2023,refer
doc_02,Blood_Carbon_Report,Independent,2023,fund
doc_02,Blood_Carbon_Report,Independent,2023,official
doc_02,Blood_Carbon_Report,Independent,2023,donor
doc_02,Blood_Carbon_Report,Independent,2023,agency
doc_02,Blood_Carbon_Report,Independent,2023,contribute
doc_02,Blood_Carbon_Report,Independent,2023,publish
doc_02,Blood_Carbon_Report,Independent,2023,decision
doc_02,Blood_Carbon_Report,Independent,2023,receive
doc_02,Blood_Carbon_Report,Independent,2023,fund
doc_02,Blood_Carbon_Report,Independent,2023,accord
doc_02,Blood_Carbon_Report,Independent,2023,nrts
doc_02,Blood_Carbon_Report,Independent,2023,website
doc_02,Blood_Carbon_Report,Independent,2023,livelihood
doc_02,Blood_Carbon_Report,Independent,2023,fund
doc_02,Blood_Carbon_Report,Independent,2023,apply
doc_02,Blood_Carbon_Report,Independent,2023,proposal
doc_02,Blood_Carbon_Report,Independent,2023,reflect
doc_02,Blood_Carbon_Report,Independent,2023,priority
doc_02,Blood_Carbon_Report,Independent,2023,approve
doc_02,Blood_Carbon_Report,Independent,2023,board
doc_02,Blood_Carbon_Report,Independent,2023,priority
doc_02,Blood_Carbon_Report,Independent,2023,link
doc_02,Blood_Carbon_Report,Independent,2023,livelihood
doc_02,Blood_Carbon_Report,Independent,2023,impact
doc_02,Blood_Carbon_Report,Independent,2023,wildlife
doc_02,Blood_Carbon_Report,Independent,2023,conservation
doc_02,Blood_Carbon_Report,Independent,2023,build
doc_02,Blood_Carbon_Report,Independent,2023,longterm
doc_02,Blood_Carbon_Report,Independent,2023,climate
doc_02,Blood_Carbon_Report,Independent,2023,resilience
doc_02,Blood_Carbon_Report,Independent,2023,peace
doc_02,Blood_Carbon_Report,Independent,2023,sustainable
doc_02,Blood_Carbon_Report,Independent,2023,enterprise
doc_02,Blood_Carbon_Report,Independent,2023,build
doc_02,Blood_Carbon_Report,Independent,2023,capacity
doc_02,Blood_Carbon_Report,Independent,2023,empowerment
doc_02,Blood_Carbon_Report,Independent,2023,woman
doc_02,Blood_Carbon_Report,Independent,2023,youth
doc_02,Blood_Carbon_Report,Independent,2023,leverage
doc_02,Blood_Carbon_Report,Independent,2023,fund
doc_02,Blood_Carbon_Report,Independent,2023,government
doc_02,Blood_Carbon_Report,Independent,2023,partner
doc_02,Blood_Carbon_Report,Independent,2023,multiyear
doc_02,Blood_Carbon_Report,Independent,2023,informant
doc_02,Blood_Carbon_Report,Independent,2023,meet
doc_02,Blood_Carbon_Report,Independent,2023,april
doc_02,Blood_Carbon_Report,Independent,2023,livelihood
doc_02,Blood_Carbon_Report,Independent,2023,fund
doc_02,Blood_Carbon_Report,Independent,2023,tool
doc_02,Blood_Carbon_Report,Independent,2023,maintain
doc_02,Blood_Carbon_Report,Independent,2023,control
doc_02,Blood_Carbon_Report,Independent,2023,ensure
doc_02,Blood_Carbon_Report,Independent,2023,nrts
doc_02,Blood_Carbon_Report,Independent,2023,priority
doc_02,Blood_Carbon_Report,Independent,2023,prevail
doc_02,Blood_Carbon_Report,Independent,2023,requirement
doc_02,Blood_Carbon_Report,Independent,2023,approval
doc_02,Blood_Carbon_Report,Independent,2023,board
doc_02,Blood_Carbon_Report,Independent,2023,strong
doc_02,Blood_Carbon_Report,Independent,2023,influence
doc_02,Blood_Carbon_Report,Independent,2023,submit
doc_02,Blood_Carbon_Report,Independent,2023,fund
doc_02,Blood_Carbon_Report,Independent,2023,note
doc_02,Blood_Carbon_Report,Independent,2023,follow
doc_02,Blood_Carbon_Report,Independent,2023,accord
doc_02,Blood_Carbon_Report,Independent,2023,informant
doc_02,Blood_Carbon_Report,Independent,2023,strong
doc_02,Blood_Carbon_Report,Independent,2023,influence
doc_02,Blood_Carbon_Report,Independent,2023,outright
doc_02,Blood_Carbon_Report,Independent,2023,determine
doc_02,Blood_Carbon_Report,Independent,2023,role
doc_02,Blood_Carbon_Report,Independent,2023,board
doc_02,Blood_Carbon_Report,Independent,2023,criterion
doc_02,Blood_Carbon_Report,Independent,2023,apply
doc_02,Blood_Carbon_Report,Independent,2023,benefit
doc_02,Blood_Carbon_Report,Independent,2023,wildlife
doc_02,Blood_Carbon_Report,Independent,2023,leverage
doc_02,Blood_Carbon_Report,Independent,2023,extra
doc_02,Blood_Carbon_Report,Independent,2023,fund
doc_02,Blood_Carbon_Report,Independent,2023,public
doc_02,Blood_Carbon_Report,Independent,2023,source
doc_02,Blood_Carbon_Report,Independent,2023,low
doc_02,Blood_Carbon_Report,Independent,2023,significance
doc_02,Blood_Carbon_Report,Independent,2023,actual
doc_02,Blood_Carbon_Report,Independent,2023,importantly
doc_02,Blood_Carbon_Report,Independent,2023,mechanism
doc_02,Blood_Carbon_Report,Independent,2023,foresee
doc_02,Blood_Carbon_Report,Independent,2023,benefit
doc_02,Blood_Carbon_Report,Independent,2023,directly
doc_02,Blood_Carbon_Report,Independent,2023,distribute
doc_02,Blood_Carbon_Report,Independent,2023,family
doc_02,Blood_Carbon_Report,Independent,2023,individual
doc_02,Blood_Carbon_Report,Independent,2023,provide
doc_02,Blood_Carbon_Report,Independent,2023,fund
doc_02,Blood_Carbon_Report,Independent,2023,motivate
doc_02,Blood_Carbon_Report,Independent,2023,change
doc_02,Blood_Carbon_Report,Independent,2023,herder
doc_02,Blood_Carbon_Report,Independent,2023,behaviour
doc_02,Blood_Carbon_Report,Independent,2023,simply
doc_02,Blood_Carbon_Report,Independent,2023,materialize
doc_02,Blood_Carbon_Report,Independent,2023,set
doc_02,Blood_Carbon_Report,Independent,2023,fundamental
doc_02,Blood_Carbon_Report,Independent,2023,system
doc_02,Blood_Carbon_Report,Independent,2023,distribute
doc_02,Blood_Carbon_Report,Independent,2023,benefit
doc_02,Blood_Carbon_Report,Independent,2023,unjust
doc_02,Blood_Carbon_Report,Independent,2023,unjustified
doc_02,Blood_Carbon_Report,Independent,2023,serve
doc_02,Blood_Carbon_Report,Independent,2023,address
doc_02,Blood_Carbon_Report,Independent,2023,persistent
doc_02,Blood_Carbon_Report,Independent,2023,lack
doc_02,Blood_Carbon_Report,Independent,2023,financial
doc_02,Blood_Carbon_Report,Independent,2023,selfsufficiency
doc_02,Blood_Carbon_Report,Independent,2023,rest
doc_02,Blood_Carbon_Report,Independent,2023,putative
doc_02,Blood_Carbon_Report,Independent,2023,emission
doc_02,Blood_Carbon_Report,Independent,2023,reduction
doc_02,Blood_Carbon_Report,Independent,2023,generate
doc_02,Blood_Carbon_Report,Independent,2023,level
doc_02,Blood_Carbon_Report,Independent,2023,entrench
doc_02,Blood_Carbon_Report,Independent,2023,reliance
doc_02,Blood_Carbon_Report,Independent,2023,control
doc_02,Blood_Carbon_Report,Independent,2023,livestock
doc_02,Blood_Carbon_Report,Independent,2023,market
doc_02,Blood_Carbon_Report,Independent,2023,program
doc_02,Blood_Carbon_Report,Independent,2023,fail
doc_02,Blood_Carbon_Report,Independent,2023,attempt
doc_02,Blood_Carbon_Report,Independent,2023,pastoralist
doc_02,Blood_Carbon_Report,Independent,2023,rancher
doc_02,Blood_Carbon_Report,Independent,2023,document
doc_02,Blood_Carbon_Report,Independent,2023,goal
doc_02,Blood_Carbon_Report,Independent,2023,achieve
doc_02,Blood_Carbon_Report,Independent,2023,sustainability
doc_02,Blood_Carbon_Report,Independent,2023,animal
doc_02,Blood_Carbon_Report,Independent,2023,begin
doc_02,Blood_Carbon_Report,Independent,2023,sell
doc_02,Blood_Carbon_Report,Independent,2023,excess
doc_02,Blood_Carbon_Report,Independent,2023,animal
doc_02,Blood_Carbon_Report,Independent,2023,livestocktomarket
doc_02,Blood_Carbon_Report,Independent,2023,program
doc_02,Blood_Carbon_Report,Independent,2023,accumulate
doc_02,Blood_Carbon_Report,Independent,2023,animal
doc_02,Blood_Carbon_Report,Independent,2023,poor
doc_02,Blood_Carbon_Report,Independent,2023,condition
doc_02,Blood_Carbon_Report,Independent,2023,stress
doc_02,Blood_Carbon_Report,Independent,2023,forage
doc_02,Blood_Carbon_Report,Independent,2023,provide
doc_02,Blood_Carbon_Report,Independent,2023,cash
doc_02,Blood_Carbon_Report,Independent,2023,valuethe
doc_02,Blood_Carbon_Report,Independent,2023,explain
doc_02,Blood_Carbon_Report,Independent,2023,livestocktomarket
doc_02,Blood_Carbon_Report,Independent,2023,program
doc_02,Blood_Carbon_Report,Independent,2023,cattle
doc_02,Blood_Carbon_Report,Independent,2023,pastoralist
doc_02,Blood_Carbon_Report,Independent,2023,buy
doc_02,Blood_Carbon_Report,Independent,2023,donor
doc_02,Blood_Carbon_Report,Independent,2023,capital
doc_02,Blood_Carbon_Report,Independent,2023,private
doc_02,Blood_Carbon_Report,Independent,2023,ranch
doc_02,Blood_Carbon_Report,Independent,2023,abundant
doc_02,Blood_Carbon_Report,Independent,2023,forage
doc_02,Blood_Carbon_Report,Independent,2023,finish
doc_02,Blood_Carbon_Report,Independent,2023,cattle
doc_02,Blood_Carbon_Report,Independent,2023,market
doc_02,Blood_Carbon_Report,Independent,2023,readiness
doc_02,Blood_Carbon_Report,Independent,2023,sell
doc_02,Blood_Carbon_Report,Independent,2023,cost
doc_02,Blood_Carbon_Report,Independent,2023,idea
doc_02,Blood_Carbon_Report,Independent,2023,programme
doc_02,Blood_Carbon_Report,Independent,2023,support
doc_02,Blood_Carbon_Report,Independent,2023,nature
doc_02,Blood_Carbon_Report,Independent,2023,million
doc_02,Blood_Carbon_Report,Independent,2023,lowinterest
doc_02,Blood_Carbon_Report,Independent,2023,loan
doc_02,Blood_Carbon_Report,Independent,2023,herder
doc_02,Blood_Carbon_Report,Independent,2023,convert
doc_02,Blood_Carbon_Report,Independent,2023,cattle
doc_02,Blood_Carbon_Report,Independent,2023,cash
doc_02,Blood_Carbon_Report,Independent,2023,readily
doc_02,Blood_Carbon_Report,Independent,2023,claim
doc_02,Blood_Carbon_Report,Independent,2023,improve
doc_02,Blood_Carbon_Report,Independent,2023,rotational
doc_02,Blood_Carbon_Report,Independent,2023,graze
doc_02,Blood_Carbon_Report,Independent,2023,practice
doc_02,Blood_Carbon_Report,Independent,2023,indirectly
doc_02,Blood_Carbon_Report,Independent,2023,result
doc_02,Blood_Carbon_Report,Independent,2023,activity
doc_02,Blood_Carbon_Report,Independent,2023,lead
doc_02,Blood_Carbon_Report,Independent,2023,expansion
doc_02,Blood_Carbon_Report,Independent,2023,source
doc_02,Blood_Carbon_Report,Independent,2023,revenue
doc_02,Blood_Carbon_Report,Independent,2023,livestock
doc_02,Blood_Carbon_Report,Independent,2023,sale
doc_02,Blood_Carbon_Report,Independent,2023,individual
doc_02,Blood_Carbon_Report,Independent,2023,herder
doc_02,Blood_Carbon_Report,Independent,2023,livestock
doc_02,Blood_Carbon_Report,Independent,2023,market
doc_02,Blood_Carbon_Report,Independent,2023,program
doc_02,Blood_Carbon_Report,Independent,2023,careful
doc_02,Blood_Carbon_Report,Independent,2023,intention
doc_02,Blood_Carbon_Report,Independent,2023,reduce
doc_02,Blood_Carbon_Report,Independent,2023,cattle
doc_02,Blood_Carbon_Report,Independent,2023,intention
doc_02,Blood_Carbon_Report,Independent,2023,facilitate
doc_02,Blood_Carbon_Report,Independent,2023,removal
doc_02,Blood_Carbon_Report,Independent,2023,excess
doc_02,Blood_Carbon_Report,Independent,2023,animal
doc_02,Blood_Carbon_Report,Independent,2023,herder
doc_02,Blood_Carbon_Report,Independent,2023,frequently
doc_02,Blood_Carbon_Report,Independent,2023,sell
doc_02,Blood_Carbon_Report,Independent,2023,cattle
doc_02,Blood_Carbon_Report,Independent,2023,market
doc_02,Blood_Carbon_Report,Independent,2023,reportedly
doc_02,Blood_Carbon_Report,Independent,2023,price
doc_02,Blood_Carbon_Report,Independent,2023,gouge
doc_02,Blood_Carbon_Report,Independent,2023,middleman
doc_02,Blood_Carbon_Report,Independent,2023,buy
doc_02,Blood_Carbon_Report,Independent,2023,cattle
doc_02,Blood_Carbon_Report,Independent,2023,herd
doc_02,Blood_Carbon_Report,Independent,2023,owner
doc_02,Blood_Carbon_Report,Independent,2023,stress
doc_02,Blood_Carbon_Report,Independent,2023,due
doc_02,Blood_Carbon_Report,Independent,2023,drought
doc_02,Blood_Carbon_Report,Independent,2023,hardship
doc_02,Blood_Carbon_Report,Independent,2023,traditional
doc_02,Blood_Carbon_Report,Independent,2023,leader
doc_02,Blood_Carbon_Report,Independent,2023,informant
doc_02,Blood_Carbon_Report,Independent,2023,speak
doc_02,Blood_Carbon_Report,Independent,2023,price
doc_02,Blood_Carbon_Report,Independent,2023,gouge
doc_02,Blood_Carbon_Report,Independent,2023,precisely
doc_02,Blood_Carbon_Report,Independent,2023,livestock
doc_02,Blood_Carbon_Report,Independent,2023,market
doc_02,Blood_Carbon_Report,Independent,2023,programme
doc_02,Blood_Carbon_Report,Independent,2023,engage
doc_02,Blood_Carbon_Report,Independent,2023,claim
doc_02,Blood_Carbon_Report,Independent,2023,offer
doc_02,Blood_Carbon_Report,Independent,2023,buy
doc_02,Blood_Carbon_Report,Independent,2023,cattle
doc_02,Blood_Carbon_Report,Independent,2023,deal
doc_02,Blood_Carbon_Report,Independent,2023,live
doc_02,Blood_Carbon_Report,Independent,2023,animal
doc_02,Blood_Carbon_Report,Independent,2023,weight
doc_02,Blood_Carbon_Report,Independent,2023,drought
doc_02,Blood_Carbon_Report,Independent,2023,animal
doc_02,Blood_Carbon_Report,Independent,2023,thin
doc_02,Blood_Carbon_Report,Independent,2023,owner
doc_02,Blood_Carbon_Report,Independent,2023,cash
doc_02,Blood_Carbon_Report,Independent,2023,ksh
doc_02,Blood_Carbon_Report,Independent,2023,ksh
doc_02,Blood_Carbon_Report,Independent,2023,animal
doc_02,Blood_Carbon_Report,Independent,2023,approx
doc_02,Blood_Carbon_Report,Independent,2023,usd
doc_02,Blood_Carbon_Report,Independent,2023,usd
doc_02,Blood_Carbon_Report,Independent,2023,cite
doc_02,Blood_Carbon_Report,Independent,2023,half
doc_02,Blood_Carbon_Report,Independent,2023,price
doc_02,Blood_Carbon_Report,Independent,2023,expect
doc_02,Blood_Carbon_Report,Independent,2023,receive
doc_02,Blood_Carbon_Report,Independent,2023,cattle
doc_02,Blood_Carbon_Report,Independent,2023,send
doc_02,Blood_Carbon_Report,Independent,2023,lush
doc_02,Blood_Carbon_Report,Independent,2023,private
doc_02,Blood_Carbon_Report,Independent,2023,ranchesconservancies
doc_02,Blood_Carbon_Report,Independent,2023,pejeta
doc_02,Blood_Carbon_Report,Independent,2023,fatten
doc_02,Blood_Carbon_Report,Independent,2023,slaughter
doc_02,Blood_Carbon_Report,Independent,2023,sell
doc_02,Blood_Carbon_Report,Independent,2023,international
doc_02,Blood_Carbon_Report,Independent,2023,commodity
doc_02,Blood_Carbon_Report,Independent,2023,market
doc_02,Blood_Carbon_Report,Independent,2023,claim
doc_02,Blood_Carbon_Report,Independent,2023,time
doc_02,Blood_Carbon_Report,Independent,2023,pay
doc_02,Blood_Carbon_Report,Independent,2023,original
doc_02,Blood_Carbon_Report,Independent,2023,owner
doc_02,Blood_Carbon_Report,Independent,2023,informant
doc_02,Blood_Carbon_Report,Independent,2023,herder
doc_02,Blood_Carbon_Report,Independent,2023,refuse
doc_02,Blood_Carbon_Report,Independent,2023,trade
doc_02,Blood_Carbon_Report,Independent,2023,programme
doc_02,Blood_Carbon_Report,Independent,2023,informant
doc_02,Blood_Carbon_Report,Independent,2023,note
doc_02,Blood_Carbon_Report,Independent,2023,researcher
doc_02,Blood_Carbon_Report,Independent,2023,livestock
doc_02,Blood_Carbon_Report,Independent,2023,market
doc_02,Blood_Carbon_Report,Independent,2023,originally
doc_02,Blood_Carbon_Report,Independent,2023,begin
doc_02,Blood_Carbon_Report,Independent,2023,walk
doc_02,Blood_Carbon_Report,Independent,2023,animal
doc_02,Blood_Carbon_Report,Independent,2023,distance
doc_02,Blood_Carbon_Report,Independent,2023,market
doc_02,Blood_Carbon_Report,Independent,2023,time
doc_02,Blood_Carbon_Report,Independent,2023,wait
doc_02,Blood_Carbon_Report,Independent,2023,month
doc_02,Blood_Carbon_Report,Independent,2023,buy
doc_02,Blood_Carbon_Report,Independent,2023,livestock
doc_02,Blood_Carbon_Report,Independent,2023,kilo
doc_02,Blood_Carbon_Report,Independent,2023,price
doc_02,Blood_Carbon_Report,Independent,2023,kilo
doc_02,Blood_Carbon_Report,Independent,2023,low
doc_02,Blood_Carbon_Report,Independent,2023,loss
doc_02,Blood_Carbon_Report,Independent,2023,desperate
doc_02,Blood_Carbon_Report,Independent,2023,situation
doc_02,Blood_Carbon_Report,Independent,2023,press
doc_02,Blood_Carbon_Report,Independent,2023,urgent
doc_02,Blood_Carbon_Report,Independent,2023,money
doc_02,Blood_Carbon_Report,Independent,2023,choicefigure
doc_02,Blood_Carbon_Report,Independent,2023,inside
doc_02,Blood_Carbon_Report,Independent,2023,fauna
doc_02,Blood_Carbon_Report,Independent,2023,flora
doc_02,Blood_Carbon_Report,Independent,2023,international
doc_02,Blood_Carbon_Report,Independent,2023,pejeta
doc_02,Blood_Carbon_Report,Independent,2023,pejeta
doc_02,Blood_Carbon_Report,Independent,2023,describe
doc_02,Blood_Carbon_Report,Independent,2023,owner
doc_02,Blood_Carbon_Report,Independent,2023,conservation
doc_02,Blood_Carbon_Report,Independent,2023,organisation
doc_02,Blood_Carbon_Report,Independent,2023,fauna
doc_02,Blood_Carbon_Report,Independent,2023,flora
doc_02,Blood_Carbon_Report,Independent,2023,international
doc_02,Blood_Carbon_Report,Independent,2023,black
doc_02,Blood_Carbon_Report,Independent,2023,rhino
doc_02,Blood_Carbon_Report,Independent,2023,sanctuary
doc_02,Blood_Carbon_Report,Independent,2023,east
doc_02,Blood_Carbon_Report,Independent,2023,africa
doc_02,Blood_Carbon_Report,Independent,2023,substantial
doc_02,Blood_Carbon_Report,Independent,2023,cattle
doc_02,Blood_Carbon_Report,Independent,2023,ranch
doc_02,Blood_Carbon_Report,Independent,2023,breed
doc_02,Blood_Carbon_Report,Independent,2023,slaughter
doc_02,Blood_Carbon_Report,Independent,2023,meattrading
doc_02,Blood_Carbon_Report,Independent,2023,operation
doc_02,Blood_Carbon_Report,Independent,2023,prime
doc_02,Blood_Carbon_Report,Independent,2023,quality
doc_02,Blood_Carbon_Report,Independent,2023,beef
doc_02,Blood_Carbon_Report,Independent,2023,sell
doc_02,Blood_Carbon_Report,Independent,2023,nairobis
doc_02,Blood_Carbon_Report,Independent,2023,top
doc_02,Blood_Carbon_Report,Independent,2023,butchery
doc_02,Blood_Carbon_Report,Independent,2023,restaurant
doc_02,Blood_Carbon_Report,Independent,2023,genetic
doc_02,Blood_Carbon_Report,Independent,2023,demand
doc_02,Blood_Carbon_Report,Independent,2023,farmer
doc_02,Blood_Carbon_Report,Independent,2023,world
doc_02,Blood_Carbon_Report,Independent,2023,informant
doc_02,Blood_Carbon_Report,Independent,2023,livestock
doc_02,Blood_Carbon_Report,Independent,2023,market
doc_02,Blood_Carbon_Report,Independent,2023,initiative
doc_02,Blood_Carbon_Report,Independent,2023,cease
doc_02,Blood_Carbon_Report,Independent,2023,operate
doc_02,Blood_Carbon_Report,Independent,2023,accord
doc_02,Blood_Carbon_Report,Independent,2023,nrts
doc_02,Blood_Carbon_Report,Independent,2023,operation
doc_02,Blood_Carbon_Report,Independent,2023,shrink
doc_02,Blood_Carbon_Report,Independent,2023,significantly
doc_02,Blood_Carbon_Report,Independent,2023,size
doc_02,Blood_Carbon_Report,Independent,2023,term
doc_02,Blood_Carbon_Report,Independent,2023,achieve
doc_02,Blood_Carbon_Report,Independent,2023,sustainability
doc_02,Blood_Carbon_Report,Independent,2023,animal
doc_02,Blood_Carbon_Report,Independent,2023,provide
doc_02,Blood_Carbon_Report,Independent,2023,additional
doc_02,Blood_Carbon_Report,Independent,2023,reliable
doc_02,Blood_Carbon_Report,Independent,2023,cash
doc_02,Blood_Carbon_Report,Independent,2023,income
doc_02,Blood_Carbon_Report,Independent,2023,herder
doc_02,Blood_Carbon_Report,Independent,2023,livestock
doc_02,Blood_Carbon_Report,Independent,2023,market
doc_02,Blood_Carbon_Report,Independent,2023,operation
doc_02,Blood_Carbon_Report,Independent,2023,limit
doc_02,Blood_Carbon_Report,Independent,2023,destroy
doc_02,Blood_Carbon_Report,Independent,2023,indigenous
doc_02,Blood_Carbon_Report,Independent,2023,culture
doc_02,Blood_Carbon_Report,Independent,2023,supplant
doc_02,Blood_Carbon_Report,Independent,2023,traditional
doc_02,Blood_Carbon_Report,Independent,2023,leadership
doc_02,Blood_Carbon_Report,Independent,2023,specifically
doc_02,Blood_Carbon_Report,Independent,2023,consistently
doc_02,Blood_Carbon_Report,Independent,2023,proclaim
doc_02,Blood_Carbon_Report,Independent,2023,activity
doc_02,Blood_Carbon_Report,Independent,2023,root
doc_02,Blood_Carbon_Report,Independent,2023,local
doc_02,Blood_Carbon_Report,Independent,2023,control
doc_02,Blood_Carbon_Report,Independent,2023,democratic
doc_02,Blood_Carbon_Report,Independent,2023,process
doc_02,Blood_Carbon_Report,Independent,2023,claim
doc_02,Blood_Carbon_Report,Independent,2023,board
doc_02,Blood_Carbon_Report,Independent,2023,accountable
doc_02,Blood_Carbon_Report,Independent,2023,overarch
doc_02,Blood_Carbon_Report,Independent,2023,council
doc_02,Blood_Carbon_Report,Independent,2023,elder
doc_02,Blood_Carbon_Report,Independent,2023,comprise
doc_02,Blood_Carbon_Report,Independent,2023,elect
doc_02,Blood_Carbon_Report,Independent,2023,chairperson
doc_02,Blood_Carbon_Report,Independent,2023,diversity
doc_02,Blood_Carbon_Report,Independent,2023,ethnic
doc_02,Blood_Carbon_Report,Independent,2023,structure
doc_02,Blood_Carbon_Report,Independent,2023,livelihoodsat
doc_02,Blood_Carbon_Report,Independent,2023,level
doc_02,Blood_Carbon_Report,Independent,2023,manage
doc_02,Blood_Carbon_Report,Independent,2023,democratically
doc_02,Blood_Carbon_Report,Independent,2023,elect
doc_02,Blood_Carbon_Report,Independent,2023,board
doc_02,Blood_Carbon_Report,Independent,2023,staff
doc_02,Blood_Carbon_Report,Independent,2023,local
doc_02,Blood_Carbon_Report,Independent,2023,people
doc_02,Blood_Carbon_Report,Independent,2023,mix
doc_02,Blood_Carbon_Report,Independent,2023,ethnic
doc_02,Blood_Carbon_Report,Independent,2023,historically
doc_02,Blood_Carbon_Report,Independent,2023,fight
doc_02,Blood_Carbon_Report,Independent,2023,wellgoverned
doc_02,Blood_Carbon_Report,Independent,2023,provide
doc_02,Blood_Carbon_Report,Independent,2023,institutional
doc_02,Blood_Carbon_Report,Independent,2023,framework
doc_02,Blood_Carbon_Report,Independent,2023,conflict
doc_02,Blood_Carbon_Report,Independent,2023,resolution
doc_02,Blood_Carbon_Report,Independent,2023,build
doc_02,Blood_Carbon_Report,Independent,2023,support
doc_02,Blood_Carbon_Report,Independent,2023,ensure
doc_02,Blood_Carbon_Report,Independent,2023,effective
doc_02,Blood_Carbon_Report,Independent,2023,security
doc_02,Blood_Carbon_Report,Independent,2023,graze
doc_02,Blood_Carbon_Report,Independent,2023,livelihood
doc_02,Blood_Carbon_Report,Independent,2023,programme
doc_02,Blood_Carbon_Report,Independent,2023,informant
doc_02,Blood_Carbon_Report,Independent,2023,author
doc_02,Blood_Carbon_Report,Independent,2023,closely
doc_02,Blood_Carbon_Report,Independent,2023,involve
doc_02,Blood_Carbon_Report,Independent,2023,election
doc_02,Blood_Carbon_Report,Independent,2023,board
doc_02,Blood_Carbon_Report,Independent,2023,box
doc_02,Blood_Carbon_Report,Independent,2023,rule
doc_02,Blood_Carbon_Report,Independent,2023,entire
doc_02,Blood_Carbon_Report,Independent,2023,board
doc_02,Blood_Carbon_Report,Independent,2023,committee
doc_02,Blood_Carbon_Report,Independent,2023,reelect
doc_02,Blood_Carbon_Report,Independent,2023,limit
doc_02,Blood_Carbon_Report,Independent,2023,chance
doc_02,Blood_Carbon_Report,Independent,2023,gain
doc_02,Blood_Carbon_Report,Independent,2023,deep
doc_02,Blood_Carbon_Report,Independent,2023,knowledge
doc_02,Blood_Carbon_Report,Independent,2023,expertise
doc_02,Blood_Carbon_Report,Independent,2023,matter
doc_02,Blood_Carbon_Report,Independent,2023,hand
doc_02,Blood_Carbon_Report,Independent,2023,official
doc_02,Blood_Carbon_Report,Independent,2023,effectively
doc_02,Blood_Carbon_Report,Independent,2023,nominate
doc_02,Blood_Carbon_Report,Independent,2023,candidate
doc_02,Blood_Carbon_Report,Independent,2023,board
doc_02,Blood_Carbon_Report,Independent,2023,election
doc_02,Blood_Carbon_Report,Independent,2023,favour
doc_02,Blood_Carbon_Report,Independent,2023,nonliterate
doc_02,Blood_Carbon_Report,Independent,2023,ability
doc_02,Blood_Carbon_Report,Independent,2023,participate
doc_02,Blood_Carbon_Report,Independent,2023,meaningfully
doc_02,Blood_Carbon_Report,Independent,2023,decisionmaking
doc_02,Blood_Carbon_Report,Independent,2023,severely
doc_02,Blood_Carbon_Report,Independent,2023,limit
doc_02,Blood_Carbon_Report,Independent,2023,process
doc_02,Blood_Carbon_Report,Independent,2023,overinquisitive
doc_02,Blood_Carbon_Report,Independent,2023,challenge
doc_02,Blood_Carbon_Report,Independent,2023,board
doc_02,Blood_Carbon_Report,Independent,2023,rapidly
doc_02,Blood_Carbon_Report,Independent,2023,remove
doc_02,Blood_Carbon_Report,Independent,2023,happen
doc_02,Blood_Carbon_Report,Independent,2023,recent
doc_02,Blood_Carbon_Report,Independent,2023,past
doc_02,Blood_Carbon_Report,Independent,2023,cite
doc_02,Blood_Carbon_Report,Independent,2023,informant
doc_02,Blood_Carbon_Report,Independent,2023,promise
doc_02,Blood_Carbon_Report,Independent,2023,discretionary
doc_02,Blood_Carbon_Report,Independent,2023,cash
doc_02,Blood_Carbon_Report,Independent,2023,describe
doc_02,Blood_Carbon_Report,Independent,2023,discoura
doc_03,"Cows, Carbon and Conflict",Independent,2025,kenyas
doc_03,"Cows, Carbon and Conflict",Independent,2025,rugged
doc_03,"Cows, Carbon and Conflict",Independent,2025,north
doc_03,"Cows, Carbon and Conflict",Independent,2025,effect
doc_03,"Cows, Carbon and Conflict",Independent,2025,climate
doc_03,"Cows, Carbon and Conflict",Independent,2025,change
doc_03,"Cows, Carbon and Conflict",Independent,2025,vivid
doc_03,"Cows, Carbon and Conflict",Independent,2025,dire
doc_03,"Cows, Carbon and Conflict",Independent,2025,organization
doc_03,"Cows, Carbon and Conflict",Independent,2025,develop
doc_03,"Cows, Carbon and Conflict",Independent,2025,sustainable
doc_03,"Cows, Carbon and Conflict",Independent,2025,pioneer
doc_03,"Cows, Carbon and Conflict",Independent,2025,innovative
doc_03,"Cows, Carbon and Conflict",Independent,2025,amidst
doc_03,"Cows, Carbon and Conflict",Independent,2025,closure
doc_03,"Cows, Carbon and Conflict",Independent,2025,nrts
doc_03,"Cows, Carbon and Conflict",Independent,2025,court
doc_03,"Cows, Carbon and Conflict",Independent,2025,suspension
doc_03,"Cows, Carbon and Conflict",Independent,2025,certifier
doc_03,"Cows, Carbon and Conflict",Independent,2025,merti
doc_03,"Cows, Carbon and Conflict",Independent,2025,blame
doc_03,"Cows, Carbon and Conflict",Independent,2025,organization
doc_03,"Cows, Carbon and Conflict",Independent,2025,cattle
doc_03,"Cows, Carbon and Conflict",Independent,2025,rustle
doc_03,"Cows, Carbon and Conflict",Independent,2025,result
doc_03,"Cows, Carbon and Conflict",Independent,2025,impact
doc_03,"Cows, Carbon and Conflict",Independent,2025,adirt
doc_03,"Cows, Carbon and Conflict",Independent,2025,road
doc_03,"Cows, Carbon and Conflict",Independent,2025,stretch
doc_03,"Cows, Carbon and Conflict",Independent,2025,ten
doc_03,"Cows, Carbon and Conflict",Independent,2025,kilometer
doc_03,"Cows, Carbon and Conflict",Independent,2025,north
doc_03,"Cows, Carbon and Conflict",Independent,2025,merti
doc_03,"Cows, Carbon and Conflict",Independent,2025,town
doc_03,"Cows, Carbon and Conflict",Independent,2025,isiolo
doc_03,"Cows, Carbon and Conflict",Independent,2025,village
doc_03,"Cows, Carbon and Conflict",Independent,2025,lakole
doc_03,"Cows, Carbon and Conflict",Independent,2025,expansive
doc_03,"Cows, Carbon and Conflict",Independent,2025,plain
doc_03,"Cows, Carbon and Conflict",Independent,2025,nestle
doc_03,"Cows, Carbon and Conflict",Independent,2025,huge
doc_03,"Cows, Carbon and Conflict",Independent,2025,cliff
doc_03,"Cows, Carbon and Conflict",Independent,2025,saturday
doc_03,"Cows, Carbon and Conflict",Independent,2025,morning
doc_03,"Cows, Carbon and Conflict",Independent,2025,hundred
doc_03,"Cows, Carbon and Conflict",Independent,2025,white
doc_03,"Cows, Carbon and Conflict",Independent,2025,goat
doc_03,"Cows, Carbon and Conflict",Independent,2025,sheep
doc_03,"Cows, Carbon and Conflict",Independent,2025,graze
doc_03,"Cows, Carbon and Conflict",Independent,2025,plain
doc_03,"Cows, Carbon and Conflict",Independent,2025,enjoy
doc_03,"Cows, Carbon and Conflict",Independent,2025,abundance
doc_03,"Cows, Carbon and Conflict",Independent,2025,pasture
doc_03,"Cows, Carbon and Conflict",Independent,2025,follow
doc_03,"Cows, Carbon and Conflict",Independent,2025,plentiful
doc_03,"Cows, Carbon and Conflict",Independent,2025,april
doc_03,"Cows, Carbon and Conflict",Independent,2025,rainsin
doc_03,"Cows, Carbon and Conflict",Independent,2025,beautifully
doc_03,"Cows, Carbon and Conflict",Independent,2025,spread
doc_03,"Cows, Carbon and Conflict",Independent,2025,plain
doc_03,"Cows, Carbon and Conflict",Independent,2025,lakole
doc_03,"Cows, Carbon and Conflict",Independent,2025,lurk
doc_03,"Cows, Carbon and Conflict",Independent,2025,death
doc_03,"Cows, Carbon and Conflict",Independent,2025,evident
doc_03,"Cows, Carbon and Conflict",Independent,2025,dirt
doc_03,"Cows, Carbon and Conflict",Independent,2025,road
doc_03,"Cows, Carbon and Conflict",Independent,2025,approach
doc_03,"Cows, Carbon and Conflict",Independent,2025,village
doc_03,"Cows, Carbon and Conflict",Independent,2025,graveyard
doc_03,"Cows, Carbon and Conflict",Independent,2025,fence
doc_03,"Cows, Carbon and Conflict",Independent,2025,thorn
doc_03,"Cows, Carbon and Conflict",Independent,2025,tree
doc_03,"Cows, Carbon and Conflict",Independent,2025,branch
doc_03,"Cows, Carbon and Conflict",Independent,2025,morning
doc_03,"Cows, Carbon and Conflict",Independent,2025,grave
doc_03,"Cows, Carbon and Conflict",Independent,2025,fresh
doc_03,"Cows, Carbon and Conflict",Independent,2025,red
doc_03,"Cows, Carbon and Conflict",Independent,2025,soil
doc_03,"Cows, Carbon and Conflict",Independent,2025,heap
doc_03,"Cows, Carbon and Conflict",Independent,2025,foot
doc_03,"Cows, Carbon and Conflict",Independent,2025,inside
doc_03,"Cows, Carbon and Conflict",Independent,2025,lie
doc_03,"Cows, Carbon and Conflict",Independent,2025,thirtyyearold
doc_03,"Cows, Carbon and Conflict",Independent,2025,abdi
doc_03,"Cows, Carbon and Conflict",Independent,2025,roba
doc_03,"Cows, Carbon and Conflict",Independent,2025,lay
doc_03,"Cows, Carbon and Conflict",Independent,2025,rest
doc_03,"Cows, Carbon and Conflict",Independent,2025,day
doc_03,"Cows, Carbon and Conflict",Independent,2025,kill
doc_03,"Cows, Carbon and Conflict",Independent,2025,gunshot
doc_03,"Cows, Carbon and Conflict",Independent,2025,head
doc_03,"Cows, Carbon and Conflict",Independent,2025,ruthless
doc_03,"Cows, Carbon and Conflict",Independent,2025,ambush
doc_03,"Cows, Carbon and Conflict",Independent,2025,rustlers
doc_03,"Cows, Carbon and Conflict",Independent,2025,target
doc_03,"Cows, Carbon and Conflict",Independent,2025,cattle
doc_03,"Cows, Carbon and Conflict",Independent,2025,goat
doc_03,"Cows, Carbon and Conflict",Independent,2025,herd
doc_03,"Cows, Carbon and Conflict",Independent,2025,kilometer
doc_03,"Cows, Carbon and Conflict",Independent,2025,villagethe
doc_03,"Cows, Carbon and Conflict",Independent,2025,late
doc_03,"Cows, Carbon and Conflict",Independent,2025,robas
doc_03,"Cows, Carbon and Conflict",Independent,2025,mudwalled
doc_03,"Cows, Carbon and Conflict",Independent,2025,tinroof
doc_03,"Cows, Carbon and Conflict",Independent,2025,house
doc_03,"Cows, Carbon and Conflict",Independent,2025,sit
doc_03,"Cows, Carbon and Conflict",Independent,2025,middle
doc_03,"Cows, Carbon and Conflict",Independent,2025,village
doc_03,"Cows, Carbon and Conflict",Independent,2025,wife
doc_03,"Cows, Carbon and Conflict",Independent,2025,fatuma
doc_03,"Cows, Carbon and Conflict",Independent,2025,rokicha
doc_03,"Cows, Carbon and Conflict",Independent,2025,mourn
doc_03,"Cows, Carbon and Conflict",Independent,2025,weakly
doc_03,"Cows, Carbon and Conflict",Independent,2025,sad
doc_03,"Cows, Carbon and Conflict",Independent,2025,eye
doc_03,"Cows, Carbon and Conflict",Independent,2025,red
doc_03,"Cows, Carbon and Conflict",Independent,2025,cry
doc_03,"Cows, Carbon and Conflict",Independent,2025,lie
doc_03,"Cows, Carbon and Conflict",Independent,2025,carpet
doc_03,"Cows, Carbon and Conflict",Independent,2025,sister
doc_03,"Cows, Carbon and Conflict",Independent,2025,nephew
doc_03,"Cows, Carbon and Conflict",Independent,2025,gaze
doc_03,"Cows, Carbon and Conflict",Independent,2025,earth
doc_03,"Cows, Carbon and Conflict",Independent,2025,front
doc_03,"Cows, Carbon and Conflict",Independent,2025,sister
doc_03,"Cows, Carbon and Conflict",Independent,2025,neighbor
doc_03,"Cows, Carbon and Conflict",Independent,2025,relative
doc_03,"Cows, Carbon and Conflict",Independent,2025,sit
doc_03,"Cows, Carbon and Conflict",Independent,2025,chat
doc_03,"Cows, Carbon and Conflict",Independent,2025,low
doc_03,"Cows, Carbon and Conflict",Independent,2025,tone
doc_03,"Cows, Carbon and Conflict",Independent,2025,peel
doc_03,"Cows, Carbon and Conflict",Independent,2025,potato
doc_03,"Cows, Carbon and Conflict",Independent,2025,lunchrokicha
doc_03,"Cows, Carbon and Conflict",Independent,2025,hear
doc_03,"Cows, Carbon and Conflict",Independent,2025,husband
doc_03,"Cows, Carbon and Conflict",Independent,2025,killer
doc_03,"Cows, Carbon and Conflict",Independent,2025,samburu
doc_03,"Cows, Carbon and Conflict",Independent,2025,raider
doc_03,"Cows, Carbon and Conflict",Independent,2025,lay
doc_03,"Cows, Carbon and Conflict",Independent,2025,siege
doc_03,"Cows, Carbon and Conflict",Independent,2025,day
doc_03,"Cows, Carbon and Conflict",Independent,2025,livestock
doc_03,"Cows, Carbon and Conflict",Independent,2025,borehole
doc_03,"Cows, Carbon and Conflict",Independent,2025,dogogicha
doc_03,"Cows, Carbon and Conflict",Independent,2025,kill
doc_03,"Cows, Carbon and Conflict",Independent,2025,shoot
doc_03,"Cows, Carbon and Conflict",Independent,2025,shallow
doc_03,"Cows, Carbon and Conflict",Independent,2025,dogogicha
doc_03,"Cows, Carbon and Conflict",Independent,2025,didnt
doc_03,"Cows, Carbon and Conflict",Independent,2025,livestock
doc_03,"Cows, Carbon and Conflict",Independent,2025,friend
doc_03,"Cows, Carbon and Conflict",Independent,2025,bring
doc_03,"Cows, Carbon and Conflict",Independent,2025,body
doc_03,"Cows, Carbon and Conflict",Independent,2025,village
doc_03,"Cows, Carbon and Conflict",Independent,2025,rokicha
doc_03,"Cows, Carbon and Conflict",Independent,2025,villager
doc_03,"Cows, Carbon and Conflict",Independent,2025,fear
doc_03,"Cows, Carbon and Conflict",Independent,2025,raider
doc_03,"Cows, Carbon and Conflict",Independent,2025,lurk
doc_03,"Cows, Carbon and Conflict",Independent,2025,dogogicha
doc_03,"Cows, Carbon and Conflict",Independent,2025,strike
doc_03,"Cows, Carbon and Conflict",Independent,2025,lakole
doc_03,"Cows, Carbon and Conflict",Independent,2025,time
doc_03,"Cows, Carbon and Conflict",Independent,2025,beautifully
doc_03,"Cows, Carbon and Conflict",Independent,2025,spread
doc_03,"Cows, Carbon and Conflict",Independent,2025,plain
doc_03,"Cows, Carbon and Conflict",Independent,2025,lakole
doc_03,"Cows, Carbon and Conflict",Independent,2025,lurk
doc_03,"Cows, Carbon and Conflict",Independent,2025,death
doc_03,"Cows, Carbon and Conflict",Independent,2025,evident
doc_03,"Cows, Carbon and Conflict",Independent,2025,dirt
doc_03,"Cows, Carbon and Conflict",Independent,2025,road
doc_03,"Cows, Carbon and Conflict",Independent,2025,approach
doc_03,"Cows, Carbon and Conflict",Independent,2025,village
doc_03,"Cows, Carbon and Conflict",Independent,2025,graveyard
doc_03,"Cows, Carbon and Conflict",Independent,2025,fence
doc_03,"Cows, Carbon and Conflict",Independent,2025,thorn
doc_03,"Cows, Carbon and Conflict",Independent,2025,tree
doc_03,"Cows, Carbon and Conflict",Independent,2025,branch
doc_03,"Cows, Carbon and Conflict",Independent,2025,morning
doc_03,"Cows, Carbon and Conflict",Independent,2025,grave
doc_03,"Cows, Carbon and Conflict",Independent,2025,fresh
doc_03,"Cows, Carbon and Conflict",Independent,2025,red
doc_03,"Cows, Carbon and Conflict",Independent,2025,soil
doc_03,"Cows, Carbon and Conflict",Independent,2025,heap
doc_03,"Cows, Carbon and Conflict",Independent,2025,foot
doc_03,"Cows, Carbon and Conflict",Independent,2025,inside
doc_03,"Cows, Carbon and Conflict",Independent,2025,lie
doc_03,"Cows, Carbon and Conflict",Independent,2025,thirtyyearold
doc_03,"Cows, Carbon and Conflict",Independent,2025,abdi
doc_03,"Cows, Carbon and Conflict",Independent,2025,roba
doc_03,"Cows, Carbon and Conflict",Independent,2025,lay
doc_03,"Cows, Carbon and Conflict",Independent,2025,rest
doc_03,"Cows, Carbon and Conflict",Independent,2025,day
doc_03,"Cows, Carbon and Conflict",Independent,2025,kill
doc_03,"Cows, Carbon and Conflict",Independent,2025,gunshot
doc_03,"Cows, Carbon and Conflict",Independent,2025,head
doc_03,"Cows, Carbon and Conflict",Independent,2025,ruthless
doc_03,"Cows, Carbon and Conflict",Independent,2025,isiolo
doc_03,"Cows, Carbon and Conflict",Independent,2025,county
doc_03,"Cows, Carbon and Conflict",Independent,2025,kenyas
doc_03,"Cows, Carbon and Conflict",Independent,2025,north
doc_03,"Cows, Carbon and Conflict",Independent,2025,set
doc_03,"Cows, Carbon and Conflict",Independent,2025,land
doc_03,"Cows, Carbon and Conflict",Independent,2025,recent
doc_03,"Cows, Carbon and Conflict",Independent,2025,join
doc_03,"Cows, Carbon and Conflict",Independent,2025,soilbased
doc_03,"Cows, Carbon and Conflict",Independent,2025,programme
doc_03,"Cows, Carbon and Conflict",Independent,2025,dub
doc_03,"Cows, Carbon and Conflict",Independent,2025,implement
doc_03,"Cows, Carbon and Conflict",Independent,2025,ngo
doc_03,"Cows, Carbon and Conflict",Independent,2025,focus
doc_03,"Cows, Carbon and Conflict",Independent,2025,develop
doc_03,"Cows, Carbon and Conflict",Independent,2025,sustainable
doc_03,"Cows, Carbon and Conflict",Independent,2025,accuse
doc_03,"Cows, Carbon and Conflict",Independent,2025,spearhead
doc_03,"Cows, Carbon and Conflict",Independent,2025,establishment
doc_03,"Cows, Carbon and Conflict",Independent,2025,due
doc_03,"Cows, Carbon and Conflict",Independent,2025,process
doc_03,"Cows, Carbon and Conflict",Independent,2025,public
doc_03,"Cows, Carbon and Conflict",Independent,2025,participation
doc_03,"Cows, Carbon and Conflict",Independent,2025,involve
doc_03,"Cows, Carbon and Conflict",Independent,2025,merti
doc_03,"Cows, Carbon and Conflict",Independent,2025,blame
doc_03,"Cows, Carbon and Conflict",Independent,2025,deadly
doc_03,"Cows, Carbon and Conflict",Independent,2025,cattle
doc_03,"Cows, Carbon and Conflict",Independent,2025,rustle
doc_03,"Cows, Carbon and Conflict",Independent,2025,activity
doc_03,"Cows, Carbon and Conflict",Independent,2025,enable
doc_03,"Cows, Carbon and Conflict",Independent,2025,arm
doc_03,"Cows, Carbon and Conflict",Independent,2025,warden
doc_03,"Cows, Carbon and Conflict",Independent,2025,establish
doc_03,"Cows, Carbon and Conflict",Independent,2025,lead
doc_03,"Cows, Carbon and Conflict",Independent,2025,death
doc_03,"Cows, Carbon and Conflict",Independent,2025,loss
doc_03,"Cows, Carbon and Conflict",Independent,2025,livestock
doc_03,"Cows, Carbon and Conflict",Independent,2025,merti
doc_03,"Cows, Carbon and Conflict",Independent,2025,town
doc_03,"Cows, Carbon and Conflict",Independent,2025,dozen
doc_03,"Cows, Carbon and Conflict",Independent,2025,shop
doc_03,"Cows, Carbon and Conflict",Independent,2025,predominantly
doc_03,"Cows, Carbon and Conflict",Independent,2025,inhabit
doc_03,"Cows, Carbon and Conflict",Independent,2025,borana
doc_03,"Cows, Carbon and Conflict",Independent,2025,sit
doc_03,"Cows, Carbon and Conflict",Independent,2025,hill
doc_03,"Cows, Carbon and Conflict",Independent,2025,overlook
doc_03,"Cows, Carbon and Conflict",Independent,2025,barely
doc_03,"Cows, Carbon and Conflict",Independent,2025,catholic
doc_03,"Cows, Carbon and Conflict",Independent,2025,church
doc_03,"Cows, Carbon and Conflict",Independent,2025,town
doc_03,"Cows, Carbon and Conflict",Independent,2025,choke
doc_03,"Cows, Carbon and Conflict",Independent,2025,mathenge
doc_03,"Cows, Carbon and Conflict",Independent,2025,invasive
doc_03,"Cows, Carbon and Conflict",Independent,2025,thorny
doc_03,"Cows, Carbon and Conflict",Independent,2025,tree
doc_03,"Cows, Carbon and Conflict",Independent,2025,town
doc_03,"Cows, Carbon and Conflict",Independent,2025,lush
doc_03,"Cows, Carbon and Conflict",Independent,2025,green
doc_03,"Cows, Carbon and Conflict",Independent,2025,afarlivestock
doc_03,"Cows, Carbon and Conflict",Independent,2025,wildlife
doc_03,"Cows, Carbon and Conflict",Independent,2025,roam
doc_03,"Cows, Carbon and Conflict",Independent,2025,plain
doc_03,"Cows, Carbon and Conflict",Independent,2025,outskirts
doc_03,"Cows, Carbon and Conflict",Independent,2025,town
doc_03,"Cows, Carbon and Conflict",Independent,2025,abandon
doc_03,"Cows, Carbon and Conflict",Independent,2025,wild
doc_03,"Cows, Carbon and Conflict",Independent,2025,merti
doc_03,"Cows, Carbon and Conflict",Independent,2025,attract
doc_03,"Cows, Carbon and Conflict",Independent,2025,establish
doc_03,"Cows, Carbon and Conflict",Independent,2025,january
doc_03,"Cows, Carbon and Conflict",Independent,2025,merticherab
doc_03,"Cows, Carbon and Conflict",Independent,2025,biliqobulesaunder
doc_03,"Cows, Carbon and Conflict",Independent,2025,fold
doc_03,"Cows, Carbon and Conflict",Independent,2025,multiple
doc_03,"Cows, Carbon and Conflict",Independent,2025,country
doc_03,"Cows, Carbon and Conflict",Independent,2025,isiolo
doc_03,"Cows, Carbon and Conflict",Independent,2025,county
doc_03,"Cows, Carbon and Conflict",Independent,2025,kenyas
doc_03,"Cows, Carbon and Conflict",Independent,2025,north
doc_03,"Cows, Carbon and Conflict",Independent,2025,marsabit
doc_03,"Cows, Carbon and Conflict",Independent,2025,turkana
doc_03,"Cows, Carbon and Conflict",Independent,2025,samburu
doc_03,"Cows, Carbon and Conflict",Independent,2025,land
doc_03,"Cows, Carbon and Conflict",Independent,2025,hold
doc_03,"Cows, Carbon and Conflict",Independent,2025,communally
doc_03,"Cows, Carbon and Conflict",Independent,2025,nrts
doc_03,"Cows, Carbon and Conflict",Independent,2025,proposal
doc_03,"Cows, Carbon and Conflict",Independent,2025,set
doc_03,"Cows, Carbon and Conflict",Independent,2025,land
doc_03,"Cows, Carbon and Conflict",Independent,2025,establish
doc_03,"Cows, Carbon and Conflict",Independent,2025,earn
doc_03,"Cows, Carbon and Conflict",Independent,2025,income
doc_03,"Cows, Carbon and Conflict",Independent,2025,tourism
doc_03,"Cows, Carbon and Conflict",Independent,2025,activity
doc_03,"Cows, Carbon and Conflict",Independent,2025,additionally
doc_03,"Cows, Carbon and Conflict",Independent,2025,utilize
doc_03,"Cows, Carbon and Conflict",Independent,2025,earn
doc_03,"Cows, Carbon and Conflict",Independent,2025,accord
doc_03,"Cows, Carbon and Conflict",Independent,2025,process
doc_03,"Cows, Carbon and Conflict",Independent,2025,transparent
doc_03,"Cows, Carbon and Conflict",Independent,2025,communityledthe
doc_03,"Cows, Carbon and Conflict",Independent,2025,organize
doc_03,"Cows, Carbon and Conflict",Independent,2025,communitybased
doc_03,"Cows, Carbon and Conflict",Independent,2025,organization
doc_03,"Cows, Carbon and Conflict",Independent,2025,set
doc_03,"Cows, Carbon and Conflict",Independent,2025,netflix
doc_03,"Cows, Carbon and Conflict",Independent,2025,meta
doc_03,"Cows, Carbon and Conflict",Independent,2025,organization
doc_03,"Cows, Carbon and Conflict",Independent,2025,reportedly
doc_03,"Cows, Carbon and Conflict",Independent,2025,purchase
doc_03,"Cows, Carbon and Conflict",Independent,2025,merti
doc_03,"Cows, Carbon and Conflict",Independent,2025,establishment
doc_03,"Cows, Carbon and Conflict",Independent,2025,cherab
doc_03,"Cows, Carbon and Conflict",Independent,2025,biliqobulesa
doc_03,"Cows, Carbon and Conflict",Independent,2025,vehemently
doc_03,"Cows, Carbon and Conflict",Independent,2025,oppose
doc_03,"Cows, Carbon and Conflict",Independent,2025,chaos
doc_03,"Cows, Carbon and Conflict",Independent,2025,erupt
doc_03,"Cows, Carbon and Conflict",Independent,2025,lead
doc_03,"Cows, Carbon and Conflict",Independent,2025,burn
doc_03,"Cows, Carbon and Conflict",Independent,2025,office
doc_03,"Cows, Carbon and Conflict",Independent,2025,set
doc_03,"Cows, Carbon and Conflict",Independent,2025,person
doc_03,"Cows, Carbon and Conflict",Independent,2025,injure
doc_03,"Cows, Carbon and Conflict",Independent,2025,melee
doc_03,"Cows, Carbon and Conflict",Independent,2025,ten
doc_03,"Cows, Carbon and Conflict",Independent,2025,people
doc_03,"Cows, Carbon and Conflict",Independent,2025,committee
doc_03,"Cows, Carbon and Conflict",Independent,2025,entire
doc_03,"Cows, Carbon and Conflict",Independent,2025,merti
doc_03,"Cows, Carbon and Conflict",Independent,2025,subcounty
doc_03,"Cows, Carbon and Conflict",Independent,2025,hold
doc_03,"Cows, Carbon and Conflict",Independent,2025,meeting
doc_03,"Cows, Carbon and Conflict",Independent,2025,people
doc_03,"Cows, Carbon and Conflict",Independent,2025,house
doc_03,"Cows, Carbon and Conflict",Independent,2025,select
doc_03,"Cows, Carbon and Conflict",Independent,2025,chairman
doc_03,"Cows, Carbon and Conflict",Independent,2025,official
doc_03,"Cows, Carbon and Conflict",Independent,2025,reject
doc_03,"Cows, Carbon and Conflict",Independent,2025,transparency
doc_03,"Cows, Carbon and Conflict",Independent,2025,accountability
doc_03,"Cows, Carbon and Conflict",Independent,2025,mohamed
doc_03,"Cows, Carbon and Conflict",Independent,2025,boru
doc_03,"Cows, Carbon and Conflict",Independent,2025,retire
doc_03,"Cows, Carbon and Conflict",Independent,2025,chiefwhat
doc_03,"Cows, Carbon and Conflict",Independent,2025,follow
doc_03,"Cows, Carbon and Conflict",Independent,2025,court
doc_03,"Cows, Carbon and Conflict",Independent,2025,bring
doc_03,"Cows, Carbon and Conflict",Independent,2025,abdirahman
doc_03,"Cows, Carbon and Conflict",Independent,2025,osman
doc_03,"Cows, Carbon and Conflict",Independent,2025,establishment
doc_03,"Cows, Carbon and Conflict",Independent,2025,wouldnt
doc_03,"Cows, Carbon and Conflict",Independent,2025,procedurally
doc_03,"Cows, Carbon and Conflict",Independent,2025,conservation
doc_03,"Cows, Carbon and Conflict",Independent,2025,process
doc_03,"Cows, Carbon and Conflict",Independent,2025,completely
doc_03,"Cows, Carbon and Conflict",Independent,2025,fraudulent
doc_03,"Cows, Carbon and Conflict",Independent,2025,abdirahman
doc_03,"Cows, Carbon and Conflict",Independent,2025,osman
doc_03,"Cows, Carbon and Conflict",Independent,2025,leader
doc_03,"Cows, Carbon and Conflict",Independent,2025,waso
doc_03,"Cows, Carbon and Conflict",Independent,2025,paralegal
doc_03,"Cows, Carbon and Conflict",Independent,2025,network
doc_03,"Cows, Carbon and Conflict",Independent,2025,advocacy
doc_03,"Cows, Carbon and Conflict",Independent,2025,grouptwo
doc_03,"Cows, Carbon and Conflict",Independent,2025,petition
doc_03,"Cows, Carbon and Conflict",Independent,2025,file
doc_03,"Cows, Carbon and Conflict",Independent,2025,isiolo
doc_03,"Cows, Carbon and Conflict",Independent,2025,environment
doc_03,"Cows, Carbon and Conflict",Independent,2025,land
doc_03,"Cows, Carbon and Conflict",Independent,2025,court
doc_03,"Cows, Carbon and Conflict",Independent,2025,rule
doc_03,"Cows, Carbon and Conflict",Independent,2025,favor
doc_03,"Cows, Carbon and Conflict",Independent,2025,establishment
doc_03,"Cows, Carbon and Conflict",Independent,2025,cherab
doc_03,"Cows, Carbon and Conflict",Independent,2025,chari
doc_03,"Cows, Carbon and Conflict",Independent,2025,ward
doc_03,"Cows, Carbon and Conflict",Independent,2025,deem
doc_03,"Cows, Carbon and Conflict",Independent,2025,illegal
doc_03,"Cows, Carbon and Conflict",Independent,2025,didnt
doc_03,"Cows, Carbon and Conflict",Independent,2025,involve
doc_03,"Cows, Carbon and Conflict",Independent,2025,establishment
doc_03,"Cows, Carbon and Conflict",Independent,2025,land
doc_03,"Cows, Carbon and Conflict",Independent,2025,duly
doc_03,"Cows, Carbon and Conflict",Independent,2025,registeredthe
doc_03,"Cows, Carbon and Conflict",Independent,2025,victory
doc_03,"Cows, Carbon and Conflict",Independent,2025,court
doc_03,"Cows, Carbon and Conflict",Independent,2025,sweet
doc_03,"Cows, Carbon and Conflict",Independent,2025,majority
doc_03,"Cows, Carbon and Conflict",Independent,2025,resident
doc_03,"Cows, Carbon and Conflict",Independent,2025,merti
doc_03,"Cows, Carbon and Conflict",Independent,2025,rule
doc_03,"Cows, Carbon and Conflict",Independent,2025,enable
doc_03,"Cows, Carbon and Conflict",Independent,2025,freely
doc_03,"Cows, Carbon and Conflict",Independent,2025,graze
doc_03,"Cows, Carbon and Conflict",Independent,2025,livestock
doc_03,"Cows, Carbon and Conflict",Independent,2025,wildlife
doc_03,"Cows, Carbon and Conflict",Independent,2025,establishment
doc_03,"Cows, Carbon and Conflict",Independent,2025,uphold
doc_03,"Cows, Carbon and Conflict",Independent,2025,halkano
doc_03,"Cows, Carbon and Conflict",Independent,2025,galgalo
doc_03,"Cows, Carbon and Conflict",Independent,2025,resident
doc_03,"Cows, Carbon and Conflict",Independent,2025,merti
doc_03,"Cows, Carbon and Conflict",Independent,2025,wouldnt
doc_03,"Cows, Carbon and Conflict",Independent,2025,pasture
doc_03,"Cows, Carbon and Conflict",Independent,2025,livestock
doc_03,"Cows, Carbon and Conflict",Independent,2025,establish
doc_03,"Cows, Carbon and Conflict",Independent,2025,merti
doc_03,"Cows, Carbon and Conflict",Independent,2025,resident
doc_03,"Cows, Carbon and Conflict",Independent,2025,arm
doc_03,"Cows, Carbon and Conflict",Independent,2025,guard
doc_03,"Cows, Carbon and Conflict",Independent,2025,patrol
doc_03,"Cows, Carbon and Conflict",Independent,2025,nrtbranded
doc_03,"Cows, Carbon and Conflict",Independent,2025,vehicle
doc_03,"Cows, Carbon and Conflict",Independent,2025,deny
doc_03,"Cows, Carbon and Conflict",Independent,2025,herder
doc_03,"Cows, Carbon and Conflict",Independent,2025,entry
doc_03,"Cows, Carbon and Conflict",Independent,2025,graze
doc_03,"Cows, Carbon and Conflict",Independent,2025,livestock
doc_03,"Cows, Carbon and Conflict",Independent,2025,generation
doc_03,"Cows, Carbon and Conflict",Independent,2025,galgalo
doc_03,"Cows, Carbon and Conflict",Independent,2025,accord
doc_03,"Cows, Carbon and Conflict",Independent,2025,map
doc_03,"Cows, Carbon and Conflict",Independent,2025,propose
doc_03,"Cows, Carbon and Conflict",Independent,2025,merti
doc_03,"Cows, Carbon and Conflict",Independent,2025,land
doc_03,"Cows, Carbon and Conflict",Independent,2025,leave
doc_03,"Cows, Carbon and Conflict",Independent,2025,graze
doc_03,"Cows, Carbon and Conflict",Independent,2025,depend
doc_03,"Cows, Carbon and Conflict",Independent,2025,livestock
doc_03,"Cows, Carbon and Conflict",Independent,2025,land
doc_03,"Cows, Carbon and Conflict",Independent,2025,livestock
doc_03,"Cows, Carbon and Conflict",Independent,2025,graze
doc_03,"Cows, Carbon and Conflict",Independent,2025,pose
doc_03,"Cows, Carbon and Conflict",Independent,2025,graze
doc_03,"Cows, Carbon and Conflict",Independent,2025,culturally
doc_03,"Cows, Carbon and Conflict",Independent,2025,significant
doc_03,"Cows, Carbon and Conflict",Independent,2025,deny
doc_03,"Cows, Carbon and Conflict",Independent,2025,access
doc_03,"Cows, Carbon and Conflict",Independent,2025,due
doc_03,"Cows, Carbon and Conflict",Independent,2025,burial
doc_03,"Cows, Carbon and Conflict",Independent,2025,site
doc_03,"Cows, Carbon and Conflict",Independent,2025,buleresture
doc_03,"Cows, Carbon and Conflict",Independent,2025,kira
doc_03,"Cows, Carbon and Conflict",Independent,2025,robsentu
doc_03,"Cows, Carbon and Conflict",Independent,2025,chari
doc_03,"Cows, Carbon and Conflict",Independent,2025,cherab
doc_03,"Cows, Carbon and Conflict",Independent,2025,osman
doc_03,"Cows, Carbon and Conflict",Independent,2025,add
doc_03,"Cows, Carbon and Conflict",Independent,2025,activity
doc_03,"Cows, Carbon and Conflict",Independent,2025,stop
doc_03,"Cows, Carbon and Conflict",Independent,2025,court
doc_03,"Cows, Carbon and Conflict",Independent,2025,arm
doc_03,"Cows, Carbon and Conflict",Independent,2025,people
doc_03,"Cows, Carbon and Conflict",Independent,2025,continue
doc_03,"Cows, Carbon and Conflict",Independent,2025,occupy
doc_03,"Cows, Carbon and Conflict",Independent,2025,difficult
doc_03,"Cows, Carbon and Conflict",Independent,2025,access
doc_03,"Cows, Carbon and Conflict",Independent,2025,burial
doc_03,"Cows, Carbon and Conflict",Independent,2025,site
doc_03,"Cows, Carbon and Conflict",Independent,2025,osman
doc_03,"Cows, Carbon and Conflict",Independent,2025,refer
doc_03,"Cows, Carbon and Conflict",Independent,2025,militia
doc_03,"Cows, Carbon and Conflict",Independent,2025,instruction
doc_03,"Cows, Carbon and Conflict",Independent,2025,occupy
doc_03,"Cows, Carbon and Conflict",Independent,2025,land
doc_03,"Cows, Carbon and Conflict",Independent,2025,merti
doc_03,"Cows, Carbon and Conflict",Independent,2025,protect
doc_03,"Cows, Carbon and Conflict",Independent,2025,wildlife
doc_03,"Cows, Carbon and Conflict",Independent,2025,intention
doc_03,"Cows, Carbon and Conflict",Independent,2025,scare
doc_03,"Cows, Carbon and Conflict",Independent,2025,boranas
doc_03,"Cows, Carbon and Conflict",Independent,2025,grab
doc_03,"Cows, Carbon and Conflict",Independent,2025,land
doc_03,"Cows, Carbon and Conflict",Independent,2025,galgalo
doc_03,"Cows, Carbon and Conflict",Independent,2025,convince
doc_03,"Cows, Carbon and Conflict",Independent,2025,attacker
doc_03,"Cows, Carbon and Conflict",Independent,2025,kill
doc_03,"Cows, Carbon and Conflict",Independent,2025,rob
doc_03,"Cows, Carbon and Conflict",Independent,2025,livestock
doc_03,"Cows, Carbon and Conflict",Independent,2025,gun
doc_03,"Cows, Carbon and Conflict",Independent,2025,provide
doc_03,"Cows, Carbon and Conflict",Independent,2025,protection
doc_03,"Cows, Carbon and Conflict",Independent,2025,wildlife
doc_03,"Cows, Carbon and Conflict",Independent,2025,establish
doc_03,"Cows, Carbon and Conflict",Independent,2025,gun
doc_03,"Cows, Carbon and Conflict",Independent,2025,rob
doc_03,"Cows, Carbon and Conflict",Independent,2025,livestock
doc_03,"Cows, Carbon and Conflict",Independent,2025,gun
doc_03,"Cows, Carbon and Conflict",Independent,2025,saidsome
doc_03,"Cows, Carbon and Conflict",Independent,2025,villager
doc_03,"Cows, Carbon and Conflict",Independent,2025,lokale
doc_03,"Cows, Carbon and Conflict",Independent,2025,leave
doc_03,"Cows, Carbon and Conflict",Independent,2025,plan
doc_03,"Cows, Carbon and Conflict",Independent,2025,leaveosman
doc_03,"Cows, Carbon and Conflict",Independent,2025,koricha
doc_03,"Cows, Carbon and Conflict",Independent,2025,live
doc_03,"Cows, Carbon and Conflict",Independent,2025,village
doc_03,"Cows, Carbon and Conflict",Independent,2025,twenty
doc_03,"Cows, Carbon and Conflict",Independent,2025,day
doc_03,"Cows, Carbon and Conflict",Independent,2025,bad
doc_03,"Cows, Carbon and Conflict",Independent,2025,express
doc_03,"Cows, Carbon and Conflict",Independent,2025,frustration
doc_03,"Cows, Carbon and Conflict",Independent,2025,administration
doc_03,"Cows, Carbon and Conflict",Independent,2025,reach
doc_03,"Cows, Carbon and Conflict",Independent,2025,subcounty
doc_03,"Cows, Carbon and Conflict",Independent,2025,commissioner
doc_03,"Cows, Carbon and Conflict",Independent,2025,merti
doc_03,"Cows, Carbon and Conflict",Independent,2025,protection
doc_03,"Cows, Carbon and Conflict",Independent,2025,success
doc_03,"Cows, Carbon and Conflict",Independent,2025,care
doc_03,"Cows, Carbon and Conflict",Independent,2025,saidfatuma
doc_03,"Cows, Carbon and Conflict",Independent,2025,rokicha
doc_03,"Cows, Carbon and Conflict",Independent,2025,plan
doc_03,"Cows, Carbon and Conflict",Independent,2025,relative
doc_03,"Cows, Carbon and Conflict",Independent,2025,care
doc_03,"Cows, Carbon and Conflict",Independent,2025,livestock
doc_03,"Cows, Carbon and Conflict",Independent,2025,flee
doc_03,"Cows, Carbon and Conflict",Independent,2025,onbato
doc_03,"Cows, Carbon and Conflict",Independent,2025,child
doc_03,"Cows, Carbon and Conflict",Independent,2025,flee
doc_03,"Cows, Carbon and Conflict",Independent,2025,previously
doc_03,"Cows, Carbon and Conflict",Independent,2025,similar
doc_03,"Cows, Carbon and Conflict",Independent,2025,attack
doc_03,"Cows, Carbon and Conflict",Independent,2025,stay
doc_03,"Cows, Carbon and Conflict",Independent,2025,calm
doc_03,"Cows, Carbon and Conflict",Independent,2025,lakole
doc_03,"Cows, Carbon and Conflict",Independent,2025,mohamed
doc_03,"Cows, Carbon and Conflict",Independent,2025,shibia
doc_03,"Cows, Carbon and Conflict",Independent,2025,director
doc_03,"Cows, Carbon and Conflict",Independent,2025,deny
doc_03,"Cows, Carbon and Conflict",Independent,2025,issuance
doc_03,"Cows, Carbon and Conflict",Independent,2025,gun
doc_03,"Cows, Carbon and Conflict",Independent,2025,warden
doc_03,"Cows, Carbon and Conflict",Independent,2025,gun
doc_03,"Cows, Carbon and Conflict",Independent,2025,national
doc_03,"Cows, Carbon and Conflict",Independent,2025,police
doc_03,"Cows, Carbon and Conflict",Independent,2025,system
doc_03,"Cows, Carbon and Conflict",Independent,2025,fall
doc_03,"Cows, Carbon and Conflict",Independent,2025,police
doc_03,"Cows, Carbon and Conflict",Independent,2025,act
doc_03,"Cows, Carbon and Conflict",Independent,2025,implement
doc_03,"Cows, Carbon and Conflict",Independent,2025,partner
doc_03,"Cows, Carbon and Conflict",Independent,2025,nprs
doc_03,"Cows, Carbon and Conflict",Independent,2025,national
doc_03,"Cows, Carbon and Conflict",Independent,2025,police
doc_03,"Cows, Carbon and Conflict",Independent,2025,reservist
doc_03,"Cows, Carbon and Conflict",Independent,2025,base
doc_03,"Cows, Carbon and Conflict",Independent,2025,oversight
doc_03,"Cows, Carbon and Conflict",Independent,2025,train
doc_03,"Cows, Carbon and Conflict",Independent,2025,deployment
doc_03,"Cows, Carbon and Conflict",Independent,2025,responsibility
doc_03,"Cows, Carbon and Conflict",Independent,2025,police
doc_03,"Cows, Carbon and Conflict",Independent,2025,service
doc_03,"Cows, Carbon and Conflict",Independent,2025,geoffrey
doc_03,"Cows, Carbon and Conflict",Independent,2025,omoding
doc_03,"Cows, Carbon and Conflict",Independent,2025,county
doc_03,"Cows, Carbon and Conflict",Independent,2025,commissioner
doc_03,"Cows, Carbon and Conflict",Independent,2025,share
doc_03,"Cows, Carbon and Conflict",Independent,2025,shibias
doc_03,"Cows, Carbon and Conflict",Independent,2025,sentiment
doc_03,"Cows, Carbon and Conflict",Independent,2025,deny
doc_03,"Cows, Carbon and Conflict",Independent,2025,knowledge
doc_03,"Cows, Carbon and Conflict",Independent,2025,nrtissued
doc_03,"Cows, Carbon and Conflict",Independent,2025,gun
doc_03,"Cows, Carbon and Conflict",Independent,2025,protect
doc_03,"Cows, Carbon and Conflict",Independent,2025,government
doc_03,"Cows, Carbon and Conflict",Independent,2025,issue
doc_03,"Cows, Carbon and Conflict",Independent,2025,gun
doc_03,"Cows, Carbon and Conflict",Independent,2025,national
doc_03,"Cows, Carbon and Conflict",Independent,2025,police
doc_03,"Cows, Carbon and Conflict",Independent,2025,reservist
doc_03,"Cows, Carbon and Conflict",Independent,2025,beef
doc_03,"Cows, Carbon and Conflict",Independent,2025,security
doc_03,"Cows, Carbon and Conflict",Independent,2025,farflung
doc_03,"Cows, Carbon and Conflict",Independent,2025,north
doc_03,"Cows, Carbon and Conflict",Independent,2025,normal
doc_03,"Cows, Carbon and Conflict",Independent,2025,raid
doc_03,"Cows, Carbon and Conflict",Independent,2025,cattle
doc_03,"Cows, Carbon and Conflict",Independent,2025,rustle
doc_03,"Cows, Carbon and Conflict",Independent,2025,criminal
doc_03,"Cows, Carbon and Conflict",Independent,2025,network
doc_03,"Cows, Carbon and Conflict",Independent,2025,laisamis
doc_03,"Cows, Carbon and Conflict",Independent,2025,samburu
doc_03,"Cows, Carbon and Conflict",Independent,2025,east
doc_03,"Cows, Carbon and Conflict",Independent,2025,laikipia
doc_03,"Cows, Carbon and Conflict",Independent,2025,donyiro
doc_03,"Cows, Carbon and Conflict",Independent,2025,criminal
doc_03,"Cows, Carbon and Conflict",Independent,2025,livestock
doc_03,"Cows, Carbon and Conflict",Independent,2025,deal
doc_03,"Cows, Carbon and Conflict",Independent,2025,saidosman
doc_03,"Cows, Carbon and Conflict",Independent,2025,galgalo
doc_03,"Cows, Carbon and Conflict",Independent,2025,boru
doc_03,"Cows, Carbon and Conflict",Independent,2025,resident
doc_03,"Cows, Carbon and Conflict",Independent,2025,merti
doc_03,"Cows, Carbon and Conflict",Independent,2025,warden
doc_03,"Cows, Carbon and Conflict",Independent,2025,protect
doc_03,"Cows, Carbon and Conflict",Independent,2025,chari
doc_03,"Cows, Carbon and Conflict",Independent,2025,cherab
doc_03,"Cows, Carbon and Conflict",Independent,2025,ward
doc_03,"Cows, Carbon and Conflict",Independent,2025,addition
doc_03,"Cows, Carbon and Conflict",Independent,2025,protect
doc_03,"Cows, Carbon and Conflict",Independent,2025,biliqobulesa
doc_03,"Cows, Carbon and Conflict",Independent,2025,private
doc_03,"Cows, Carbon and Conflict",Independent,2025,warden
doc_03,"Cows, Carbon and Conflict",Independent,2025,payroll
doc_03,"Cows, Carbon and Conflict",Independent,2025,nrtprovided
doc_03,"Cows, Carbon and Conflict",Independent,2025,vehiclesthe
doc_03,"Cows, Carbon and Conflict",Independent,2025,suspend
doc_03,"Cows, Carbon and Conflict",Independent,2025,time
doc_03,"Cows, Carbon and Conflict",Independent,2025,follow
doc_03,"Cows, Carbon and Conflict",Independent,2025,january
doc_03,"Cows, Carbon and Conflict",Independent,2025,rule
doc_03,"Cows, Carbon and Conflict",Independent,2025,nrts
doc_03,"Cows, Carbon and Conflict",Independent,2025,mohamed
doc_03,"Cows, Carbon and Conflict",Independent,2025,shibia
doc_03,"Cows, Carbon and Conflict",Independent,2025,suspension
doc_03,"Cows, Carbon and Conflict",Independent,2025,temporary
doc_03,"Cows, Carbon and Conflict",Independent,2025,pause
doc_03,"Cows, Carbon and Conflict",Independent,2025,issuance
doc_03,"Cows, Carbon and Conflict",Independent,2025,procedural
doc_03,"Cows, Carbon and Conflict",Independent,2025,review
doc_03,"Cows, Carbon and Conflict",Independent,2025,follow
doc_03,"Cows, Carbon and Conflict",Independent,2025,rule
doc_03,"Cows, Carbon and Conflict",Independent,2025,confident
doc_03,"Cows, Carbon and Conflict",Independent,2025,suspension
doc_03,"Cows, Carbon and Conflict",Independent,2025,lift
doc_03,"Cows, Carbon and Conflict",Independent,2025,remain
doc_03,"Cows, Carbon and Conflict",Independent,2025,certify
doc_03,"Cows, Carbon and Conflict",Independent,2025,operation
doc_03,"Cows, Carbon and Conflict",Independent,2025,continue
doc_03,"Cows, Carbon and Conflict",Independent,2025,legal
doc_03,"Cows, Carbon and Conflict",Independent,2025,agreement
doc_03,"Cows, Carbon and Conflict",Independent,2025,remain
doc_03,"Cows, Carbon and Conflict",Independent,2025,force
doc_03,"Cows, Carbon and Conflict",Independent,2025,worth
doc_03,"Cows, Carbon and Conflict",Independent,2025,note
doc_03,"Cows, Carbon and Conflict",Independent,2025,similar
doc_03,"Cows, Carbon and Conflict",Independent,2025,review
doc_03,"Cows, Carbon and Conflict",Independent,2025,complete
doc_03,"Cows, Carbon and Conflict",Independent,2025,fundamental
doc_03,"Cows, Carbon and Conflict",Independent,2025,flaw
doc_03,"Cows, Carbon and Conflict",Independent,2025,foundonly
doc_03,"Cows, Carbon and Conflict",Independent,2025,procedural
doc_03,"Cows, Carbon and Conflict",Independent,2025,recommendation
doc_03,"Cows, Carbon and Conflict",Independent,2025,address
doc_03,"Cows, Carbon and Conflict",Independent,2025,expect
doc_03,"Cows, Carbon and Conflict",Independent,2025,similar
doc_03,"Cows, Carbon and Conflict",Independent,2025,outcome
doc_03,"Cows, Carbon and Conflict",Independent,2025,time
doc_03,"Cows, Carbon and Conflict",Independent,2025,comment
doc_03,"Cows, Carbon and Conflict",Independent,2025,suspension
doc_03,"Cows, Carbon and Conflict",Independent,2025,survival
doc_03,"Cows, Carbon and Conflict",Independent,2025,international
doc_03,"Cows, Carbon and Conflict",Independent,2025,caroline
doc_03,"Cows, Carbon and Conflict",Independent,2025,pearce
doc_03,"Cows, Carbon and Conflict",Independent,2025,scheme
doc_03,"Cows, Carbon and Conflict",Independent,2025,violate
doc_03,"Cows, Carbon and Conflict",Independent,2025,indigenous
doc_03,"Cows, Carbon and Conflict",Independent,2025,start
doc_03,"Cows, Carbon and Conflict",Independent,2025,complete
doc_03,"Cows, Carbon and Conflict",Independent,2025,fiasco
doc_03,"Cows, Carbon and Conflict",Independent,2025,impossible
doc_03,"Cows, Carbon and Conflict",Independent,2025,understand
doc_03,"Cows, Carbon and Conflict",Independent,2025,approve
doc_03,"Cows, Carbon and Conflict",Independent,2025,scrap
doc_03,"Cows, Carbon and Conflict",Independent,2025,allalong
doc_03,"Cows, Carbon and Conflict",Independent,2025,idea
doc_03,"Cows, Carbon and Conflict",Independent,2025,violate
doc_03,"Cows, Carbon and Conflict",Independent,2025,indigenous
doc_03,"Cows, Carbon and Conflict",Independent,2025,people
doc_03,"Cows, Carbon and Conflict",Independent,2025,generate
doc_03,"Cows, Carbon and Conflict",Independent,2025,saidwhile
doc_03,"Cows, Carbon and Conflict",Independent,2025,establish
doc_03,"Cows, Carbon and Conflict",Independent,2025,increase
doc_03,"Cows, Carbon and Conflict",Independent,2025,day
doc_03,"Cows, Carbon and Conflict",Independent,2025,recent
doc_03,"Cows, Carbon and Conflict",Independent,2025,statement
doc_03,"Cows, Carbon and Conflict",Independent,2025,president
doc_03,"Cows, Carbon and Conflict",Independent,2025,special
doc_03,"Cows, Carbon and Conflict",Independent,2025,envoy
doc_03,"Cows, Carbon and Conflict",Independent,2025,climate
doc_03,"Cows, Carbon and Conflict",Independent,2025,change
doc_03,"Cows, Carbon and Conflict",Independent,2025,amb
doc_03,"Cows, Carbon and Conflict",Independent,2025,ali
doc_03,"Cows, Carbon and Conflict",Independent,2025,mohamed
doc_03,"Cows, Carbon and Conflict",Independent,2025,free
doc_03,"Cows, Carbon and Conflict",Independent,2025,prior
doc_03,"Cows, Carbon and Conflict",Independent,2025,inform
doc_03,"Cows, Carbon and Conflict",Independent,2025,consent
doc_03,"Cows, Carbon and Conflict",Independent,2025,integral
doc_03,"Cows, Carbon and Conflict",Independent,2025,establish
doc_03,"Cows, Carbon and Conflict",Independent,2025,indigenous
doc_03,"Cows, Carbon and Conflict",Independent,2025,land
doc_03,"Cows, Carbon and Conflict",Independent,2025,study
doc_03,"Cows, Carbon and Conflict",Independent,2025,aptly
doc_03,"Cows, Carbon and Conflict",Independent,2025,direct
doc_03,"Cows, Carbon and Conflict",Independent,2025,violation
doc_03,"Cows, Carbon and Conflict",Independent,2025,indigenous
doc_03,"Cows, Carbon and Conflict",Independent,2025,people
doc_03,"Cows, Carbon and Conflict",Independent,2025,free
doc_03,"Cows, Carbon and Conflict",Independent,2025,prior
doc_03,"Cows, Carbon and Conflict",Independent,2025,inform
doc_03,"Cows, Carbon and Conflict",Independent,2025,consent
doc_03,"Cows, Carbon and Conflict",Independent,2025,carbonrelated
doc_03,"Cows, Carbon and Conflict",Independent,2025,blatant
doc_03,"Cows, Carbon and Conflict",Independent,2025,disregard
doc_03,"Cows, Carbon and Conflict",Independent,2025,valid
doc_03,"Cows, Carbon and Conflict",Independent,2025,carbonrelated
doc_03,"Cows, Carbon and Conflict",Independent,2025,agreement
doc_03,"Cows, Carbon and Conflict",Independent,2025,indigenous
doc_03,"Cows, Carbon and Conflict",Independent,2025,people
doc_03,"Cows, Carbon and Conflict",Independent,2025,increasingly
doc_03,"Cows, Carbon and Conflict",Independent,2025,documentedkenya
doc_03,"Cows, Carbon and Conflict",Independent,2025,recently
doc_03,"Cows, Carbon and Conflict",Independent,2025,enact
doc_03,"Cows, Carbon and Conflict",Independent,2025,regulation
doc_03,"Cows, Carbon and Conflict",Independent,2025,govern
doc_03,"Cows, Carbon and Conflict",Independent,2025,market
doc_03,"Cows, Carbon and Conflict",Independent,2025,envision
doc_03,"Cows, Carbon and Conflict",Independent,2025,address
doc_03,"Cows, Carbon and Conflict",Independent,2025,issue
doc_03,"Cows, Carbon and Conflict",Independent,2025,people
doc_03,"Cows, Carbon and Conflict",Independent,2025,merti
doc_03,"Cows, Carbon and Conflict",Independent,2025,affect
doc_03,"Cows, Carbon and Conflict",Independent,2025,regulation
doc_03,"Cows, Carbon and Conflict",Independent,2025,provide
doc_03,"Cows, Carbon and Conflict",Independent,2025,framework
doc_03,"Cows, Carbon and Conflict",Independent,2025,participation
doc_03,"Cows, Carbon and Conflict",Independent,2025,voluntary
doc_03,"Cows, Carbon and Conflict",Independent,2025,compliance
doc_03,"Cows, Carbon and Conflict",Independent,2025,market
doc_03,"Cows, Carbon and Conflict",Independent,2025,implement
doc_03,"Cows, Carbon and Conflict",Independent,2025,level
doc_03,"Cows, Carbon and Conflict",Independent,2025,address
doc_03,"Cows, Carbon and Conflict",Independent,2025,issue
doc_03,"Cows, Carbon and Conflict",Independent,2025,free
doc_03,"Cows, Carbon and Conflict",Independent,2025,prior
doc_03,"Cows, Carbon and Conflict",Independent,2025,inform
doc_03,"Cows, Carbon and Conflict",Independent,2025,consent
doc_03,"Cows, Carbon and Conflict",Independent,2025,merti
doc_03,"Cows, Carbon and Conflict",Independent,2025,osman
doc_03,"Cows, Carbon and Conflict",Independent,2025,government
doc_03,"Cows, Carbon and Conflict",Independent,2025,official
doc_03,"Cows, Carbon and Conflict",Independent,2025,visit
doc_03,"Cows, Carbon and Conflict",Independent,2025,investigate
doc_03,"Cows, Carbon and Conflict",Independent,2025,attempt
doc_03,"Cows, Carbon and Conflict",Independent,2025,comment
doc_03,"Cows, Carbon and Conflict",Independent,2025,implementation
doc_03,"Cows, Carbon and Conflict",Independent,2025,market
doc_03,"Cows, Carbon and Conflict",Independent,2025,regulation
doc_03,"Cows, Carbon and Conflict",Independent,2025,country
doc_03,"Cows, Carbon and Conflict",Independent,2025,festus
doc_03,"Cows, Carbon and Conflict",Independent,2025,ngeno
doc_03,"Cows, Carbon and Conflict",Independent,2025,principal
doc_03,"Cows, Carbon and Conflict",Independent,2025,secretary
doc_03,"Cows, Carbon and Conflict",Independent,2025,environment
doc_03,"Cows, Carbon and Conflict",Independent,2025,unsuccessful
doc_03,"Cows, Carbon and Conflict",Independent,2025,expect
doc_03,"Cows, Carbon and Conflict",Independent,2025,impact
doc_03,"Cows, Carbon and Conflict",Independent,2025,key
doc_03,"Cows, Carbon and Conflict",Independent,2025,cop
doc_03,"Cows, Carbon and Conflict",Independent,2025,brazil
doc_03,"Cows, Carbon and Conflict",Independent,2025,agendum
doc_03,"Cows, Carbon and Conflict",Independent,2025,article
doc_03,"Cows, Carbon and Conflict",Independent,2025,feature
doc_03,"Cows, Carbon and Conflict",Independent,2025,prominently
doc_03,"Cows, Carbon and Conflict",Independent,2025,recent
doc_03,"Cows, Carbon and Conflict",Independent,2025,market
doc_03,"Cows, Carbon and Conflict",Independent,2025,conference
doc_03,"Cows, Carbon and Conflict",Independent,2025,nairobi
doc_03,"Cows, Carbon and Conflict",Independent,2025,amb
doc_03,"Cows, Carbon and Conflict",Independent,2025,mohamed
doc_03,"Cows, Carbon and Conflict",Independent,2025,success
doc_03,"Cows, Carbon and Conflict",Independent,2025,market
doc_03,"Cows, Carbon and Conflict",Independent,2025,depend
doc_03,"Cows, Carbon and Conflict",Independent,2025,reflect
doc_03,"Cows, Carbon and Conflict",Independent,2025,local
doc_03,"Cows, Carbon and Conflict",Independent,2025,priority
doc_03,"Cows, Carbon and Conflict",Independent,2025,empower
doc_03,"Cows, Carbon and Conflict",Independent,2025,local
doc_03,"Cows, Carbon and Conflict",Independent,2025,actor
doc_03,"Cows, Carbon and Conflict",Independent,2025,move
doc_03,"Cows, Carbon and Conflict",Independent,2025,treat
doc_03,"Cows, Carbon and Conflict",Independent,2025,youth
doc_03,"Cows, Carbon and Conflict",Independent,2025,beneficiary
doc_03,"Cows, Carbon and Conflict",Independent,2025,engage
doc_03,"Cows, Carbon and Conflict",Independent,2025,partner
doc_03,"Cows, Carbon and Conflict",Independent,2025,coowners
doc_03,"Cows, Carbon and Conflict",Independent,2025,osman
doc_03,"Cows, Carbon and Conflict",Independent,2025,fellow
doc_03,"Cows, Carbon and Conflict",Independent,2025,anger
doc_03,"Cows, Carbon and Conflict",Independent,2025,organization
doc_03,"Cows, Carbon and Conflict",Independent,2025,allege
doc_03,"Cows, Carbon and Conflict",Independent,2025,lobby
doc_03,"Cows, Carbon and Conflict",Independent,2025,legitimization
doc_03,"Cows, Carbon and Conflict",Independent,2025,isiolo
doc_03,"Cows, Carbon and Conflict",Independent,2025,county
doc_03,"Cows, Carbon and Conflict",Independent,2025,sponsor
doc_03,"Cows, Carbon and Conflict",Independent,2025,bill
doc_03,"Cows, Carbon and Conflict",Independent,2025,county
doc_03,"Cows, Carbon and Conflict",Independent,2025,assembly
doc_03,"Cows, Carbon and Conflict",Independent,2025,bill
doc_03,"Cows, Carbon and Conflict",Independent,2025,theme
doc_03,"Cows, Carbon and Conflict",Independent,2025,bill
doc_03,"Cows, Carbon and Conflict",Independent,2025,legitimize
doc_03,"Cows, Carbon and Conflict",Independent,2025,legalize
doc_03,"Cows, Carbon and Conflict",Independent,2025,exist
doc_03,"Cows, Carbon and Conflict",Independent,2025,irrespective
doc_03,"Cows, Carbon and Conflict",Independent,2025,follow
doc_03,"Cows, Carbon and Conflict",Independent,2025,law
doc_03,"Cows, Carbon and Conflict",Independent,2025,establishment
doc_03,"Cows, Carbon and Conflict",Independent,2025,county
doc_03,"Cows, Carbon and Conflict",Independent,2025,assembly
doc_03,"Cows, Carbon and Conflict",Independent,2025,pass
doc_03,"Cows, Carbon and Conflict",Independent,2025,bill
doc_03,"Cows, Carbon and Conflict",Independent,2025,successfully
doc_03,"Cows, Carbon and Conflict",Independent,2025,claim
doc_03,"Cows, Carbon and Conflict",Independent,2025,legitimacy
doc_03,"Cows, Carbon and Conflict",Independent,2025,osmanfor
doc_03,"Cows, Carbon and Conflict",Independent,2025,await
doc_03,"Cows, Carbon and Conflict",Independent,2025,rule
doc_03,"Cows, Carbon and Conflict",Independent,2025,appeal
doc_03,"Cows, Carbon and Conflict",Independent,2025,file
doc_03,"Cows, Carbon and Conflict",Independent,2025,reinstate
doc_03,"Cows, Carbon and Conflict",Independent,2025,osman
doc_03,"Cows, Carbon and Conflict",Independent,2025,confident
doc_03,"Cows, Carbon and Conflict",Independent,2025,throw
doc_03,"Cows, Carbon and Conflict",Independent,2025,isnt
doc_03,"Cows, Carbon and Conflict",Independent,2025,oppose
doc_03,"Cows, Carbon and Conflict",Independent,2025,involve
doc_03,"Cows, Carbon and Conflict",Independent,2025,communityowned
doc_03,"Cows, Carbon and Conflict",Independent,2025,initiative
doc_03,"Cows, Carbon and Conflict",Independent,2025,dream
doc_03,"Cows, Carbon and Conflict",Independent,2025,idea
doc_03,"Cows, Carbon and Conflict",Independent,2025,sensitize
doc_03,"Cows, Carbon and Conflict",Independent,2025,organize
doc_03,"Cows, Carbon and Conflict",Independent,2025,opt
doc_03,"Cows, Carbon and Conflict",Independent,2025,understand
doc_03,"Cows, Carbon and Conflict",Independent,2025,idea
doc_04,01 January 2021 Ð 31 December 2021 Monitoring report,official,2024,net
doc_04,01 January 2021 Ð 31 December 2021 Monitoring report,official,2024,positive
doc_04,01 January 2021 Ð 31 December 2021 Monitoring report,official,2024,impact
doc_04,01 January 2021 Ð 31 December 2021 Monitoring report,official,2024,impact
doc_04,01 January 2021 Ð 31 December 2021 Monitoring report,official,2024,ccb
doc_04,01 January 2021 Ð 31 December 2021 Monitoring report,official,2024,provide
doc_04,01 January 2021 Ð 31 December 2021 Monitoring report,official,2024,substantial
doc_04,01 January 2021 Ð 31 December 2021 Monitoring report,official,2024,economic
doc_04,01 January 2021 Ð 31 December 2021 Monitoring report,official,2024,benefit
doc_04,01 January 2021 Ð 31 December 2021 Monitoring report,official,2024,household
doc_04,01 January 2021 Ð 31 December 2021 Monitoring report,official,2024,measure
doc_04,01 January 2021 Ð 31 December 2021 Monitoring report,official,2024,social
doc_04,01 January 2021 Ð 31 December 2021 Monitoring report,official,2024,comms
doc_04,01 January 2021 Ð 31 December 2021 Monitoring report,official,2024,survey
doc_04,01 January 2021 Ð 31 December 2021 Monitoring report,official,2024,household
doc_04,01 January 2021 Ð 31 December 2021 Monitoring report,official,2024,baseline
doc_04,01 January 2021 Ð 31 December 2021 Monitoring report,official,2024,survey
doc_04,01 January 2021 Ð 31 December 2021 Monitoring report,official,2024,proportion
doc_04,01 January 2021 Ð 31 December 2021 Monitoring report,official,2024,household
doc_04,01 January 2021 Ð 31 December 2021 Monitoring report,official,2024,increase
doc_04,01 January 2021 Ð 31 December 2021 Monitoring report,official,2024,income
doc_04,01 January 2021 Ð 31 December 2021 Monitoring report,official,2024,previous
doc_04,01 January 2021 Ð 31 December 2021 Monitoring report,official,2024,ownership
doc_04,01 January 2021 Ð 31 December 2021 Monitoring report,official,2024,cattle
doc_04,01 January 2021 Ð 31 December 2021 Monitoring report,official,2024,low
doc_04,01 January 2021 Ð 31 December 2021 Monitoring report,official,2024,incidence
doc_04,01 January 2021 Ð 31 December 2021 Monitoring report,official,2024,illness
doc_04,01 January 2021 Ð 31 December 2021 Monitoring report,official,2024,climate
doc_04,01 January 2021 Ð 31 December 2021 Monitoring report,official,2024,change
doc_04,01 January 2021 Ð 31 December 2021 Monitoring report,official,2024,adaptation
doc_04,01 January 2021 Ð 31 December 2021 Monitoring report,official,2024,increase
doc_04,01 January 2021 Ð 31 December 2021 Monitoring report,official,2024,proportion
doc_04,01 January 2021 Ð 31 December 2021 Monitoring report,official,2024,household
doc_04,01 January 2021 Ð 31 December 2021 Monitoring report,official,2024,access
doc_04,01 January 2021 Ð 31 December 2021 Monitoring report,official,2024,milk
doc_04,01 January 2021 Ð 31 December 2021 Monitoring report,official,2024,increase
doc_04,01 January 2021 Ð 31 December 2021 Monitoring report,official,2024,time
doc_04,01 January 2021 Ð 31 December 2021 Monitoring report,official,2024,spend
doc_04,01 January 2021 Ð 31 December 2021 Monitoring report,official,2024,gather
doc_04,01 January 2021 Ð 31 December 2021 Monitoring report,official,2024,water
doc_04,01 January 2021 Ð 31 December 2021 Monitoring report,official,2024,decline
doc_04,01 January 2021 Ð 31 December 2021 Monitoring report,official,2024,ongoing
doc_04,01 January 2021 Ð 31 December 2021 Monitoring report,official,2024,socialcomms
doc_04,01 January 2021 Ð 31 December 2021 Monitoring report,official,2024,survey
doc_04,01 January 2021 Ð 31 December 2021 Monitoring report,official,2024,provide
doc_04,01 January 2021 Ð 31 December 2021 Monitoring report,official,2024,benefit
doc_04,01 January 2021 Ð 31 December 2021 Monitoring report,official,2024,woman
doc_04,01 January 2021 Ð 31 December 2021 Monitoring report,official,2024,womenled
doc_04,01 January 2021 Ð 31 December 2021 Monitoring report,official,2024,household
doc_04,01 January 2021 Ð 31 December 2021 Monitoring report,official,2024,survey
doc_04,01 January 2021 Ð 31 December 2021 Monitoring report,official,2024,increase
doc_04,01 January 2021 Ð 31 December 2021 Monitoring report,official,2024,income
doc_04,01 January 2021 Ð 31 December 2021 Monitoring report,official,2024,ownership
doc_04,01 January 2021 Ð 31 December 2021 Monitoring report,official,2024,cattle
doc_04,01 January 2021 Ð 31 December 2021 Monitoring report,official,2024,low
doc_04,01 January 2021 Ð 31 December 2021 Monitoring report,official,2024,incidence
doc_04,01 January 2021 Ð 31 December 2021 Monitoring report,official,2024,illness
doc_04,01 January 2021 Ð 31 December 2021 Monitoring report,official,2024,net
doc_04,01 January 2021 Ð 31 December 2021 Monitoring report,official,2024,positive
doc_04,01 January 2021 Ð 31 December 2021 Monitoring report,official,2024,wellbeing
doc_04,01 January 2021 Ð 31 December 2021 Monitoring report,official,2024,ccb
doc_04,01 January 2021 Ð 31 December 2021 Monitoring report,official,2024,introduce
doc_04,01 January 2021 Ð 31 December 2021 Monitoring report,official,2024,multiple
doc_04,01 January 2021 Ð 31 December 2021 Monitoring report,official,2024,positive
doc_04,01 January 2021 Ð 31 December 2021 Monitoring report,official,2024,benefit
doc_04,01 January 2021 Ð 31 December 2021 Monitoring report,official,2024,insufficient
doc_04,01 January 2021 Ð 31 December 2021 Monitoring report,official,2024,time
doc_04,01 January 2021 Ð 31 December 2021 Monitoring report,official,2024,pass
doc_04,01 January 2021 Ð 31 December 2021 Monitoring report,official,2024,start
doc_04,01 January 2021 Ð 31 December 2021 Monitoring report,official,2024,current
doc_04,01 January 2021 Ð 31 December 2021 Monitoring report,official,2024,period
doc_04,01 January 2021 Ð 31 December 2021 Monitoring report,official,2024,benefit
doc_04,01 January 2021 Ð 31 December 2021 Monitoring report,official,2024,realize
doc_04,01 January 2021 Ð 31 December 2021 Monitoring report,official,2024,positive
doc_04,01 January 2021 Ð 31 December 2021 Monitoring report,official,2024,indicator
doc_04,01 January 2021 Ð 31 December 2021 Monitoring report,official,2024,key
doc_04,01 January 2021 Ð 31 December 2021 Monitoring report,official,2024,population
doc_04,01 January 2021 Ð 31 December 2021 Monitoring report,official,2024,segment
doc_04,01 January 2021 Ð 31 December 2021 Monitoring report,official,2024,exceptional
doc_04,01 January 2021 Ð 31 December 2021 Monitoring report,official,2024,benefit
doc_04,01 January 2021 Ð 31 December 2021 Monitoring report,official,2024,livestock
doc_04,01 January 2021 Ð 31 December 2021 Monitoring report,official,2024,ownership
doc_04,01 January 2021 Ð 31 December 2021 Monitoring report,official,2024,provide
doc_04,01 January 2021 Ð 31 December 2021 Monitoring report,official,2024,metric
doc_04,01 January 2021 Ð 31 December 2021 Monitoring report,official,2024,poor
doc_04,01 January 2021 Ð 31 December 2021 Monitoring report,official,2024,people
doc_04,01 January 2021 Ð 31 December 2021 Monitoring report,official,2024,household
doc_04,01 January 2021 Ð 31 December 2021 Monitoring report,official,2024,survey
doc_04,01 January 2021 Ð 31 December 2021 Monitoring report,official,2024,identify
doc_04,01 January 2021 Ð 31 December 2021 Monitoring report,official,2024,opinion
doc_04,01 January 2021 Ð 31 December 2021 Monitoring report,official,2024,woman
doc_04,01 January 2021 Ð 31 December 2021 Monitoring report,official,2024,include
doc_04,01 January 2021 Ð 31 December 2021 Monitoring report,official,2024,household
doc_04,01 January 2021 Ð 31 December 2021 Monitoring report,official,2024,female
doc_04,01 January 2021 Ð 31 December 2021 Monitoring report,official,2024,head
doc_04,01 January 2021 Ð 31 December 2021 Monitoring report,official,2024,benefit
doc_04,01 January 2021 Ð 31 December 2021 Monitoring report,official,2024,class
doc_04,01 January 2021 Ð 31 December 2021 Monitoring report,official,2024,affect
doc_04,01 January 2021 Ð 31 December 2021 Monitoring report,official,2024,livelihood
doc_04,01 January 2021 Ð 31 December 2021 Monitoring report,official,2024,health
doc_04,01 January 2021 Ð 31 December 2021 Monitoring report,official,2024,ability
doc_04,01 January 2021 Ð 31 December 2021 Monitoring report,official,2024,adapt
doc_04,01 January 2021 Ð 31 December 2021 Monitoring report,official,2024,climate
doc_04,01 January 2021 Ð 31 December 2021 Monitoring report,official,2024,change
doc_04,01 January 2021 Ð 31 December 2021 Monitoring report,official,2024,household
doc_04,01 January 2021 Ð 31 December 2021 Monitoring report,official,2024,survey
doc_04,01 January 2021 Ð 31 December 2021 Monitoring report,official,2024,question
doc_04,01 January 2021 Ð 31 December 2021 Monitoring report,official,2024,frame
doc_04,01 January 2021 Ð 31 December 2021 Monitoring report,official,2024,term
doc_04,01 January 2021 Ð 31 December 2021 Monitoring report,official,2024,choice
doc_04,01 January 2021 Ð 31 December 2021 Monitoring report,official,2024,alternative
doc_04,01 January 2021 Ð 31 December 2021 Monitoring report,official,2024,respondent
doc_04,01 January 2021 Ð 31 December 2021 Monitoring report,official,2024,choose
doc_04,01 January 2021 Ð 31 December 2021 Monitoring report,official,2024,datum
doc_04,01 January 2021 Ð 31 December 2021 Monitoring report,official,2024,analyze
doc_04,01 January 2021 Ð 31 December 2021 Monitoring report,official,2024,accord
doc_04,01 January 2021 Ð 31 December 2021 Monitoring report,official,2024,proportion
doc_04,01 January 2021 Ð 31 December 2021 Monitoring report,official,2024,household
doc_04,01 January 2021 Ð 31 December 2021 Monitoring report,official,2024,choose
doc_04,01 January 2021 Ð 31 December 2021 Monitoring report,official,2024,response
doc_04,01 January 2021 Ð 31 December 2021 Monitoring report,official,2024,specific
doc_04,01 January 2021 Ð 31 December 2021 Monitoring report,official,2024,question
doc_04,01 January 2021 Ð 31 December 2021 Monitoring report,official,2024,livelihood
doc_04,01 January 2021 Ð 31 December 2021 Monitoring report,official,2024,indicator
doc_04,01 January 2021 Ð 31 December 2021 Monitoring report,official,2024,proportion
doc_04,01 January 2021 Ð 31 December 2021 Monitoring report,official,2024,household
doc_04,01 January 2021 Ð 31 December 2021 Monitoring report,official,2024,increase
doc_04,01 January 2021 Ð 31 December 2021 Monitoring report,official,2024,income
doc_04,01 January 2021 Ð 31 December 2021 Monitoring report,official,2024,past
doc_04,01 January 2021 Ð 31 December 2021 Monitoring report,official,2024,cattle
doc_04,01 January 2021 Ð 31 December 2021 Monitoring report,official,2024,health
doc_04,01 January 2021 Ð 31 December 2021 Monitoring report,official,2024,indicator
doc_04,01 January 2021 Ð 31 December 2021 Monitoring report,official,2024,proportion
doc_04,01 January 2021 Ð 31 December 2021 Monitoring report,official,2024,household
doc_04,01 January 2021 Ð 31 December 2021 Monitoring report,official,2024,adult
doc_04,01 January 2021 Ð 31 December 2021 Monitoring report,official,2024,child
doc_04,01 January 2021 Ð 31 December 2021 Monitoring report,official,2024,sick
doc_04,01 January 2021 Ð 31 December 2021 Monitoring report,official,2024,past
doc_04,01 January 2021 Ð 31 December 2021 Monitoring report,official,2024,month
doc_04,01 January 2021 Ð 31 December 2021 Monitoring report,official,2024,adaptation
doc_04,01 January 2021 Ð 31 December 2021 Monitoring report,official,2024,indicator
doc_04,01 January 2021 Ð 31 December 2021 Monitoring report,official,2024,proportion
doc_04,01 January 2021 Ð 31 December 2021 Monitoring report,official,2024,household
doc_04,01 January 2021 Ð 31 December 2021 Monitoring report,official,2024,graze
doc_04,01 January 2021 Ð 31 December 2021 Monitoring report,official,2024,program
doc_04,01 January 2021 Ð 31 December 2021 Monitoring report,official,2024,helpful
doc_04,01 January 2021 Ð 31 December 2021 Monitoring report,official,2024,judge
doc_04,01 January 2021 Ð 31 December 2021 Monitoring report,official,2024,quality
doc_04,01 January 2021 Ð 31 December 2021 Monitoring report,official,2024,graze
doc_04,01 January 2021 Ð 31 December 2021 Monitoring report,official,2024,land
doc_04,01 January 2021 Ð 31 December 2021 Monitoring report,official,2024,drink
doc_04,01 January 2021 Ð 31 December 2021 Monitoring report,official,2024,milk
doc_04,01 January 2021 Ð 31 December 2021 Monitoring report,official,2024,previous
doc_04,01 January 2021 Ð 31 December 2021 Monitoring report,official,2024,day
doc_04,01 January 2021 Ð 31 December 2021 Monitoring report,official,2024,security
doc_04,01 January 2021 Ð 31 December 2021 Monitoring report,official,2024,improve
doc_04,01 January 2021 Ð 31 December 2021 Monitoring report,official,2024,versus
doc_04,01 January 2021 Ð 31 December 2021 Monitoring report,official,2024,stay
doc_04,01 January 2021 Ð 31 December 2021 Monitoring report,official,2024,worsen
doc_04,01 January 2021 Ð 31 December 2021 Monitoring report,official,2024,spend
doc_04,01 January 2021 Ð 31 December 2021 Monitoring report,official,2024,hoursday
doc_04,01 January 2021 Ð 31 December 2021 Monitoring report,official,2024,gather
doc_04,01 January 2021 Ð 31 December 2021 Monitoring report,official,2024,water
doc_04,01 January 2021 Ð 31 December 2021 Monitoring report,official,2024,assessment
doc_04,01 January 2021 Ð 31 December 2021 Monitoring report,official,2024,base
doc_04,01 January 2021 Ð 31 December 2021 Monitoring report,official,2024,household
doc_04,01 January 2021 Ð 31 December 2021 Monitoring report,official,2024,interview
doc_04,01 January 2021 Ð 31 December 2021 Monitoring report,official,2024,household
doc_04,01 January 2021 Ð 31 December 2021 Monitoring report,official,2024,baseline
doc_04,01 January 2021 Ð 31 December 2021 Monitoring report,official,2024,household
doc_04,01 January 2021 Ð 31 December 2021 Monitoring report,official,2024,result
doc_04,01 January 2021 Ð 31 December 2021 Monitoring report,official,2024,overwhelmingly
doc_04,01 January 2021 Ð 31 December 2021 Monitoring report,official,2024,household
doc_04,01 January 2021 Ð 31 December 2021 Monitoring report,official,2024,activity
doc_04,01 January 2021 Ð 31 December 2021 Monitoring report,official,2024,associate
doc_04,01 January 2021 Ð 31 December 2021 Monitoring report,official,2024,dramatic
doc_04,01 January 2021 Ð 31 December 2021 Monitoring report,official,2024,improvement
doc_04,01 January 2021 Ð 31 December 2021 Monitoring report,official,2024,class
doc_04,01 January 2021 Ð 31 December 2021 Monitoring report,official,2024,benefit
doc_04,01 January 2021 Ð 31 December 2021 Monitoring report,official,2024,benefit
doc_04,01 January 2021 Ð 31 December 2021 Monitoring report,official,2024,woman
doc_04,01 January 2021 Ð 31 December 2021 Monitoring report,official,2024,support
doc_04,01 January 2021 Ð 31 December 2021 Monitoring report,official,2024,idea
doc_04,01 January 2021 Ð 31 December 2021 Monitoring report,official,2024,woman
doc_04,01 January 2021 Ð 31 December 2021 Monitoring report,official,2024,benefit
doc_04,01 January 2021 Ð 31 December 2021 Monitoring report,official,2024,multiple
doc_04,01 January 2021 Ð 31 December 2021 Monitoring report,official,2024,activity
doc_04,01 January 2021 Ð 31 December 2021 Monitoring report,official,2024,strikingly
doc_04,01 January 2021 Ð 31 December 2021 Monitoring report,official,2024,femaleled
doc_04,01 January 2021 Ð 31 December 2021 Monitoring report,official,2024,household
doc_04,01 January 2021 Ð 31 December 2021 Monitoring report,official,2024,increase
doc_04,01 January 2021 Ð 31 December 2021 Monitoring report,official,2024,family
doc_04,01 January 2021 Ð 31 December 2021 Monitoring report,official,2024,income
doc_04,01 January 2021 Ð 31 December 2021 Monitoring report,official,2024,frequently
doc_04,01 January 2021 Ð 31 December 2021 Monitoring report,official,2024,perceive
doc_04,01 January 2021 Ð 31 December 2021 Monitoring report,official,2024,graze
doc_04,01 January 2021 Ð 31 December 2021 Monitoring report,official,2024,land
doc_04,01 January 2021 Ð 31 December 2021 Monitoring report,official,2024,perceive
doc_04,01 January 2021 Ð 31 December 2021 Monitoring report,official,2024,improve
doc_04,01 January 2021 Ð 31 December 2021 Monitoring report,official,2024,security
doc_04,01 January 2021 Ð 31 December 2021 Monitoring report,official,2024,relative
doc_04,01 January 2021 Ð 31 December 2021 Monitoring report,official,2024,household
doc_04,01 January 2021 Ð 31 December 2021 Monitoring report,official,2024,baseline
doc_04,01 January 2021 Ð 31 December 2021 Monitoring report,official,2024,condition
doc_04,01 January 2021 Ð 31 December 2021 Monitoring report,official,2024,interestingly
doc_04,01 January 2021 Ð 31 December 2021 Monitoring report,official,2024,demonstrate
doc_04,01 January 2021 Ð 31 December 2021 Monitoring report,official,2024,increase
doc_04,01 January 2021 Ð 31 December 2021 Monitoring report,official,2024,perceive
doc_04,01 January 2021 Ð 31 December 2021 Monitoring report,official,2024,security
doc_04,01 January 2021 Ð 31 December 2021 Monitoring report,official,2024,menled
doc_04,01 January 2021 Ð 31 December 2021 Monitoring report,official,2024,household
doc_04,01 January 2021 Ð 31 December 2021 Monitoring report,official,2024,experience
doc_04,01 January 2021 Ð 31 December 2021 Monitoring report,official,2024,sickness
doc_04,01 January 2021 Ð 31 December 2021 Monitoring report,official,2024,frequently
doc_04,01 January 2021 Ð 31 December 2021 Monitoring report,official,2024,increase
doc_04,01 January 2021 Ð 31 December 2021 Monitoring report,official,2024,perceive
doc_04,01 January 2021 Ð 31 December 2021 Monitoring report,official,2024,quality
doc_04,01 January 2021 Ð 31 December 2021 Monitoring report,official,2024,graze
doc_04,01 January 2021 Ð 31 December 2021 Monitoring report,official,2024,land
doc_04,01 January 2021 Ð 31 December 2021 Monitoring report,official,2024,access
doc_04,01 January 2021 Ð 31 December 2021 Monitoring report,official,2024,milk
doc_04,01 January 2021 Ð 31 December 2021 Monitoring report,official,2024,activity
doc_04,01 January 2021 Ð 31 December 2021 Monitoring report,official,2024,result
doc_04,01 January 2021 Ð 31 December 2021 Monitoring report,official,2024,highly
doc_04,01 January 2021 Ð 31 December 2021 Monitoring report,official,2024,consistent
doc_04,01 January 2021 Ð 31 December 2021 Monitoring report,official,2024,strong
doc_04,01 January 2021 Ð 31 December 2021 Monitoring report,official,2024,exceptional
doc_04,01 January 2021 Ð 31 December 2021 Monitoring report,official,2024,benefit
doc_04,01 January 2021 Ð 31 December 2021 Monitoring report,official,2024,woman
doc_04,01 January 2021 Ð 31 December 2021 Monitoring report,official,2024,scenario
doc_04,01 January 2021 Ð 31 December 2021 Monitoring report,official,2024,convey
doc_04,01 January 2021 Ð 31 December 2021 Monitoring report,official,2024,numerous
doc_04,01 January 2021 Ð 31 December 2021 Monitoring report,official,2024,financial
doc_04,01 January 2021 Ð 31 December 2021 Monitoring report,official,2024,benefit
doc_04,01 January 2021 Ð 31 December 2021 Monitoring report,official,2024,history
doc_04,01 January 2021 Ð 31 December 2021 Monitoring report,official,2024,graze
doc_04,01 January 2021 Ð 31 December 2021 Monitoring report,official,2024,plan
doc_04,01 January 2021 Ð 31 December 2021 Monitoring report,official,2024,employ
doc_04,01 January 2021 Ð 31 December 2021 Monitoring report,official,2024,people
doc_04,01 January 2021 Ð 31 December 2021 Monitoring report,official,2024,total
doc_04,01 January 2021 Ð 31 December 2021 Monitoring report,official,2024,employ
doc_04,01 January 2021 Ð 31 December 2021 Monitoring report,official,2024,employee
doc_04,01 January 2021 Ð 31 December 2021 Monitoring report,official,2024,vulnerable
doc_04,01 January 2021 Ð 31 December 2021 Monitoring report,official,2024,baseline
doc_04,01 January 2021 Ð 31 December 2021 Monitoring report,official,2024,graze
doc_04,01 January 2021 Ð 31 December 2021 Monitoring report,official,2024,plan
doc_04,01 January 2021 Ð 31 December 2021 Monitoring report,official,2024,effect
doc_04,01 January 2021 Ð 31 December 2021 Monitoring report,official,2024,essentially
doc_04,01 January 2021 Ð 31 December 2021 Monitoring report,official,2024,difference
doc_04,01 January 2021 Ð 31 December 2021 Monitoring report,official,2024,employment
doc_04,01 January 2021 Ð 31 December 2021 Monitoring report,official,2024,woman
doc_04,01 January 2021 Ð 31 December 2021 Monitoring report,official,2024,baseline
doc_04,01 January 2021 Ð 31 December 2021 Monitoring report,official,2024,people
doc_04,01 January 2021 Ð 31 December 2021 Monitoring report,official,2024,baseline
doc_04,01 January 2021 Ð 31 December 2021 Monitoring report,official,2024,experience
doc_04,01 January 2021 Ð 31 December 2021 Monitoring report,official,2024,low
doc_04,01 January 2021 Ð 31 December 2021 Monitoring report,official,2024,income
doc_04,01 January 2021 Ð 31 December 2021 Monitoring report,official,2024,previous
doc_04,01 January 2021 Ð 31 December 2021 Monitoring report,official,2024,proportion
doc_04,01 January 2021 Ð 31 December 2021 Monitoring report,official,2024,household
doc_04,01 January 2021 Ð 31 December 2021 Monitoring report,official,2024,experience
doc_04,01 January 2021 Ð 31 December 2021 Monitoring report,official,2024,increase
doc_04,01 January 2021 Ð 31 December 2021 Monitoring report,official,2024,income
doc_04,01 January 2021 Ð 31 December 2021 Monitoring report,official,2024,feature
doc_04,01 January 2021 Ð 31 December 2021 Monitoring report,official,2024,significantly
doc_04,01 January 2021 Ð 31 December 2021 Monitoring report,official,2024,low
doc_04,01 January 2021 Ð 31 December 2021 Monitoring report,official,2024,proportion
doc_04,01 January 2021 Ð 31 December 2021 Monitoring report,official,2024,household
doc_04,01 January 2021 Ð 31 December 2021 Monitoring report,official,2024,security
doc_04,01 January 2021 Ð 31 December 2021 Monitoring report,official,2024,improve
doc_04,01 January 2021 Ð 31 December 2021 Monitoring report,official,2024,stay
doc_04,01 January 2021 Ð 31 December 2021 Monitoring report,official,2024,baseline
doc_04,01 January 2021 Ð 31 December 2021 Monitoring report,official,2024,household
doc_04,01 January 2021 Ð 31 December 2021 Monitoring report,official,2024,scenario
doc_04,01 January 2021 Ð 31 December 2021 Monitoring report,official,2024,drink
doc_04,01 January 2021 Ð 31 December 2021 Monitoring report,official,2024,milk
doc_04,01 January 2021 Ð 31 December 2021 Monitoring report,official,2024,frequency
doc_04,01 January 2021 Ð 31 December 2021 Monitoring report,official,2024,baseline
doc_04,01 January 2021 Ð 31 December 2021 Monitoring report,official,2024,scenario
doc_04,01 January 2021 Ð 31 December 2021 Monitoring report,official,2024,sick
doc_04,01 January 2021 Ð 31 December 2021 Monitoring report,official,2024,finally
doc_04,01 January 2021 Ð 31 December 2021 Monitoring report,official,2024,response
doc_04,01 January 2021 Ð 31 December 2021 Monitoring report,official,2024,plan
doc_04,01 January 2021 Ð 31 December 2021 Monitoring report,official,2024,graze
doc_04,01 January 2021 Ð 31 December 2021 Monitoring report,official,2024,overwhelmingly
doc_04,01 January 2021 Ð 31 December 2021 Monitoring report,official,2024,positive
doc_04,01 January 2021 Ð 31 December 2021 Monitoring report,official,2024,vast
doc_04,01 January 2021 Ð 31 December 2021 Monitoring report,official,2024,majority
doc_04,01 January 2021 Ð 31 December 2021 Monitoring report,official,2024,household
doc_04,01 January 2021 Ð 31 December 2021 Monitoring report,official,2024,conservancys
doc_04,01 January 2021 Ð 31 December 2021 Monitoring report,official,2024,graze
doc_04,01 January 2021 Ð 31 December 2021 Monitoring report,official,2024,plan
doc_04,01 January 2021 Ð 31 December 2021 Monitoring report,official,2024,helpful
doc_04,01 January 2021 Ð 31 December 2021 Monitoring report,official,2024,compare
doc_04,01 January 2021 Ð 31 December 2021 Monitoring report,official,2024,helpful
doc_04,01 January 2021 Ð 31 December 2021 Monitoring report,official,2024,helpful
doc_04,01 January 2021 Ð 31 December 2021 Monitoring report,official,2024,positivity
doc_04,01 January 2021 Ð 31 December 2021 Monitoring report,official,2024,express
doc_04,01 January 2021 Ð 31 December 2021 Monitoring report,official,2024,household
doc_04,01 January 2021 Ð 31 December 2021 Monitoring report,official,2024,woman
doc_04,01 January 2021 Ð 31 December 2021 Monitoring report,official,2024,head
doc_04,01 January 2021 Ð 31 December 2021 Monitoring report,official,2024,poor
doc_04,01 January 2021 Ð 31 December 2021 Monitoring report,official,2024,cattle
doc_04,01 January 2021 Ð 31 December 2021 Monitoring report,official,2024,owner
doc_04,01 January 2021 Ð 31 December 2021 Monitoring report,official,2024,owner
doc_04,01 January 2021 Ð 31 December 2021 Monitoring report,official,2024,livestock
doc_04,01 January 2021 Ð 31 December 2021 Monitoring report,official,2024,people
doc_04,01 January 2021 Ð 31 December 2021 Monitoring report,official,2024,history
doc_04,01 January 2021 Ð 31 December 2021 Monitoring report,official,2024,plan
doc_04,01 January 2021 Ð 31 December 2021 Monitoring report,official,2024,graze
doc_04,01 January 2021 Ð 31 December 2021 Monitoring report,official,2024,versus
doc_04,01 January 2021 Ð 31 December 2021 Monitoring report,official,2024,datum
doc_04,01 January 2021 Ð 31 December 2021 Monitoring report,official,2024,positive
doc_04,01 January 2021 Ð 31 December 2021 Monitoring report,official,2024,trend
doc_04,01 January 2021 Ð 31 December 2021 Monitoring report,official,2024,accompany
doc_04,01 January 2021 Ð 31 December 2021 Monitoring report,official,2024,onset
doc_04,01 January 2021 Ð 31 December 2021 Monitoring report,official,2024,activity
doc_04,01 January 2021 Ð 31 December 2021 Monitoring report,official,2024,future
doc_04,01 January 2021 Ð 31 December 2021 Monitoring report,official,2024,datum
doc_04,01 January 2021 Ð 31 December 2021 Monitoring report,official,2024,collect
doc_04,01 January 2021 Ð 31 December 2021 Monitoring report,official,2024,additional
doc_04,01 January 2021 Ð 31 December 2021 Monitoring report,official,2024,assignment
doc_04,01 January 2021 Ð 31 December 2021 Monitoring report,official,2024,effect
doc_04,01 January 2021 Ð 31 December 2021 Monitoring report,official,2024,result
doc_04,01 January 2021 Ð 31 December 2021 Monitoring report,official,2024,suggest
doc_04,01 January 2021 Ð 31 December 2021 Monitoring report,official,2024,activity
doc_04,01 January 2021 Ð 31 December 2021 Monitoring report,official,2024,provide
doc_04,01 January 2021 Ð 31 December 2021 Monitoring report,official,2024,social
doc_04,01 January 2021 Ð 31 December 2021 Monitoring report,official,2024,benefit
doc_04,01 January 2021 Ð 31 December 2021 Monitoring report,official,2024,resource
doc_04,01 January 2021 Ð 31 December 2021 Monitoring report,official,2024,benefit
doc_04,01 January 2021 Ð 31 December 2021 Monitoring report,official,2024,livestock
doc_04,01 January 2021 Ð 31 December 2021 Monitoring report,official,2024,grass
doc_04,01 January 2021 Ð 31 December 2021 Monitoring report,official,2024,await
doc_04,01 January 2021 Ð 31 December 2021 Monitoring report,official,2024,weather
doc_04,01 January 2021 Ð 31 December 2021 Monitoring report,official,2024,condition
doc_04,01 January 2021 Ð 31 December 2021 Monitoring report,official,2024,rainfall
doc_04,01 January 2021 Ð 31 December 2021 Monitoring report,official,2024,anticipate
doc_04,01 January 2021 Ð 31 December 2021 Monitoring report,official,2024,climate
doc_04,01 January 2021 Ð 31 December 2021 Monitoring report,official,2024,change
doc_04,01 January 2021 Ð 31 December 2021 Monitoring report,official,2024,zone
doc_04,01 January 2021 Ð 31 December 2021 Monitoring report,official,2024,uncertain
doc_04,01 January 2021 Ð 31 December 2021 Monitoring report,official,2024,climate
doc_04,01 January 2021 Ð 31 December 2021 Monitoring report,official,2024,model
doc_04,01 January 2021 Ð 31 December 2021 Monitoring report,official,2024,prediction
doc_04,01 January 2021 Ð 31 December 2021 Monitoring report,official,2024,annual
doc_04,01 January 2021 Ð 31 December 2021 Monitoring report,official,2024,rainfall
doc_04,01 January 2021 Ð 31 December 2021 Monitoring report,official,2024,increase
doc_04,01 January 2021 Ð 31 December 2021 Monitoring report,official,2024,decrease
doc_04,01 January 2021 Ð 31 December 2021 Monitoring report,official,2024,climate
doc_04,01 January 2021 Ð 31 December 2021 Monitoring report,official,2024,variability
doc_04,01 January 2021 Ð 31 December 2021 Monitoring report,official,2024,expect
doc_04,01 January 2021 Ð 31 December 2021 Monitoring report,official,2024,increase
doc_04,01 January 2021 Ð 31 December 2021 Monitoring report,official,2024,increase
doc_04,01 January 2021 Ð 31 December 2021 Monitoring report,official,2024,variability
doc_04,01 January 2021 Ð 31 December 2021 Monitoring report,official,2024,warm
doc_04,01 January 2021 Ð 31 December 2021 Monitoring report,official,2024,condition
doc_04,01 January 2021 Ð 31 December 2021 Monitoring report,official,2024,expect
doc_04,01 January 2021 Ð 31 December 2021 Monitoring report,official,2024,increase
doc_04,01 January 2021 Ð 31 December 2021 Monitoring report,official,2024,frequency
doc_04,01 January 2021 Ð 31 December 2021 Monitoring report,official,2024,intensity
doc_04,01 January 2021 Ð 31 December 2021 Monitoring report,official,2024,drought
doc_04,01 January 2021 Ð 31 December 2021 Monitoring report,official,2024,shrink
doc_04,01 January 2021 Ð 31 December 2021 Monitoring report,official,2024,length
doc_04,01 January 2021 Ð 31 December 2021 Monitoring report,official,2024,season
doc_04,01 January 2021 Ð 31 December 2021 Monitoring report,official,2024,soil
doc_04,01 January 2021 Ð 31 December 2021 Monitoring report,official,2024,moisture
doc_04,01 January 2021 Ð 31 December 2021 Monitoring report,official,2024,reduce
doc_04,01 January 2021 Ð 31 December 2021 Monitoring report,official,2024,forage
doc_04,01 January 2021 Ð 31 December 2021 Monitoring report,official,2024,production
doc_04,01 January 2021 Ð 31 December 2021 Monitoring report,official,2024,potentially
doc_04,01 January 2021 Ð 31 December 2021 Monitoring report,official,2024,reduce
doc_04,01 January 2021 Ð 31 December 2021 Monitoring report,official,2024,livestock
doc_04,01 January 2021 Ð 31 December 2021 Monitoring report,official,2024,capacity
doc_04,01 January 2021 Ð 31 December 2021 Monitoring report,official,2024,assume
doc_04,01 January 2021 Ð 31 December 2021 Monitoring report,official,2024,temporal
doc_04,01 January 2021 Ð 31 December 2021 Monitoring report,official,2024,variability
doc_04,01 January 2021 Ð 31 December 2021 Monitoring report,official,2024,extend
doc_04,01 January 2021 Ð 31 December 2021 Monitoring report,official,2024,spatial
doc_04,01 January 2021 Ð 31 December 2021 Monitoring report,official,2024,variability
doc_04,01 January 2021 Ð 31 December 2021 Monitoring report,official,2024,climate
doc_04,01 January 2021 Ð 31 December 2021 Monitoring report,official,2024,change
doc_04,01 January 2021 Ð 31 December 2021 Monitoring report,official,2024,increase
doc_04,01 January 2021 Ð 31 December 2021 Monitoring report,official,2024,frequency
doc_04,01 January 2021 Ð 31 December 2021 Monitoring report,official,2024,period
doc_04,01 January 2021 Ð 31 December 2021 Monitoring report,official,2024,pastoralist
doc_04,01 January 2021 Ð 31 December 2021 Monitoring report,official,2024,conflict
doc_04,01 January 2021 Ð 31 December 2021 Monitoring report,official,2024,water
doc_04,01 January 2021 Ð 31 December 2021 Monitoring report,official,2024,forage
doc_04,01 January 2021 Ð 31 December 2021 Monitoring report,official,2024,rebuild
doc_04,01 January 2021 Ð 31 December 2021 Monitoring report,official,2024,soil
doc_04,01 January 2021 Ð 31 December 2021 Monitoring report,official,2024,organic
doc_04,01 January 2021 Ð 31 December 2021 Monitoring report,official,2024,activity
doc_04,01 January 2021 Ð 31 December 2021 Monitoring report,official,2024,widespread
doc_04,01 January 2021 Ð 31 December 2021 Monitoring report,official,2024,graze
doc_04,01 January 2021 Ð 31 December 2021 Monitoring report,official,2024,practice
doc_04,01 January 2021 Ð 31 December 2021 Monitoring report,official,2024,induce
doc_04,01 January 2021 Ð 31 December 2021 Monitoring report,official,2024,dramatic
doc_04,01 January 2021 Ð 31 December 2021 Monitoring report,official,2024,improvement
doc_04,01 January 2021 Ð 31 December 2021 Monitoring report,official,2024,ability
doc_04,01 January 2021 Ð 31 December 2021 Monitoring report,official,2024,people
doc_04,01 January 2021 Ð 31 December 2021 Monitoring report,official,2024,adapt
doc_04,01 January 2021 Ð 31 December 2021 Monitoring report,official,2024,climate
doc_04,01 January 2021 Ð 31 December 2021 Monitoring report,official,2024,change
doc_04,01 January 2021 Ð 31 December 2021 Monitoring report,official,2024,recent
doc_04,01 January 2021 Ð 31 December 2021 Monitoring report,official,2024,climate
doc_04,01 January 2021 Ð 31 December 2021 Monitoring report,official,2024,trend
doc_04,01 January 2021 Ð 31 December 2021 Monitoring report,official,2024,region
doc_04,01 January 2021 Ð 31 December 2021 Monitoring report,official,2024,suggest
doc_04,01 January 2021 Ð 31 December 2021 Monitoring report,official,2024,reduction
doc_04,01 January 2021 Ð 31 December 2021 Monitoring report,official,2024,precipitation
doc_04,01 January 2021 Ð 31 December 2021 Monitoring report,official,2024,period
doc_04,01 January 2021 Ð 31 December 2021 Monitoring report,official,2024,consecutive
doc_04,01 January 2021 Ð 31 December 2021 Monitoring report,official,2024,belowaverage
doc_04,01 January 2021 Ð 31 December 2021 Monitoring report,official,2024,precipitation
doc_04,01 January 2021 Ð 31 December 2021 Monitoring report,official,2024,principal
doc_04,01 January 2021 Ð 31 December 2021 Monitoring report,official,2024,defense
doc_04,01 January 2021 Ð 31 December 2021 Monitoring report,official,2024,pastoralist
doc_04,01 January 2021 Ð 31 December 2021 Monitoring report,official,2024,change
doc_04,01 January 2021 Ð 31 December 2021 Monitoring report,official,2024,build
doc_04,01 January 2021 Ð 31 December 2021 Monitoring report,official,2024,heterogeneity
doc_04,01 January 2021 Ð 31 December 2021 Monitoring report,official,2024,graze
doc_04,01 January 2021 Ð 31 December 2021 Monitoring report,official,2024,landscape
doc_04,01 January 2021 Ð 31 December 2021 Monitoring report,official,2024,create
doc_04,01 January 2021 Ð 31 December 2021 Monitoring report,official,2024,opportunity
doc_04,01 January 2021 Ð 31 December 2021 Monitoring report,official,2024,chase
doc_04,01 January 2021 Ð 31 December 2021 Monitoring report,official,2024,spatially
doc_04,01 January 2021 Ð 31 December 2021 Monitoring report,official,2024,temporally
doc_04,01 January 2021 Ð 31 December 2021 Monitoring report,official,2024,variable
doc_04,01 January 2021 Ð 31 December 2021 Monitoring report,official,2024,precipitation
doc_04,01 January 2021 Ð 31 December 2021 Monitoring report,official,2024,season
doc_04,01 January 2021 Ð 31 December 2021 Monitoring report,official,2024,establishment
doc_04,01 January 2021 Ð 31 December 2021 Monitoring report,official,2024,grass
doc_04,01 January 2021 Ð 31 December 2021 Monitoring report,official,2024,bank
doc_04,01 January 2021 Ð 31 December 2021 Monitoring report,official,2024,hedge
doc_04,01 January 2021 Ð 31 December 2021 Monitoring report,official,2024,drought
doc_04,01 January 2021 Ð 31 December 2021 Monitoring report,official,2024,graze
doc_04,01 January 2021 Ð 31 December 2021 Monitoring report,official,2024,practice
doc_04,01 January 2021 Ð 31 December 2021 Monitoring report,official,2024,expect
doc_04,01 January 2021 Ð 31 December 2021 Monitoring report,official,2024,restore
doc_04,01 January 2021 Ð 31 December 2021 Monitoring report,official,2024,perennial
doc_04,01 January 2021 Ð 31 December 2021 Monitoring report,official,2024,grass
doc_04,01 January 2021 Ð 31 December 2021 Monitoring report,official,2024,cover
doc_04,01 January 2021 Ð 31 December 2021 Monitoring report,official,2024,increase
doc_04,01 January 2021 Ð 31 December 2021 Monitoring report,official,2024,soil
doc_04,01 January 2021 Ð 31 December 2021 Monitoring report,official,2024,organic
doc_04,01 January 2021 Ð 31 December 2021 Monitoring report,official,2024,occurrence
doc_04,01 January 2021 Ð 31 December 2021 Monitoring report,official,2024,soil
doc_04,01 January 2021 Ð 31 December 2021 Monitoring report,official,2024,result
doc_04,01 January 2021 Ð 31 December 2021 Monitoring report,official,2024,follow
doc_04,01 January 2021 Ð 31 December 2021 Monitoring report,official,2024,aid
doc_04,01 January 2021 Ð 31 December 2021 Monitoring report,official,2024,climate
doc_04,01 January 2021 Ð 31 December 2021 Monitoring report,official,2024,adaptation
doc_04,01 January 2021 Ð 31 December 2021 Monitoring report,official,2024,increase
doc_04,01 January 2021 Ð 31 December 2021 Monitoring report,official,2024,infiltration
doc_04,01 January 2021 Ð 31 December 2021 Monitoring report,official,2024,retention
doc_04,01 January 2021 Ð 31 December 2021 Monitoring report,official,2024,limit
doc_04,01 January 2021 Ð 31 December 2021 Monitoring report,official,2024,precipitation
doc_04,01 January 2021 Ð 31 December 2021 Monitoring report,official,2024,shallow
doc_04,01 January 2021 Ð 31 December 2021 Monitoring report,official,2024,soil
doc_04,01 January 2021 Ð 31 December 2021 Monitoring report,official,2024,layer
doc_04,01 January 2021 Ð 31 December 2021 Monitoring report,official,2024,green
doc_04,01 January 2021 Ð 31 December 2021 Monitoring report,official,2024,quality
doc_04,01 January 2021 Ð 31 December 2021 Monitoring report,official,2024,forage
doc_04,01 January 2021 Ð 31 December 2021 Monitoring report,official,2024,month
doc_04,01 January 2021 Ð 31 December 2021 Monitoring report,official,2024,spin-dry
doc_04,01 January 2021 Ð 31 December 2021 Monitoring report,official,2024,seasonsyears
doc_04,01 January 2021 Ð 31 December 2021 Monitoring report,official,2024,reproduction
doc_04,01 January 2021 Ð 31 December 2021 Monitoring report,official,2024,livestock
doc_04,01 January 2021 Ð 31 December 2021 Monitoring report,official,2024,extend
doc_04,01 January 2021 Ð 31 December 2021 Monitoring report,official,2024,spin-dry
doc_04,01 January 2021 Ð 31 December 2021 Monitoring report,official,2024,season
doc_04,01 January 2021 Ð 31 December 2021 Monitoring report,official,2024,occur
doc_04,01 January 2021 Ð 31 December 2021 Monitoring report,official,2024,dry
doc_04,01 January 2021 Ð 31 December 2021 Monitoring report,official,2024,supply
doc_04,01 January 2021 Ð 31 December 2021 Monitoring report,official,2024,milk
doc_04,01 January 2021 Ð 31 December 2021 Monitoring report,official,2024,family
doc_04,01 January 2021 Ð 31 December 2021 Monitoring report,official,2024,yearround
doc_04,01 January 2021 Ð 31 December 2021 Monitoring report,official,2024,baseline
doc_04,01 January 2021 Ð 31 December 2021 Monitoring report,official,2024,social
doc_04,01 January 2021 Ð 31 December 2021 Monitoring report,official,2024,survey
doc_04,01 January 2021 Ð 31 December 2021 Monitoring report,official,2024,milk
doc_04,01 January 2021 Ð 31 December 2021 Monitoring report,official,2024,household
doc_04,01 January 2021 Ð 31 December 2021 Monitoring report,official,2024,sell
doc_04,01 January 2021 Ð 31 December 2021 Monitoring report,official,2024,retention
doc_04,01 January 2021 Ð 31 December 2021 Monitoring report,official,2024,water
doc_04,01 January 2021 Ð 31 December 2021 Monitoring report,official,2024,shallow
doc_04,01 January 2021 Ð 31 December 2021 Monitoring report,official,2024,layer
doc_04,01 January 2021 Ð 31 December 2021 Monitoring report,official,2024,due
doc_04,01 January 2021 Ð 31 December 2021 Monitoring report,official,2024,soil
doc_04,01 January 2021 Ð 31 December 2021 Monitoring report,official,2024,support
doc_04,01 January 2021 Ð 31 December 2021 Monitoring report,official,2024,advent
doc_04,01 January 2021 Ð 31 December 2021 Monitoring report,official,2024,stand
doc_04,01 January 2021 Ð 31 December 2021 Monitoring report,official,2024,water
doc_04,01 January 2021 Ð 31 December 2021 Monitoring report,official,2024,numb
doc_04,01 January 2021 Ð 31 December 2021 Monitoring report,official,2024,landscape
doc_04,01 January 2021 Ð 31 December 2021 Monitoring report,official,2024,support
doc_04,01 January 2021 Ð 31 December 2021 Monitoring report,official,2024,cattle
doc_04,01 January 2021 Ð 31 December 2021 Monitoring report,official,2024,dependence
doc_04,01 January 2021 Ð 31 December 2021 Monitoring report,official,2024,water
doc_04,01 January 2021 Ð 31 December 2021 Monitoring report,official,2024,livestock
doc_04,01 January 2021 Ð 31 December 2021 Monitoring report,official,2024,goat
doc_04,01 January 2021 Ð 31 December 2021 Monitoring report,official,2024,effect
doc_04,01 January 2021 Ð 31 December 2021 Monitoring report,official,2024,evident
doc_04,01 January 2021 Ð 31 December 2021 Monitoring report,official,2024,tropical
doc_04,01 January 2021 Ð 31 December 2021 Monitoring report,official,2024,savanna
doc_04,01 January 2021 Ð 31 December 2021 Monitoring report,official,2024,form
doc_04,01 January 2021 Ð 31 December 2021 Monitoring report,official,2024,hardpan
doc_04,01 January 2021 Ð 31 December 2021 Monitoring report,official,2024,surface
doc_04,01 January 2021 Ð 31 December 2021 Monitoring report,official,2024,follow
doc_04,01 January 2021 Ð 31 December 2021 Monitoring report,official,2024,degradation
doc_04,01 January 2021 Ð 31 December 2021 Monitoring report,official,2024,stand
doc_04,01 January 2021 Ð 31 December 2021 Monitoring report,official,2024,biomass
doc_04,01 January 2021 Ð 31 December 2021 Monitoring report,official,2024,water
doc_04,01 January 2021 Ð 31 December 2021 Monitoring report,official,2024,spin-dry
doc_04,01 January 2021 Ð 31 December 2021 Monitoring report,official,2024,season
doc_04,01 January 2021 Ð 31 December 2021 Monitoring report,official,2024,allocation
doc_04,01 January 2021 Ð 31 December 2021 Monitoring report,official,2024,livestock
doc_04,01 January 2021 Ð 31 December 2021 Monitoring report,official,2024,cattle
doc_04,01 January 2021 Ð 31 December 2021 Monitoring report,official,2024,sheep
doc_04,01 January 2021 Ð 31 December 2021 Monitoring report,official,2024,goat
doc_04,01 January 2021 Ð 31 December 2021 Monitoring report,official,2024,stakeholder
doc_04,01 January 2021 Ð 31 December 2021 Monitoring report,official,2024,impact
doc_04,01 January 2021 Ð 31 December 2021 Monitoring report,official,2024,mitigation
doc_04,01 January 2021 Ð 31 December 2021 Monitoring report,official,2024,negative
doc_04,01 January 2021 Ð 31 December 2021 Monitoring report,official,2024,impact
doc_04,01 January 2021 Ð 31 December 2021 Monitoring report,official,2024,stakeholder
doc_04,01 January 2021 Ð 31 December 2021 Monitoring report,official,2024,ccbcm
doc_04,01 January 2021 Ð 31 December 2021 Monitoring report,official,2024,principal
doc_04,01 January 2021 Ð 31 December 2021 Monitoring report,official,2024,offsite
doc_04,01 January 2021 Ð 31 December 2021 Monitoring report,official,2024,stakeholder
doc_04,01 January 2021 Ð 31 December 2021 Monitoring report,official,2024,herder
doc_04,01 January 2021 Ð 31 December 2021 Monitoring report,official,2024,ranch
doc_04,01 January 2021 Ð 31 December 2021 Monitoring report,official,2024,land
doc_04,01 January 2021 Ð 31 December 2021 Monitoring report,official,2024,stakeholder
doc_04,01 January 2021 Ð 31 December 2021 Monitoring report,official,2024,negative
doc_04,01 January 2021 Ð 31 December 2021 Monitoring report,official,2024,impact
doc_04,01 January 2021 Ð 31 December 2021 Monitoring report,official,2024,enforcement
doc_04,01 January 2021 Ð 31 December 2021 Monitoring report,official,2024,boundary
doc_04,01 January 2021 Ð 31 December 2021 Monitoring report,official,2024,perception
doc_04,01 January 2021 Ð 31 December 2021 Monitoring report,official,2024,traditional
doc_04,01 January 2021 Ð 31 December 2021 Monitoring report,official,2024,graze
doc_04,01 January 2021 Ð 31 December 2021 Monitoring report,official,2024,land
doc_04,01 January 2021 Ð 31 December 2021 Monitoring report,official,2024,drought
doc_04,01 January 2021 Ð 31 December 2021 Monitoring report,official,2024,spin-dry
doc_04,01 January 2021 Ð 31 December 2021 Monitoring report,official,2024,season
doc_04,01 January 2021 Ð 31 December 2021 Monitoring report,official,2024,permit
doc_04,01 January 2021 Ð 31 December 2021 Monitoring report,official,2024,key
doc_04,01 January 2021 Ð 31 December 2021 Monitoring report,official,2024,mission
doc_04,01 January 2021 Ð 31 December 2021 Monitoring report,official,2024,design
doc_04,01 January 2021 Ð 31 December 2021 Monitoring report,official,2024,plan
doc_04,01 January 2021 Ð 31 December 2021 Monitoring report,official,2024,rotational
doc_04,01 January 2021 Ð 31 December 2021 Monitoring report,official,2024,graze
doc_04,01 January 2021 Ð 31 December 2021 Monitoring report,official,2024,continue
doc_04,01 January 2021 Ð 31 December 2021 Monitoring report,official,2024,negotiate
doc_04,01 January 2021 Ð 31 December 2021 Monitoring report,official,2024,agreement
doc_04,01 January 2021 Ð 31 December 2021 Monitoring report,official,2024,graze
doc_04,01 January 2021 Ð 31 December 2021 Monitoring report,official,2024,committee
doc_04,01 January 2021 Ð 31 December 2021 Monitoring report,official,2024,agreement
doc_04,01 January 2021 Ð 31 December 2021 Monitoring report,official,2024,continuance
doc_04,01 January 2021 Ð 31 December 2021 Monitoring report,official,2024,cultural
doc_04,01 January 2021 Ð 31 December 2021 Monitoring report,official,2024,tradition
doc_04,01 January 2021 Ð 31 December 2021 Monitoring report,official,2024,maintain
doc_04,01 January 2021 Ð 31 December 2021 Monitoring report,official,2024,integrity
doc_04,01 January 2021 Ð 31 December 2021 Monitoring report,official,2024,enhance
doc_04,01 January 2021 Ð 31 December 2021 Monitoring report,official,2024,social
doc_04,01 January 2021 Ð 31 December 2021 Monitoring report,official,2024,cohesion
doc_04,01 January 2021 Ð 31 December 2021 Monitoring report,official,2024,acceptance
doc_04,01 January 2021 Ð 31 December 2021 Monitoring report,official,2024,offproject
doc_04,01 January 2021 Ð 31 December 2021 Monitoring report,official,2024,livestock
doc_04,01 January 2021 Ð 31 December 2021 Monitoring report,official,2024,easy
doc_04,01 January 2021 Ð 31 December 2021 Monitoring report,official,2024,sufficient
doc_04,01 January 2021 Ð 31 December 2021 Monitoring report,official,2024,grass
doc_04,01 January 2021 Ð 31 December 2021 Monitoring report,official,2024,bank
doc_04,01 January 2021 Ð 31 December 2021 Monitoring report,official,2024,establish
doc_04,01 January 2021 Ð 31 December 2021 Monitoring report,official,2024,establish
doc_04,01 January 2021 Ð 31 December 2021 Monitoring report,official,2024,regional
doc_04,01 January 2021 Ð 31 December 2021 Monitoring report,official,2024,graze
doc_04,01 January 2021 Ð 31 December 2021 Monitoring report,official,2024,plan
doc_04,01 January 2021 Ð 31 December 2021 Monitoring report,official,2024,manage
doc_04,01 January 2021 Ð 31 December 2021 Monitoring report,official,2024,movement
doc_04,01 January 2021 Ð 31 December 2021 Monitoring report,official,2024,livestock
doc_04,01 January 2021 Ð 31 December 2021 Monitoring report,official,2024,drought
doc_04,01 January 2021 Ð 31 December 2021 Monitoring report,official,2024,extend
doc_04,01 January 2021 Ð 31 December 2021 Monitoring report,official,2024,spin-dry
doc_04,01 January 2021 Ð 31 December 2021 Monitoring report,official,2024,season
doc_04,01 January 2021 Ð 31 December 2021 Monitoring report,official,2024,plan
doc_04,01 January 2021 Ð 31 December 2021 Monitoring report,official,2024,realtime
doc_04,01 January 2021 Ð 31 December 2021 Monitoring report,official,2024,information
doc_04,01 January 2021 Ð 31 December 2021 Monitoring report,official,2024,rainfall
doc_04,01 January 2021 Ð 31 December 2021 Monitoring report,official,2024,previous
doc_04,01 January 2021 Ð 31 December 2021 Monitoring report,official,2024,month
doc_04,01 January 2021 Ð 31 December 2021 Monitoring report,official,2024,usdausaid
doc_04,01 January 2021 Ð 31 December 2021 Monitoring report,official,2024,famine
doc_04,01 January 2021 Ð 31 December 2021 Monitoring report,official,2024,warn
doc_04,01 January 2021 Ð 31 December 2021 Monitoring report,official,2024,system
doc_04,01 January 2021 Ð 31 December 2021 Monitoring report,official,2024,fews
doc_04,01 January 2021 Ð 31 December 2021 Monitoring report,official,2024,httpearlywarningusgsgovfews
doc_04,01 January 2021 Ð 31 December 2021 Monitoring report,official,2024,university
doc_04,01 January 2021 Ð 31 December 2021 Monitoring report,official,2024,reading
doc_04,01 January 2021 Ð 31 December 2021 Monitoring report,official,2024,tropical
doc_04,01 January 2021 Ð 31 December 2021 Monitoring report,official,2024,application
doc_04,01 January 2021 Ð 31 December 2021 Monitoring report,official,2024,meteorology
doc_04,01 January 2021 Ð 31 December 2021 Monitoring report,official,2024,satellite
doc_04,01 January 2021 Ð 31 December 2021 Monitoring report,official,2024,datum
doc_04,01 January 2021 Ð 31 December 2021 Monitoring report,official,2024,tamsat
doc_04,01 January 2021 Ð 31 December 2021 Monitoring report,official,2024,httpwwwmetreadingacuk
doc_04,01 January 2021 Ð 31 December 2021 Monitoring report,official,2024,tamsatdata
doc_04,01 January 2021 Ð 31 December 2021 Monitoring report,official,2024,identify
doc_04,01 January 2021 Ð 31 December 2021 Monitoring report,official,2024,experience
doc_04,01 January 2021 Ð 31 December 2021 Monitoring report,official,2024,dry
doc_04,01 January 2021 Ð 31 December 2021 Monitoring report,official,2024,andor
doc_04,01 January 2021 Ð 31 December 2021 Monitoring report,official,2024,wet
doc_04,01 January 2021 Ð 31 December 2021 Monitoring report,official,2024,normal
doc_04,01 January 2021 Ð 31 December 2021 Monitoring report,official,2024,condition
doc_04,01 January 2021 Ð 31 December 2021 Monitoring report,official,2024,information
doc_04,01 January 2021 Ð 31 December 2021 Monitoring report,official,2024,system
doc_04,01 January 2021 Ð 31 December 2021 Monitoring report,official,2024,largescale
doc_04,01 January 2021 Ð 31 December 2021 Monitoring report,official,2024,interconservancy
doc_04,01 January 2021 Ð 31 December 2021 Monitoring report,official,2024,rotation
doc_04,01 January 2021 Ð 31 December 2021 Monitoring report,official,2024,livestock
doc_04,01 January 2021 Ð 31 December 2021 Monitoring report,official,2024,design
doc_04,01 January 2021 Ð 31 December 2021 Monitoring report,official,2024,ease
doc_04,01 January 2021 Ð 31 December 2021 Monitoring report,official,2024,graze
doc_04,01 January 2021 Ð 31 December 2021 Monitoring report,official,2024,pressure
doc_04,01 January 2021 Ð 31 December 2021 Monitoring report,official,2024,dry
doc_04,01 January 2021 Ð 31 December 2021 Monitoring report,official,2024,sustainably
doc_04,01 January 2021 Ð 31 December 2021 Monitoring report,official,2024,forage
doc_04,01 January 2021 Ð 31 December 2021 Monitoring report,official,2024,regional
doc_04,01 January 2021 Ð 31 December 2021 Monitoring report,official,2024,graze
doc_04,01 January 2021 Ð 31 December 2021 Monitoring report,official,2024,plan
doc_04,01 January 2021 Ð 31 December 2021 Monitoring report,official,2024,accommodate
doc_04,01 January 2021 Ð 31 December 2021 Monitoring report,official,2024,movement
doc_04,01 January 2021 Ð 31 December 2021 Monitoring report,official,2024,herder
doc_04,01 January 2021 Ð 31 December 2021 Monitoring report,official,2024,limit
doc_04,01 January 2021 Ð 31 December 2021 Monitoring report,official,2024,encroachment
doc_04,01 January 2021 Ð 31 December 2021 Monitoring report,official,2024,manage
doc_04,01 January 2021 Ð 31 December 2021 Monitoring report,official,2024,leakage
doc_04,01 January 2021 Ð 31 December 2021 Monitoring report,official,2024,net
doc_04,01 January 2021 Ð 31 December 2021 Monitoring report,official,2024,impact
doc_04,01 January 2021 Ð 31 December 2021 Monitoring report,official,2024,stakeholder
doc_04,01 January 2021 Ð 31 December 2021 Monitoring report,official,2024,ccb
doc_04,01 January 2021 Ð 31 December 2021 Monitoring report,official,2024,feedback
doc_04,01 January 2021 Ð 31 December 2021 Monitoring report,official,2024,benefit
doc_04,01 January 2021 Ð 31 December 2021 Monitoring report,official,2024,plan
doc_04,01 January 2021 Ð 31 December 2021 Monitoring report,official,2024,rotational
doc_04,01 January 2021 Ð 31 December 2021 Monitoring report,official,2024,graze
doc_04,01 January 2021 Ð 31 December 2021 Monitoring report,official,2024,communicate
doc_04,01 January 2021 Ð 31 December 2021 Monitoring report,official,2024,recently
doc_04,01 January 2021 Ð 31 December 2021 Monitoring report,official,2024,due
doc_04,01 January 2021 Ð 31 December 2021 Monitoring report,official,2024,uncertainty
doc_04,01 January 2021 Ð 31 December 2021 Monitoring report,official,2024,market
doc_04,01 January 2021 Ð 31 December 2021 Monitoring report,official,2024,reluctance
doc_04,01 January 2021 Ð 31 December 2021 Monitoring report,official,2024,raise
doc_04,01 January 2021 Ð 31 December 2021 Monitoring report,official,2024,hope
doc_04,01 January 2021 Ð 31 December 2021 Monitoring report,official,2024,potential
doc_04,01 January 2021 Ð 31 December 2021 Monitoring report,official,2024,revenue
doc_04,01 January 2021 Ð 31 December 2021 Monitoring report,official,2024,begin
doc_04,01 January 2021 Ð 31 December 2021 Monitoring report,official,2024,august
doc_04,01 January 2021 Ð 31 December 2021 Monitoring report,official,2024,solicitation
doc_04,01 January 2021 Ð 31 December 2021 Monitoring report,official,2024,participation
doc_04,01 January 2021 Ð 31 December 2021 Monitoring report,official,2024,public
doc_04,01 January 2021 Ð 31 December 2021 Monitoring report,official,2024,comment
doc_04,01 January 2021 Ð 31 December 2021 Monitoring report,official,2024,period
doc_04,01 January 2021 Ð 31 December 2021 Monitoring report,official,2024,announcement
doc_04,01 January 2021 Ð 31 December 2021 Monitoring report,official,2024,information
doc_04,01 January 2021 Ð 31 December 2021 Monitoring report,official,2024,distribute
doc_04,01 January 2021 Ð 31 December 2021 Monitoring report,official,2024,graze
doc_04,01 January 2021 Ð 31 December 2021 Monitoring report,official,2024,coordinator
doc_04,01 January 2021 Ð 31 December 2021 Monitoring report,official,2024,staff
doc_04,01 January 2021 Ð 31 December 2021 Monitoring report,official,2024,form
doc_04,01 January 2021 Ð 31 December 2021 Monitoring report,official,2024,pamphlet
doc_04,01 January 2021 Ð 31 December 2021 Monitoring report,official,2024,post
doc_04,01 January 2021 Ð 31 December 2021 Monitoring report,official,2024,announcement
doc_04,01 January 2021 Ð 31 December 2021 Monitoring report,official,2024,website
doc_04,01 January 2021 Ð 31 December 2021 Monitoring report,official,2024,httpnrtkenyaorg
doc_04,01 January 2021 Ð 31 December 2021 Monitoring report,official,2024,response
doc_04,01 January 2021 Ð 31 December 2021 Monitoring report,official,2024,propose
doc_04,01 January 2021 Ð 31 December 2021 Monitoring report,official,2024,cell
doc_04,01 January 2021 Ð 31 December 2021 Monitoring report,official,2024,phone
doc_04,01 January 2021 Ð 31 December 2021 Monitoring report,official,2024,text
doc_04,01 January 2021 Ð 31 December 2021 Monitoring report,official,2024,stand
doc_04,01 January 2021 Ð 31 December 2021 Monitoring report,official,2024,repository
doc_04,01 January 2021 Ð 31 December 2021 Monitoring report,official,2024,download
doc_04,01 January 2021 Ð 31 December 2021 Monitoring report,official,2024,announcement
doc_04,01 January 2021 Ð 31 December 2021 Monitoring report,official,2024,follow
doc_04,01 January 2021 Ð 31 December 2021 Monitoring report,official,2024,meeting
doc_04,01 January 2021 Ð 31 December 2021 Monitoring report,official,2024,september
doc_04,01 January 2021 Ð 31 December 2021 Monitoring report,official,2024,october
doc_04,01 January 2021 Ð 31 December 2021 Monitoring report,official,2024,participate
doc_04,01 January 2021 Ð 31 December 2021 Monitoring report,official,2024,meet
doc_04,01 January 2021 Ð 31 December 2021 Monitoring report,official,2024,time
doc_04,01 January 2021 Ð 31 December 2021 Monitoring report,official,2024,date
doc_04,01 January 2021 Ð 31 December 2021 Monitoring report,official,2024,post
doc_04,01 January 2021 Ð 31 December 2021 Monitoring report,official,2024,headquarter
doc_04,01 January 2021 Ð 31 December 2021 Monitoring report,official,2024,communicate
doc_04,01 January 2021 Ð 31 December 2021 Monitoring report,official,2024,verbally
doc_04,01 January 2021 Ð 31 December 2021 Monitoring report,official,2024,village
doc_04,01 January 2021 Ð 31 December 2021 Monitoring report,official,2024,social
doc_04,01 January 2021 Ð 31 December 2021 Monitoring report,official,2024,comms
doc_04,01 January 2021 Ð 31 December 2021 Monitoring report,official,2024,supervisor
doc_04,01 January 2021 Ð 31 December 2021 Monitoring report,official,2024,annual
doc_04,01 January 2021 Ð 31 December 2021 Monitoring report,official,2024,governance
doc_04,01 January 2021 Ð 31 December 2021 Monitoring report,official,2024,meeting
doc_04,01 January 2021 Ð 31 December 2021 Monitoring report,official,2024,hold
doc_04,01 January 2021 Ð 31 December 2021 Monitoring report,official,2024,representative
doc_04,01 January 2021 Ð 31 December 2021 Monitoring report,official,2024,oversight
doc_04,01 January 2021 Ð 31 December 2021 Monitoring report,official,2024,committee
doc_04,01 January 2021 Ð 31 December 2021 Monitoring report,official,2024,form
doc_04,01 January 2021 Ð 31 December 2021 Monitoring report,official,2024,representative
doc_04,01 January 2021 Ð 31 December 2021 Monitoring report,official,2024,meeting
doc_04,01 January 2021 Ð 31 December 2021 Monitoring report,official,2024,hold
doc_04,01 January 2021 Ð 31 December 2021 Monitoring report,official,2024,focus
doc_04,01 January 2021 Ð 31 December 2021 Monitoring report,official,2024,develop
doc_04,01 January 2021 Ð 31 December 2021 Monitoring report,official,2024,additional
doc_04,01 January 2021 Ð 31 December 2021 Monitoring report,official,2024,internal
doc_04,01 January 2021 Ð 31 December 2021 Monitoring report,official,2024,governance
doc_04,01 January 2021 Ð 31 December 2021 Monitoring report,official,2024,procedure
doc_04,01 January 2021 Ð 31 December 2021 Monitoring report,official,2024,base
doc_04,01 January 2021 Ð 31 December 2021 Monitoring report,official,2024,feedback
doc_04,01 January 2021 Ð 31 December 2021 Monitoring report,official,2024,information
doc_04,01 January 2021 Ð 31 December 2021 Monitoring report,official,2024,participation
doc_04,01 January 2021 Ð 31 December 2021 Monitoring report,official,2024,voluntary
doc_04,01 January 2021 Ð 31 December 2021 Monitoring report,official,2024,market
doc_04,01 January 2021 Ð 31 December 2021 Monitoring report,official,2024,vcm
doc_04,01 January 2021 Ð 31 December 2021 Monitoring report,official,2024,inclusive
doc_04,01 January 2021 Ð 31 December 2021 Monitoring report,official,2024,aspect
doc_04,01 January 2021 Ð 31 December 2021 Monitoring report,official,2024,cost
doc_04,01 January 2021 Ð 31 December 2021 Monitoring report,official,2024,risk
doc_04,01 January 2021 Ð 31 December 2021 Monitoring report,official,2024,benefit
doc_04,01 January 2021 Ð 31 December 2021 Monitoring report,official,2024,requirement
doc_04,01 January 2021 Ð 31 December 2021 Monitoring report,official,2024,communicate
doc_04,01 January 2021 Ð 31 December 2021 Monitoring report,official,2024,stakeholder
doc_04,01 January 2021 Ð 31 December 2021 Monitoring report,official,2024,sign
doc_04,01 January 2021 Ð 31 December 2021 Monitoring report,official,2024,agreement
doc_04,01 January 2021 Ð 31 December 2021 Monitoring report,official,2024,include
doc_04,01 January 2021 Ð 31 December 2021 Monitoring report,official,2024,consent
doc_04,01 January 2021 Ð 31 December 2021 Monitoring report,official,2024,waiver
doc_04,01 January 2021 Ð 31 December 2021 Monitoring report,official,2024,form
doc_04,01 January 2021 Ð 31 December 2021 Monitoring report,official,2024,letter
doc_04,01 January 2021 Ð 31 December 2021 Monitoring report,official,2024,intent
doc_04,01 January 2021 Ð 31 December 2021 Monitoring report,official,2024,agreement
doc_04,01 January 2021 Ð 31 December 2021 Monitoring report,official,2024,include
doc_04,01 January 2021 Ð 31 December 2021 Monitoring report,official,2024,language
doc_04,01 January 2021 Ð 31 December 2021 Monitoring report,official,2024,anticipate
doc_04,01 January 2021 Ð 31 December 2021 Monitoring report,official,2024,revenue
doc_04,01 January 2021 Ð 31 December 2021 Monitoring report,official,2024,include
doc_04,01 January 2021 Ð 31 December 2021 Monitoring report,official,2024,intend
doc_04,01 January 2021 Ð 31 December 2021 Monitoring report,official,2024,participate
doc_04,01 January 2021 Ð 31 December 2021 Monitoring report,official,2024,action
doc_04,01 January 2021 Ð 31 December 2021 Monitoring report,official,2024,expectation
doc_04,01 January 2021 Ð 31 December 2021 Monitoring report,official,2024,revenue
doc_04,01 January 2021 Ð 31 December 2021 Monitoring report,official,2024,sale
doc_04,01 January 2021 Ð 31 December 2021 Monitoring report,official,2024,sign
doc_04,01 January 2021 Ð 31 December 2021 Monitoring report,official,2024,agreement
doc_04,01 January 2021 Ð 31 December 2021 Monitoring report,official,2024,provide
doc_04,01 January 2021 Ð 31 December 2021 Monitoring report,official,2024,vvb
doc_04,01 January 2021 Ð 31 December 2021 Monitoring report,official,2024,review
doc_04,01 January 2021 Ð 31 December 2021 Monitoring report,official,2024,validate
doc_04,01 January 2021 Ð 31 December 2021 Monitoring report,official,2024,verifiedissuing
doc_04,01 January 2021 Ð 31 December 2021 Monitoring report,official,2024,late
doc_04,01 January 2021 Ð 31 December 2021 Monitoring report,official,2024,uncertainty
doc_04,01 January 2021 Ð 31 December 2021 Monitoring report,official,2024,prior
doc_04,01 January 2021 Ð 31 December 2021 Monitoring report,official,2024,delay
doc_04,01 January 2021 Ð 31 December 2021 Monitoring report,official,2024,development
doc_04,01 January 2021 Ð 31 December 2021 Monitoring report,official,2024,benefit
doc_04,01 January 2021 Ð 31 December 2021 Monitoring report,official,2024,share
doc_04,01 January 2021 Ð 31 December 2021 Monitoring report,official,2024,mechanism
doc_04,01 January 2021 Ð 31 December 2021 Monitoring report,official,2024,adaptation
doc_04,01 January 2021 Ð 31 December 2021 Monitoring report,official,2024,impact
doc_04,01 January 2021 Ð 31 December 2021 Monitoring report,official,2024,meeting
doc_04,01 January 2021 Ð 31 December 2021 Monitoring report,official,2024,graze
doc_04,01 January 2021 Ð 31 December 2021 Monitoring report,official,2024,committee
doc_04,01 January 2021 Ð 31 December 2021 Monitoring report,official,2024,chairman
doc_04,01 January 2021 Ð 31 December 2021 Monitoring report,official,2024,communicate
doc_04,01 January 2021 Ð 31 December 2021 Monitoring report,official,2024,graze
doc_04,01 January 2021 Ð 31 December 2021 Monitoring report,official,2024,plan
doc_04,01 January 2021 Ð 31 December 2021 Monitoring report,official,2024,implement
doc_04,01 January 2021 Ð 31 December 2021 Monitoring report,official,2024,past
doc_04,01 January 2021 Ð 31 December 2021 Monitoring report,official,2024,review
doc_04,01 January 2021 Ð 31 December 2021 Monitoring report,official,2024,past
doc_04,01 January 2021 Ð 31 December 2021 Monitoring report,official,2024,compliance
doc_04,01 January 2021 Ð 31 December 2021 Monitoring report,official,2024,graze
doc_04,01 January 2021 Ð 31 December 2021 Monitoring report,official,2024,plan
doc_04,01 January 2021 Ð 31 December 2021 Monitoring report,official,2024,identify
doc_04,01 January 2021 Ð 31 December 2021 Monitoring report,official,2024,barrier
doc_04,01 January 2021 Ð 31 December 2021 Monitoring report,official,2024,compliance
doc_04,01 January 2021 Ð 31 December 2021 Monitoring report,official,2024,communicate
doc_04,01 January 2021 Ð 31 December 2021 Monitoring report,official,2024,expect
doc_04,01 January 2021 Ð 31 December 2021 Monitoring report,official,2024,benefit
doc_04,01 January 2021 Ð 31 December 2021 Monitoring report,official,2024,activity
doc_04,01 January 2021 Ð 31 December 2021 Monitoring report,official,2024,rotational
doc_04,01 January 2021 Ð 31 December 2021 Monitoring report,official,2024,migratory
doc_04,01 January 2021 Ð 31 December 2021 Monitoring report,official,2024,graze
doc_04,01 January 2021 Ð 31 December 2021 Monitoring report,official,2024,response
doc_04,01 January 2021 Ð 31 December 2021 Monitoring report,official,2024,september
doc_04,01 January 2021 Ð 31 December 2021 Monitoring report,official,2024,meeting
doc_04,01 January 2021 Ð 31 December 2021 Monitoring report,official,2024,workshop
doc_04,01 January 2021 Ð 31 December 2021 Monitoring report,official,2024,improve
doc_04,01 January 2021 Ð 31 December 2021 Monitoring report,official,2024,effort
doc_04,01 January 2021 Ð 31 December 2021 Monitoring report,official,2024,write
doc_04,01 January 2021 Ð 31 December 2021 Monitoring report,official,2024,implement
doc_04,01 January 2021 Ð 31 December 2021 Monitoring report,official,2024,graze
doc_04,01 January 2021 Ð 31 December 2021 Monitoring report,official,2024,plan
doc_04,01 January 2021 Ð 31 December 2021 Monitoring report,official,2024,provide
doc_04,01 January 2021 Ð 31 December 2021 Monitoring report,official,2024,evidence
doc_04,01 January 2021 Ð 31 December 2021 Monitoring report,official,2024,understand
doc_04,01 January 2021 Ð 31 December 2021 Monitoring report,official,2024,benefit
doc_04,01 January 2021 Ð 31 December 2021 Monitoring report,official,2024,activity
doc_04,01 January 2021 Ð 31 December 2021 Monitoring report,official,2024,approve
doc_04,01 January 2021 Ð 31 December 2021 Monitoring report,official,2024,intensify
doc_04,01 January 2021 Ð 31 December 2021 Monitoring report,official,2024,effort
doc_04,01 January 2021 Ð 31 December 2021 Monitoring report,official,2024,conduct
doc_04,01 January 2021 Ð 31 December 2021 Monitoring report,official,2024,graze
doc_04,01 January 2021 Ð 31 December 2021 Monitoring report,official,2024,plan
doc_04,01 January 2021 Ð 31 December 2021 Monitoring report,official,2024,evidence
doc_04,01 January 2021 Ð 31 December 2021 Monitoring report,official,2024,social
doc_04,01 January 2021 Ð 31 December 2021 Monitoring report,official,2024,survey
doc_04,01 January 2021 Ð 31 December 2021 Monitoring report,official,2024,majority
doc_04,01 January 2021 Ð 31 December 2021 Monitoring report,official,2024,benefit
doc_04,01 January 2021 Ð 31 December 2021 Monitoring report,official,2024,implementation
doc_04,01 January 2021 Ð 31 December 2021 Monitoring report,official,2024,graze
doc_04,01 January 2021 Ð 31 December 2021 Monitoring report,official,2024,plan
doc_04,01 January 2021 Ð 31 December 2021 Monitoring report,official,2024,baseline
doc_04,01 January 2021 Ð 31 December 2021 Monitoring report,official,2024,datum
doc_04,01 January 2021 Ð 31 December 2021 Monitoring report,official,2024,future
doc_04,01 January 2021 Ð 31 December 2021 Monitoring report,official,2024,datum
doc_04,01 January 2021 Ð 31 December 2021 Monitoring report,official,2024,collect
doc_04,01 January 2021 Ð 31 December 2021 Monitoring report,official,2024,social
doc_04,01 January 2021 Ð 31 December 2021 Monitoring report,official,2024,comms
doc_04,01 January 2021 Ð 31 December 2021 Monitoring report,official,2024,survey
doc_04,01 January 2021 Ð 31 December 2021 Monitoring report,official,2024,focus
doc_04,01 January 2021 Ð 31 December 2021 Monitoring report,official,2024,socialcomms
doc_04,01 January 2021 Ð 31 December 2021 Monitoring report,official,2024,outgrowth
doc_04,01 January 2021 Ð 31 December 2021 Monitoring report,official,2024,train
doc_04,01 January 2021 Ð 31 December 2021 Monitoring report,official,2024,conduct
doc_04,01 January 2021 Ð 31 December 2021 Monitoring report,official,2024,social
doc_04,01 January 2021 Ð 31 December 2021 Monitoring report,official,2024,survey
doc_04,01 January 2021 Ð 31 December 2021 Monitoring report,official,2024,professional
doc_04,01 January 2021 Ð 31 December 2021 Monitoring report,official,2024,social
doc_04,01 January 2021 Ð 31 December 2021 Monitoring report,official,2024,scientist
doc_04,01 January 2021 Ð 31 December 2021 Monitoring report,official,2024,jessica
doc_04,01 January 2021 Ð 31 December 2021 Monitoring report,official,2024,musengezi
doc_04,01 January 2021 Ð 31 December 2021 Monitoring report,official,2024,nature
doc_04,01 January 2021 Ð 31 December 2021 Monitoring report,official,2024,support
doc_04,01 January 2021 Ð 31 December 2021 Monitoring report,official,2024,permanent
doc_04,01 January 2021 Ð 31 December 2021 Monitoring report,official,2024,staff
doc_04,01 January 2021 Ð 31 December 2021 Monitoring report,official,2024,guidance
doc_04,01 January 2021 Ð 31 December 2021 Monitoring report,official,2024,tnc
doc_04,01 January 2021 Ð 31 December 2021 Monitoring report,official,2024,personnel
doc_04,01 January 2021 Ð 31 December 2021 Monitoring report,official,2024,focus
doc_04,01 January 2021 Ð 31 December 2021 Monitoring report,official,2024,choose
doc_04,01 January 2021 Ð 31 December 2021 Monitoring report,official,2024,chairman
doc_04,01 January 2021 Ð 31 December 2021 Monitoring report,official,2024,represent
doc_04,01 January 2021 Ð 31 December 2021 Monitoring report,official,2024,public
doc_04,01 January 2021 Ð 31 December 2021 Monitoring report,official,2024,graze
doc_04,01 January 2021 Ð 31 December 2021 Monitoring report,official,2024,committee
doc_04,01 January 2021 Ð 31 December 2021 Monitoring report,official,2024,household
doc_04,01 January 2021 Ð 31 December 2021 Monitoring report,official,2024,survey
doc_04,01 January 2021 Ð 31 December 2021 Monitoring report,official,2024,conduct
doc_04,01 January 2021 Ð 31 December 2021 Monitoring report,official,2024,randomly
doc_04,01 January 2021 Ð 31 December 2021 Monitoring report,official,2024,select
doc_04,01 January 2021 Ð 31 December 2021 Monitoring report,official,2024,household
doc_04,01 January 2021 Ð 31 December 2021 Monitoring report,official,2024,effort
doc_04,01 January 2021 Ð 31 December 2021 Monitoring report,official,2024,interview
doc_04,01 January 2021 Ð 31 December 2021 Monitoring report,official,2024,matriarch
doc_04,01 January 2021 Ð 31 December 2021 Monitoring report,official,2024,household
doc_04,01 January 2021 Ð 31 December 2021 Monitoring report,official,2024,baseline
doc_04,01 January 2021 Ð 31 December 2021 Monitoring report,official,2024,socialcomms
doc_04,01 January 2021 Ð 31 December 2021 Monitoring report,official,2024,survey
doc_04,01 January 2021 Ð 31 December 2021 Monitoring report,official,2024,identify
doc_04,01 January 2021 Ð 31 December 2021 Monitoring report,official,2024,risk
doc_04,01 January 2021 Ð 31 December 2021 Monitoring report,official,2024,encroachment
doc_04,01 January 2021 Ð 31 December 2021 Monitoring report,official,2024,numb
doc_04,01 January 2021 Ð 31 December 2021 Monitoring report,official,2024,concern
doc_04,01 January 2021 Ð 31 December 2021 Monitoring report,official,2024,implementation
doc_04,01 January 2021 Ð 31 December 2021 Monitoring report,official,2024,graze
doc_04,01 January 2021 Ð 31 December 2021 Monitoring report,official,2024,management
doc_04,01 January 2021 Ð 31 December 2021 Monitoring report,official,2024,train
doc_04,01 January 2021 Ð 31 December 2021 Monitoring report,official,2024,education
doc_04,01 January 2021 Ð 31 December 2021 Monitoring report,official,2024,main
doc_04,01 January 2021 Ð 31 December 2021 Monitoring report,official,2024,emphasize
doc_04,01 January 2021 Ð 31 December 2021 Monitoring report,official,2024,activity
doc_04,01 January 2021 Ð 31 December 2021 Monitoring report,official,2024,reduce
doc_04,01 January 2021 Ð 31 December 2021 Monitoring report,official,2024,effort
doc_04,01 January 2021 Ð 31 December 2021 Monitoring report,official,2024,effort
doc_04,01 January 2021 Ð 31 December 2021 Monitoring report,official,2024,increase
doc_04,01 January 2021 Ð 31 December 2021 Monitoring report,official,2024,graze
doc_04,01 January 2021 Ð 31 December 2021 Monitoring report,official,2024,coordinator
doc_04,01 January 2021 Ð 31 December 2021 Monitoring report,official,2024,graze
doc_04,01 January 2021 Ð 31 December 2021 Monitoring report,official,2024,chairman
doc_04,01 January 2021 Ð 31 December 2021 Monitoring report,official,2024,manager
doc_04,01 January 2021 Ð 31 December 2021 Monitoring report,official,2024,chairman
doc_04,01 January 2021 Ð 31 December 2021 Monitoring report,official,2024,resolve
doc_04,01 January 2021 Ð 31 December 2021 Monitoring report,official,2024,dispute
doc_04,01 January 2021 Ð 31 December 2021 Monitoring report,official,2024,due
doc_04,01 January 2021 Ð 31 December 2021 Monitoring report,official,2024,encroachment
doc_04,01 January 2021 Ð 31 December 2021 Monitoring report,official,2024,offproject
doc_04,01 January 2021 Ð 31 December 2021 Monitoring report,official,2024,herder
doc_04,01 January 2021 Ð 31 December 2021 Monitoring report,official,2024,effort
doc_04,01 January 2021 Ð 31 December 2021 Monitoring report,official,2024,apply
doc_04,01 January 2021 Ð 31 December 2021 Monitoring report,official,2024,develop
doc_04,01 January 2021 Ð 31 December 2021 Monitoring report,official,2024,regional
doc_04,01 January 2021 Ð 31 December 2021 Monitoring report,official,2024,graze
doc_04,01 January 2021 Ð 31 December 2021 Monitoring report,official,2024,plan
doc_04,01 January 2021 Ð 31 December 2021 Monitoring report,official,2024,herder
doc_04,01 January 2021 Ð 31 December 2021 Monitoring report,official,2024,withinproject
doc_04,01 January 2021 Ð 31 December 2021 Monitoring report,official,2024,graze
doc_04,01 January 2021 Ð 31 December 2021 Monitoring report,official,2024,land
doc_04,01 January 2021 Ð 31 December 2021 Monitoring report,official,2024,withinproject
doc_04,01 January 2021 Ð 31 December 2021 Monitoring report,official,2024,shift
doc_04,01 January 2021 Ð 31 December 2021 Monitoring report,official,2024,rapid
doc_04,01 January 2021 Ð 31 December 2021 Monitoring report,official,2024,response
doc_04,01 January 2021 Ð 31 December 2021 Monitoring report,official,2024,conflict
doc_04,01 January 2021 Ð 31 December 2021 Monitoring report,official,2024,herder
doc_04,01 January 2021 Ð 31 December 2021 Monitoring report,official,2024,ethnic
doc_04,01 January 2021 Ð 31 December 2021 Monitoring report,official,2024,avoid
doc_04,01 January 2021 Ð 31 December 2021 Monitoring report,official,2024,fatality
doc_04,01 January 2021 Ð 31 December 2021 Monitoring report,official,2024,occur
doc_04,01 January 2021 Ð 31 December 2021 Monitoring report,official,2024,similar
doc_04,01 January 2021 Ð 31 December 2021 Monitoring report,official,2024,circumstance
doc_04,01 January 2021 Ð 31 December 2021 Monitoring report,official,2024,period
doc_04,01 January 2021 Ð 31 December 2021 Monitoring report,official,2024,formation
doc_04,01 January 2021 Ð 31 December 2021 Monitoring report,official,2024,regional
doc_04,01 January 2021 Ð 31 December 2021 Monitoring report,official,2024,graze
doc_04,01 January 2021 Ð 31 December 2021 Monitoring report,official,2024,plan
doc_04,01 January 2021 Ð 31 December 2021 Monitoring report,official,2024,facilitate
doc_04,01 January 2021 Ð 31 December 2021 Monitoring report,official,2024,discussion
doc_04,01 January 2021 Ð 31 December 2021 Monitoring report,official,2024,countywide
doc_04,01 January 2021 Ð 31 December 2021 Monitoring report,official,2024,graze
doc_04,01 January 2021 Ð 31 December 2021 Monitoring report,official,2024,plan
doc_04,01 January 2021 Ð 31 December 2021 Monitoring report,official,2024,october
doc_04,01 January 2021 Ð 31 December 2021 Monitoring report,official,2024,deliver
doc_04,01 January 2021 Ð 31 December 2021 Monitoring report,official,2024,information
doc_04,01 January 2021 Ð 31 December 2021 Monitoring report,official,2024,coordinate
doc_04,01 January 2021 Ð 31 December 2021 Monitoring report,official,2024,activity
doc_04,01 January 2021 Ð 31 December 2021 Monitoring report,official,2024,quarterly
doc_04,01 January 2021 Ð 31 December 2021 Monitoring report,official,2024,graze
doc_04,01 January 2021 Ð 31 December 2021 Monitoring report,official,2024,committee
doc_04,01 January 2021 Ð 31 December 2021 Monitoring report,official,2024,meeting
doc_04,01 January 2021 Ð 31 December 2021 Monitoring report,official,2024,hold
doc_04,01 January 2021 Ð 31 December 2021 Monitoring report,official,2024,discuss
doc_04,01 January 2021 Ð 31 December 2021 Monitoring report,official,2024,review
doc_04,01 January 2021 Ð 31 December 2021 Monitoring report,official,2024,plan
doc_04,01 January 2021 Ð 31 December 2021 Monitoring report,official,2024,matter
doc_04,01 January 2021 Ð 31 December 2021 Monitoring report,official,2024,addition
doc_04,01 January 2021 Ð 31 December 2021 Monitoring report,official,2024,graze
doc_04,01 January 2021 Ð 31 December 2021 Monitoring report,official,2024,committee
doc_04,01 January 2021 Ð 31 December 2021 Monitoring report,official,2024,continuously
doc_04,01 January 2021 Ð 31 December 2021 Monitoring report,official,2024,train
doc_04,01 January 2021 Ð 31 December 2021 Monitoring report,official,2024,management
doc_04,01 January 2021 Ð 31 December 2021 Monitoring report,official,2024,role
doc_04,01 January 2021 Ð 31 December 2021 Monitoring report,official,2024,committee
doc_04,01 January 2021 Ð 31 December 2021 Monitoring report,official,2024,net
doc_04,01 January 2021 Ð 31 December 2021 Monitoring report,official,2024,impact
doc_04,01 January 2021 Ð 31 December 2021 Monitoring report,official,2024,stakeholder
doc_04,01 January 2021 Ð 31 December 2021 Monitoring report,official,2024,continue
doc_04,01 January 2021 Ð 31 December 2021 Monitoring report,official,2024,track
doc_04,01 January 2021 Ð 31 December 2021 Monitoring report,official,2024,annual
doc_04,01 January 2021 Ð 31 December 2021 Monitoring report,official,2024,social
doc_04,01 January 2021 Ð 31 December 2021 Monitoring report,official,2024,comms
doc_04,01 January 2021 Ð 31 December 2021 Monitoring report,official,2024,social
doc_04,01 January 2021 Ð 31 December 2021 Monitoring report,official,2024,comms
doc_04,01 January 2021 Ð 31 December 2021 Monitoring report,official,2024,result
doc_04,01 January 2021 Ð 31 December 2021 Monitoring report,official,2024,share
doc_04,01 January 2021 Ð 31 December 2021 Monitoring report,official,2024,respective
doc_04,01 January 2021 Ð 31 December 2021 Monitoring report,official,2024,manager
doc_04,01 January 2021 Ð 31 December 2021 Monitoring report,official,2024,manager
doc_04,01 January 2021 Ð 31 December 2021 Monitoring report,official,2024,task
doc_04,01 January 2021 Ð 31 December 2021 Monitoring report,official,2024,discuss
doc_04,01 January 2021 Ð 31 December 2021 Monitoring report,official,2024,social
doc_04,01 January 2021 Ð 31 December 2021 Monitoring report,official,2024,comms
doc_04,01 January 2021 Ð 31 December 2021 Monitoring report,official,2024,reuslts
doc_04,01 January 2021 Ð 31 December 2021 Monitoring report,official,2024,board
doc_04,01 January 2021 Ð 31 December 2021 Monitoring report,official,2024,social
doc_04,01 January 2021 Ð 31 December 2021 Monitoring report,official,2024,comms
doc_04,01 January 2021 Ð 31 December 2021 Monitoring report,official,2024,result
doc_04,01 January 2021 Ð 31 December 2021 Monitoring report,official,2024,feed
doc_04,01 January 2021 Ð 31 December 2021 Monitoring report,official,2024,management
doc_04,01 January 2021 Ð 31 December 2021 Monitoring report,official,2024,development
doc_04,01 January 2021 Ð 31 December 2021 Monitoring report,official,2024,plan
doc_04,01 January 2021 Ð 31 December 2021 Monitoring report,official,2024,aim
doc_04,01 January 2021 Ð 31 December 2021 Monitoring report,official,2024,link
doc_04,01 January 2021 Ð 31 December 2021 Monitoring report,official,2024,result
doc_04,01 January 2021 Ð 31 December 2021 Monitoring report,official,2024,socioeconomics
doc_04,01 January 2021 Ð 31 December 2021 Monitoring report,official,2024,social
doc_04,01 January 2021 Ð 31 December 2021 Monitoring report,official,2024,development
doc_04,01 January 2021 Ð 31 December 2021 Monitoring report,official,2024,access
doc_04,01 January 2021 Ð 31 December 2021 Monitoring report,official,2024,water
doc_04,01 January 2021 Ð 31 December 2021 Monitoring report,official,2024,education
doc_04,01 January 2021 Ð 31 December 2021 Monitoring report,official,2024,centre
doc_04,01 January 2021 Ð 31 December 2021 Monitoring report,official,2024,healthcare
doc_04,01 January 2021 Ð 31 December 2021 Monitoring report,official,2024,optional
doc_04,01 January 2021 Ð 31 December 2021 Monitoring report,official,2024,criterion
doc_04,01 January 2021 Ð 31 December 2021 Monitoring report,official,2024,exceptional
doc_04,01 January 2021 Ð 31 December 2021 Monitoring report,official,2024,benefit
doc_04,01 January 2021 Ð 31 December 2021 Monitoring report,official,2024,activity
doc_04,01 January 2021 Ð 31 December 2021 Monitoring report,official,2024,bring
doc_04,01 January 2021 Ð 31 December 2021 Monitoring report,official,2024,considerable
doc_04,01 January 2021 Ð 31 December 2021 Monitoring report,official,2024,benefit
doc_04,01 January 2021 Ð 31 December 2021 Monitoring report,official,2024,woman
doc_04,01 January 2021 Ð 31 December 2021 Monitoring report,official,2024,poor
doc_04,01 January 2021 Ð 31 December 2021 Monitoring report,official,2024,shortterm
doc_04,01 January 2021 Ð 31 December 2021 Monitoring report,official,2024,longterm
doc_04,01 January 2021 Ð 31 December 2021 Monitoring report,official,2024,benefit
doc_04,01 January 2021 Ð 31 December 2021 Monitoring report,official,2024,ccb
doc_04,01 January 2021 Ð 31 December 2021 Monitoring report,official,2024,demonstrate
doc_04,01 January 2021 Ð 31 December 2021 Monitoring report,official,2024,activity
doc_04,01 January 2021 Ð 31 December 2021 Monitoring report,official,2024,increase
doc_04,01 January 2021 Ð 31 December 2021 Monitoring report,official,2024,employment
doc_04,01 January 2021 Ð 31 December 2021 Monitoring report,official,2024,mitigate
doc_04,01 January 2021 Ð 31 December 2021 Monitoring report,official,2024,decrease
doc_04,01 January 2021 Ð 31 December 2021 Monitoring report,official,2024,household
doc_04,01 January 2021 Ð 31 December 2021 Monitoring report,official,2024,revenue
doc_04,01 January 2021 Ð 31 December 2021 Monitoring report,official,2024,household
doc_04,01 January 2021 Ð 31 December 2021 Monitoring report,official,2024,food
doc_04,01 January 2021 Ð 31 December 2021 Monitoring report,official,2024,security
doc_04,01 January 2021 Ð 31 December 2021 Monitoring report,official,2024,form
doc_04,01 January 2021 Ð 31 December 2021 Monitoring report,official,2024,consistent
doc_04,01 January 2021 Ð 31 December 2021 Monitoring report,official,2024,milk
doc_04,01 January 2021 Ð 31 December 2021 Monitoring report,official,2024,availability
doc_04,01 January 2021 Ð 31 December 2021 Monitoring report,official,2024,benefit
doc_04,01 January 2021 Ð 31 December 2021 Monitoring report,official,2024,demonstrate
doc_04,01 January 2021 Ð 31 December 2021 Monitoring report,official,2024,marginalize
doc_04,01 January 2021 Ð 31 December 2021 Monitoring report,official,2024,poor
doc_04,01 January 2021 Ð 31 December 2021 Monitoring report,official,2024,woman
doc_04,01 January 2021 Ð 31 December 2021 Monitoring report,official,2024,longerterm
doc_04,01 January 2021 Ð 31 December 2021 Monitoring report,official,2024,benefit
doc_04,01 January 2021 Ð 31 December 2021 Monitoring report,official,2024,improve
doc_04,01 January 2021 Ð 31 December 2021 Monitoring report,official,2024,forage
doc_04,01 January 2021 Ð 31 December 2021 Monitoring report,official,2024,water
doc_04,01 January 2021 Ð 31 December 2021 Monitoring report,official,2024,surface
doc_04,01 January 2021 Ð 31 December 2021 Monitoring report,official,2024,water
doc_04,01 January 2021 Ð 31 December 2021 Monitoring report,official,2024,availability
doc_04,01 January 2021 Ð 31 December 2021 Monitoring report,official,2024,realize
doc_04,01 January 2021 Ð 31 December 2021 Monitoring report,official,2024,due
doc_04,01 January 2021 Ð 31 December 2021 Monitoring report,official,2024,severe
doc_04,01 January 2021 Ð 31 December 2021 Monitoring report,official,2024,drought
doc_04,01 January 2021 Ð 31 December 2021 Monitoring report,official,2024,prevent
doc_04,01 January 2021 Ð 31 December 2021 Monitoring report,official,2024,substantial
doc_04,01 January 2021 Ð 31 December 2021 Monitoring report,official,2024,increase
doc_04,01 January 2021 Ð 31 December 2021 Monitoring report,official,2024,grass
doc_04,01 January 2021 Ð 31 December 2021 Monitoring report,official,2024,cover
doc_04,01 January 2021 Ð 31 December 2021 Monitoring report,official,2024,wet
doc_04,01 January 2021 Ð 31 December 2021 Monitoring report,official,2024,persist
doc_04,01 January 2021 Ð 31 December 2021 Monitoring report,official,2024,proportion
doc_04,01 January 2021 Ð 31 December 2021 Monitoring report,official,2024,graze
doc_04,01 January 2021 Ð 31 December 2021 Monitoring report,official,2024,site
doc_04,01 January 2021 Ð 31 December 2021 Monitoring report,official,2024,remain
doc_04,01 January 2021 Ð 31 December 2021 Monitoring report,official,2024,suggest
doc_04,01 January 2021 Ð 31 December 2021 Monitoring report,official,2024,recovery
doc_04,01 January 2021 Ð 31 December 2021 Monitoring report,official,2024,forage
doc_04,01 January 2021 Ð 31 December 2021 Monitoring report,official,2024,productivity
doc_04,01 January 2021 Ð 31 December 2021 Monitoring report,official,2024,expect
doc_04,01 January 2021 Ð 31 December 2021 Monitoring report,official,2024,marginalize
doc_04,01 January 2021 Ð 31 December 2021 Monitoring report,official,2024,andor
doc_04,01 January 2021 Ð 31 December 2021 Monitoring report,official,2024,vulnerable
doc_04,01 January 2021 Ð 31 December 2021 Monitoring report,official,2024,ccb
doc_04,01 January 2021 Ð 31 December 2021 Monitoring report,official,2024,impact
doc_04,01 January 2021 Ð 31 December 2021 Monitoring report,official,2024,activity
doc_04,01 January 2021 Ð 31 December 2021 Monitoring report,official,2024,monitor
doc_04,01 January 2021 Ð 31 December 2021 Monitoring report,official,2024,survey
doc_04,01 January 2021 Ð 31 December 2021 Monitoring report,official,2024,household
doc_04,01 January 2021 Ð 31 December 2021 Monitoring report,official,2024,conduct
doc_04,01 January 2021 Ð 31 December 2021 Monitoring report,official,2024,nrtassisted
doc_04,01 January 2021 Ð 31 December 2021 Monitoring report,official,2024,social
doc_04,01 January 2021 Ð 31 December 2021 Monitoring report,official,2024,comms
doc_04,01 January 2021 Ð 31 December 2021 Monitoring report,official,2024,activity
doc_04,01 January 2021 Ð 31 December 2021 Monitoring report,official,2024,datum
doc_04,01 January 2021 Ð 31 December 2021 Monitoring report,official,2024,compare
doc_04,01 January 2021 Ð 31 December 2021 Monitoring report,official,2024,history
doc_04,01 January 2021 Ð 31 December 2021 Monitoring report,official,2024,implement
doc_04,01 January 2021 Ð 31 December 2021 Monitoring report,official,2024,graze
doc_04,01 January 2021 Ð 31 December 2021 Monitoring report,official,2024,plan
doc_04,01 January 2021 Ð 31 December 2021 Monitoring report,official,2024,scenario
doc_04,01 January 2021 Ð 31 December 2021 Monitoring report,official,2024,join
doc_04,01 January 2021 Ð 31 December 2021 Monitoring report,official,2024,baseline
doc_04,01 January 2021 Ð 31 December 2021 Monitoring report,official,2024,scenario
doc_04,01 January 2021 Ð 31 December 2021 Monitoring report,official,2024,household
doc_04,01 January 2021 Ð 31 December 2021 Monitoring report,official,2024,survey
doc_04,01 January 2021 Ð 31 December 2021 Monitoring report,official,2024,multiple
doc_04,01 January 2021 Ð 31 December 2021 Monitoring report,official,2024,question
doc_04,01 January 2021 Ð 31 December 2021 Monitoring report,official,2024,pertain
doc_04,01 January 2021 Ð 31 December 2021 Monitoring report,official,2024,benefit
doc_04,01 January 2021 Ð 31 December 2021 Monitoring report,official,2024,discuss
doc_04,01 January 2021 Ð 31 December 2021 Monitoring report,official,2024,net
doc_04,01 January 2021 Ð 31 December 2021 Monitoring report,official,2024,impact
doc_04,01 January 2021 Ð 31 December 2021 Monitoring report,official,2024,woman
doc_04,01 January 2021 Ð 31 December 2021 Monitoring report,official,2024,ccb
doc_04,01 January 2021 Ð 31 December 2021 Monitoring report,official,2024,demonstrate
doc_04,01 January 2021 Ð 31 December 2021 Monitoring report,official,2024,woman
doc_04,01 January 2021 Ð 31 December 2021 Monitoring report,official,2024,benefit
doc_04,01 January 2021 Ð 31 December 2021 Monitoring report,official,2024,multiple
doc_04,01 January 2021 Ð 31 December 2021 Monitoring report,official,2024,include
doc_04,01 January 2021 Ð 31 December 2021 Monitoring report,official,2024,increase
doc_04,01 January 2021 Ð 31 December 2021 Monitoring report,official,2024,household
doc_04,01 January 2021 Ð 31 December 2021 Monitoring report,official,2024,food
doc_04,01 January 2021 Ð 31 December 2021 Monitoring report,official,2024,security
doc_04,01 January 2021 Ð 31 December 2021 Monitoring report,official,2024,milk
doc_04,01 January 2021 Ð 31 December 2021 Monitoring report,official,2024,drink
doc_04,01 January 2021 Ð 31 December 2021 Monitoring report,official,2024,sell
doc_04,01 January 2021 Ð 31 December 2021 Monitoring report,official,2024,benefit
doc_04,01 January 2021 Ð 31 December 2021 Monitoring report,official,2024,share
doc_04,01 January 2021 Ð 31 December 2021 Monitoring report,official,2024,mechanism
doc_04,01 January 2021 Ð 31 December 2021 Monitoring report,official,2024,ccb
doc_04,01 January 2021 Ð 31 December 2021 Monitoring report,official,2024,monitor
doc_04,01 January 2021 Ð 31 December 2021 Monitoring report,official,2024,period
doc_04,01 January 2021 Ð 31 December 2021 Monitoring report,official,2024,revenue
doc_04,01 January 2021 Ð 31 December 2021 Monitoring report,official,2024,generate
doc_04,01 January 2021 Ð 31 December 2021 Monitoring report,official,2024,benefit
doc_04,01 January 2021 Ð 31 December 2021 Monitoring report,official,2024,share
doc_04,01 January 2021 Ð 31 December 2021 Monitoring report,official,2024,anticipation
doc_04,01 January 2021 Ð 31 December 2021 Monitoring report,official,2024,revenue
doc_04,01 January 2021 Ð 31 December 2021 Monitoring report,official,2024,generation
doc_04,01 January 2021 Ð 31 December 2021 Monitoring report,official,2024,process
doc_04,01 January 2021 Ð 31 December 2021 Monitoring report,official,2024,develop
doc_04,01 January 2021 Ð 31 December 2021 Monitoring report,official,2024,revenue
doc_04,01 January 2021 Ð 31 December 2021 Monitoring report,official,2024,disburse
doc_04,01 January 2021 Ð 31 December 2021 Monitoring report,official,2024,process
doc_04,01 January 2021 Ð 31 December 2021 Monitoring report,official,2024,subsequent
doc_04,01 January 2021 Ð 31 December 2021 Monitoring report,official,2024,agreement
doc_04,01 January 2021 Ð 31 December 2021 Monitoring report,official,2024,detail
doc_04,01 January 2021 Ð 31 December 2021 Monitoring report,official,2024,describe
doc_04,01 January 2021 Ð 31 December 2021 Monitoring report,official,2024,widely
doc_04,01 January 2021 Ð 31 December 2021 Monitoring report,official,2024,description
doc_04,01 January 2021 Ð 31 December 2021 Monitoring report,official,2024,document
doc_04,01 January 2021 Ð 31 December 2021 Monitoring report,official,2024,subsequent
doc_04,01 January 2021 Ð 31 December 2021 Monitoring report,official,2024,monitor
doc_04,01 January 2021 Ð 31 December 2021 Monitoring report,official,2024,benefit
doc_04,01 January 2021 Ð 31 December 2021 Monitoring report,official,2024,improve
doc_04,01 January 2021 Ð 31 December 2021 Monitoring report,official,2024,pasture
doc_04,01 January 2021 Ð 31 December 2021 Monitoring report,official,2024,pastoralist
doc_04,01 January 2021 Ð 31 December 2021 Monitoring report,official,2024,wildlife
doc_04,01 January 2021 Ð 31 December 2021 Monitoring report,official,2024,improve
doc_04,01 January 2021 Ð 31 December 2021 Monitoring report,official,2024,resilience
doc_04,01 January 2021 Ð 31 December 2021 Monitoring report,official,2024,drought
doc_04,01 January 2021 Ð 31 December 2021 Monitoring report,official,2024,provide
doc_04,01 January 2021 Ð 31 December 2021 Monitoring report,official,2024,longterm
doc_04,01 January 2021 Ð 31 December 2021 Monitoring report,official,2024,sustainable
doc_04,01 January 2021 Ð 31 December 2021 Monitoring report,official,2024,revenue
doc_04,01 January 2021 Ð 31 December 2021 Monitoring report,official,2024,ongoing
doc_04,01 January 2021 Ð 31 December 2021 Monitoring report,official,2024,generation
doc_04,01 January 2021 Ð 31 December 2021 Monitoring report,official,2024,vers
doc_04,01 January 2021 Ð 31 December 2021 Monitoring report,official,2024,subsequent
doc_04,01 January 2021 Ð 31 December 2021 Monitoring report,official,2024,sale
doc_04,01 January 2021 Ð 31 December 2021 Monitoring report,official,2024,product
doc_04,01 January 2021 Ð 31 December 2021 Monitoring report,official,2024,international
doc_04,01 January 2021 Ð 31 December 2021 Monitoring report,official,2024,voluntary
doc_04,01 January 2021 Ð 31 December 2021 Monitoring report,official,2024,market
doc_04,01 January 2021 Ð 31 December 2021 Monitoring report,official,2024,improve
doc_04,01 January 2021 Ð 31 December 2021 Monitoring report,official,2024,governance
doc_04,01 January 2021 Ð 31 December 2021 Monitoring report,official,2024,financial
doc_04,01 January 2021 Ð 31 December 2021 Monitoring report,official,2024,management
doc_04,01 January 2021 Ð 31 December 2021 Monitoring report,official,2024,capability
doc_04,01 January 2021 Ð 31 December 2021 Monitoring report,official,2024,relation
doc_04,01 January 2021 Ð 31 December 2021 Monitoring report,official,2024,provision
doc_04,01 January 2021 Ð 31 December 2021 Monitoring report,official,2024,longterm
doc_04,01 January 2021 Ð 31 December 2021 Monitoring report,official,2024,sustainable
doc_04,01 January 2021 Ð 31 December 2021 Monitoring report,official,2024,revenue
doc_04,01 January 2021 Ð 31 December 2021 Monitoring report,official,2024,stream
doc_04,01 January 2021 Ð 31 December 2021 Monitoring report,official,2024,extensive
doc_04,01 January 2021 Ð 31 December 2021 Monitoring report,official,2024,benefit
doc_04,01 January 2021 Ð 31 December 2021 Monitoring report,official,2024,share
doc_04,01 January 2021 Ð 31 December 2021 Monitoring report,official,2024,distribution
doc_04,01 January 2021 Ð 31 December 2021 Monitoring report,official,2024,mechanism
doc_04,01 January 2021 Ð 31 December 2021 Monitoring report,official,2024,design
doc_04,01 January 2021 Ð 31 December 2021 Monitoring report,official,2024,participate
doc_04,01 January 2021 Ð 31 December 2021 Monitoring report,official,2024,begin
doc_04,01 January 2021 Ð 31 December 2021 Monitoring report,official,2024,specific
doc_04,01 January 2021 Ð 31 December 2021 Monitoring report,official,2024,share
doc_04,01 January 2021 Ð 31 December 2021 Monitoring report,official,2024,anticipate
doc_04,01 January 2021 Ð 31 December 2021 Monitoring report,official,2024,revenue
doc_04,01 January 2021 Ð 31 December 2021 Monitoring report,official,2024,development
doc_04,01 January 2021 Ð 31 December 2021 Monitoring report,official,2024,validate
doc_04,01 January 2021 Ð 31 December 2021 Monitoring report,official,2024,issue
doc_04,01 January 2021 Ð 31 December 2021 Monitoring report,official,2024,verify
doc_04,01 January 2021 Ð 31 December 2021 Monitoring report,official,2024,sale
doc_04,01 January 2021 Ð 31 December 2021 Monitoring report,official,2024,june
doc_04,01 January 2021 Ð 31 December 2021 Monitoring report,official,2024,undertake
doc_04,01 January 2021 Ð 31 December 2021 Monitoring report,official,2024,widespread
doc_04,01 January 2021 Ð 31 December 2021 Monitoring report,official,2024,socialization
doc_04,01 January 2021 Ð 31 December 2021 Monitoring report,official,2024,participate
doc_04,01 January 2021 Ð 31 December 2021 Monitoring report,official,2024,revise
doc_04,01 January 2021 Ð 31 December 2021 Monitoring report,official,2024,renew
doc_04,01 January 2021 Ð 31 December 2021 Monitoring report,official,2024,implementation
doc_04,01 January 2021 Ð 31 December 2021 Monitoring report,official,2024,agreement
doc_04,01 January 2021 Ð 31 December 2021 Monitoring report,official,2024,set
doc_04,01 January 2021 Ð 31 December 2021 Monitoring report,official,2024,understand
doc_04,01 January 2021 Ð 31 December 2021 Monitoring report,official,2024,participate
doc_04,01 January 2021 Ð 31 December 2021 Monitoring report,official,2024,launch
doc_04,01 January 2021 Ð 31 December 2021 Monitoring report,official,2024,issue
doc_04,01 January 2021 Ð 31 December 2021 Monitoring report,official,2024,crucially
doc_04,01 January 2021 Ð 31 December 2021 Monitoring report,official,2024,pia
doc_04,01 January 2021 Ð 31 December 2021 Monitoring report,official,2024,set
doc_04,01 January 2021 Ð 31 December 2021 Monitoring report,official,2024,propose
doc_04,01 January 2021 Ð 31 December 2021 Monitoring report,official,2024,draft
doc_04,01 January 2021 Ð 31 December 2021 Monitoring report,official,2024,benefitsharing
doc_04,01 January 2021 Ð 31 December 2021 Monitoring report,official,2024,mechanism
doc_04,01 January 2021 Ð 31 December 2021 Monitoring report,official,2024,determine
doc_04,01 January 2021 Ð 31 December 2021 Monitoring report,official,2024,issue
doc_04,01 January 2021 Ð 31 December 2021 Monitoring report,official,2024,represent
doc_04,01 January 2021 Ð 31 December 2021 Monitoring report,official,2024,period
doc_04,01 January 2021 Ð 31 December 2021 Monitoring report,official,2024,generate
doc_04,01 January 2021 Ð 31 December 2021 Monitoring report,official,2024,period
doc_04,01 January 2021 Ð 31 December 2021 Monitoring report,official,2024,represent
doc_04,01 January 2021 Ð 31 December 2021 Monitoring report,official,2024,period
doc_04,01 January 2021 Ð 31 December 2021 Monitoring report,official,2024,time
doc_04,01 January 2021 Ð 31 December 2021 Monitoring report,official,2024,envisage
doc_04,01 January 2021 Ð 31 December 2021 Monitoring report,official,2024,distribute
doc_04,01 January 2021 Ð 31 December 2021 Monitoring report,official,2024,revenue
doc_04,01 January 2021 Ð 31 December 2021 Monitoring report,official,2024,annual
doc_04,01 January 2021 Ð 31 December 2021 Monitoring report,official,2024,basis
doc_04,01 January 2021 Ð 31 December 2021 Monitoring report,official,2024,reflective
doc_04,01 January 2021 Ð 31 December 2021 Monitoring report,official,2024,period
doc_04,01 January 2021 Ð 31 December 2021 Monitoring report,official,2024,create
doc_04,01 January 2021 Ð 31 December 2021 Monitoring report,official,2024,mechanism
doc_04,01 January 2021 Ð 31 December 2021 Monitoring report,official,2024,sustainable
doc_04,01 January 2021 Ð 31 December 2021 Monitoring report,official,2024,revenue
doc_04,01 January 2021 Ð 31 December 2021 Monitoring report,official,2024,stream
doc_04,01 January 2021 Ð 31 December 2021 Monitoring report,official,2024,build
doc_04,01 January 2021 Ð 31 December 2021 Monitoring report,official,2024,time
doc_04,01 January 2021 Ð 31 December 2021 Monitoring report,official,2024,subsequently
doc_04,01 January 2021 Ð 31 December 2021 Monitoring report,official,2024,participate
doc_04,01 January 2021 Ð 31 December 2021 Monitoring report,official,2024,visibility
doc_04,01 January 2021 Ð 31 December 2021 Monitoring report,official,2024,fund
doc_04,01 January 2021 Ð 31 December 2021 Monitoring report,official,2024,pia
doc_04,01 January 2021 Ð 31 December 2021 Monitoring report,official,2024,socialize
doc_04,01 January 2021 Ð 31 December 2021 Monitoring report,official,2024,threestage
doc_04,01 January 2021 Ð 31 December 2021 Monitoring report,official,2024,process
doc_04,01 January 2021 Ð 31 December 2021 Monitoring report,official,2024,stage
doc_04,01 January 2021 Ð 31 December 2021 Monitoring report,official,2024,consultation
doc_04,01 January 2021 Ð 31 December 2021 Monitoring report,official,2024,process
doc_04,01 January 2021 Ð 31 December 2021 Monitoring report,official,2024,hold
doc_04,01 January 2021 Ð 31 December 2021 Monitoring report,official,2024,central
doc_04,01 January 2021 Ð 31 December 2021 Monitoring report,official,2024,briefing
doc_04,01 January 2021 Ð 31 December 2021 Monitoring report,official,2024,conservancys
doc_04,01 January 2021 Ð 31 December 2021 Monitoring report,official,2024,elect
doc_04,01 January 2021 Ð 31 December 2021 Monitoring report,official,2024,board
doc_04,01 January 2021 Ð 31 December 2021 Monitoring report,official,2024,chair
doc_04,01 January 2021 Ð 31 December 2021 Monitoring report,official,2024,appoint
doc_04,01 January 2021 Ð 31 December 2021 Monitoring report,official,2024,manager
doc_04,01 January 2021 Ð 31 December 2021 Monitoring report,official,2024,elect
doc_04,01 January 2021 Ð 31 December 2021 Monitoring report,official,2024,graze
doc_04,01 January 2021 Ð 31 December 2021 Monitoring report,official,2024,committee
doc_04,01 January 2021 Ð 31 December 2021 Monitoring report,official,2024,chair
doc_04,01 January 2021 Ð 31 December 2021 Monitoring report,official,2024,coordinator
doc_04,01 January 2021 Ð 31 December 2021 Monitoring report,official,2024,briefing
doc_04,01 January 2021 Ð 31 December 2021 Monitoring report,official,2024,propose
doc_04,01 January 2021 Ð 31 December 2021 Monitoring report,official,2024,agreement
doc_04,01 January 2021 Ð 31 December 2021 Monitoring report,official,2024,english
doc_04,01 January 2021 Ð 31 December 2021 Monitoring report,official,2024,swahili
doc_04,01 January 2021 Ð 31 December 2021 Monitoring report,official,2024,translate
doc_04,01 January 2021 Ð 31 December 2021 Monitoring report,official,2024,local
doc_04,01 January 2021 Ð 31 December 2021 Monitoring report,official,2024,language
doc_04,01 January 2021 Ð 31 December 2021 Monitoring report,official,2024,access
doc_04,01 January 2021 Ð 31 December 2021 Monitoring report,official,2024,legal
doc_04,01 January 2021 Ð 31 December 2021 Monitoring report,official,2024,advice
doc_04,01 January 2021 Ð 31 December 2021 Monitoring report,official,2024,legal
doc_04,01 January 2021 Ð 31 December 2021 Monitoring report,official,2024,advocate
doc_04,01 January 2021 Ð 31 December 2021 Monitoring report,official,2024,draft
doc_04,01 January 2021 Ð 31 December 2021 Monitoring report,official,2024,agreement
doc_04,01 January 2021 Ð 31 December 2021 Monitoring report,official,2024,line
doc_04,01 January 2021 Ð 31 December 2021 Monitoring report,official,2024,line
doc_04,01 January 2021 Ð 31 December 2021 Monitoring report,official,2024,english
doc_04,01 January 2021 Ð 31 December 2021 Monitoring report,official,2024,swahili
doc_04,01 January 2021 Ð 31 December 2021 Monitoring report,official,2024,local
doc_04,01 January 2021 Ð 31 December 2021 Monitoring report,official,2024,language
doc_04,01 January 2021 Ð 31 December 2021 Monitoring report,official,2024,legal
doc_04,01 January 2021 Ð 31 December 2021 Monitoring report,official,2024,advocate
doc_04,01 January 2021 Ð 31 December 2021 Monitoring report,official,2024,briefing
doc_04,01 January 2021 Ð 31 December 2021 Monitoring report,official,2024,initial
doc_04,01 January 2021 Ð 31 December 2021 Monitoring report,official,2024,stage
doc_04,01 January 2021 Ð 31 December 2021 Monitoring report,official,2024,advice
doc_04,01 January 2021 Ð 31 December 2021 Monitoring report,official,2024,answer
doc_04,01 January 2021 Ð 31 December 2021 Monitoring report,official,2024,query
doc_04,01 January 2021 Ð 31 December 2021 Monitoring report,official,2024,raise
doc_04,01 January 2021 Ð 31 December 2021 Monitoring report,official,2024,agreement
doc_04,01 January 2021 Ð 31 December 2021 Monitoring report,official,2024,stage
doc_04,01 January 2021 Ð 31 December 2021 Monitoring report,official,2024,respective
doc_04,01 January 2021 Ð 31 December 2021 Monitoring report,official,2024,board
doc_04,01 January 2021 Ð 31 December 2021 Monitoring report,official,2024,graze
doc_04,01 January 2021 Ð 31 December 2021 Monitoring report,official,2024,committee
doc_04,01 January 2021 Ð 31 December 2021 Monitoring report,official,2024,follow
doc_04,01 January 2021 Ð 31 December 2021 Monitoring report,official,2024,special
doc_04,01 January 2021 Ð 31 December 2021 Monitoring report,official,2024,agm
doc_04,01 January 2021 Ð 31 December 2021 Monitoring report,official,2024,hold
doc_04,01 January 2021 Ð 31 December 2021 Monitoring report,official,2024,village
doc_04,01 January 2021 Ð 31 December 2021 Monitoring report,official,2024,zonal
doc_04,01 January 2021 Ð 31 December 2021 Monitoring report,official,2024,level
doc_04,01 January 2021 Ð 31 December 2021 Monitoring report,official,2024,inform
doc_04,01 January 2021 Ð 31 December 2021 Monitoring report,official,2024,wide
doc_04,01 January 2021 Ð 31 December 2021 Monitoring report,official,2024,ensure
doc_04,01 January 2021 Ð 31 December 2021 Monitoring report,official,2024,consensus
doc_04,01 January 2021 Ð 31 December 2021 Monitoring report,official,2024,continue
doc_04,01 January 2021 Ð 31 December 2021 Monitoring report,official,2024,participate
doc_04,01 January 2021 Ð 31 December 2021 Monitoring report,official,2024,meeting
doc_04,01 January 2021 Ð 31 December 2021 Monitoring report,official,2024,extensively
doc_04,01 January 2021 Ð 31 December 2021 Monitoring report,official,2024,document
doc_04,01 January 2021 Ð 31 December 2021 Monitoring report,official,2024,write
doc_04,01 January 2021 Ð 31 December 2021 Monitoring report,official,2024,minute
doc_04,01 January 2021 Ð 31 December 2021 Monitoring report,official,2024,visually
doc_04,01 January 2021 Ð 31 December 2021 Monitoring report,official,2024,record
doc_04,01 January 2021 Ð 31 December 2021 Monitoring report,official,2024,photograph
doc_04,01 January 2021 Ð 31 December 2021 Monitoring report,official,2024,film
doc_04,01 January 2021 Ð 31 December 2021 Monitoring report,official,2024,special
doc_04,01 January 2021 Ð 31 December 2021 Monitoring report,official,2024,agm
doc_04,01 January 2021 Ð 31 December 2021 Monitoring report,official,2024,hold
doc_04,01 January 2021 Ð 31 December 2021 Monitoring report,official,2024,village
doc_04,01 January 2021 Ð 31 December 2021 Monitoring report,official,2024,zonal
doc_04,01 January 2021 Ð 31 December 2021 Monitoring report,official,2024,level
doc_04,01 January 2021 Ð 31 December 2021 Monitoring report,official,2024,socialize
doc_04,01 January 2021 Ð 31 December 2021 Monitoring report,official,2024,specific
doc_04,01 January 2021 Ð 31 December 2021 Monitoring report,official,2024,information
doc_04,01 January 2021 Ð 31 December 2021 Monitoring report,official,2024,discuss
doc_04,01 January 2021 Ð 31 December 2021 Monitoring report,official,2024,agreement
doc_04,01 January 2021 Ð 31 December 2021 Monitoring report,official,2024,provide
doc_04,01 January 2021 Ð 31 December 2021 Monitoring report,official,2024,direct
doc_04,01 January 2021 Ð 31 December 2021 Monitoring report,official,2024,feedback
doc_04,01 January 2021 Ð 31 December 2021 Monitoring report,official,2024,board
doc_04,01 January 2021 Ð 31 December 2021 Monitoring report,official,2024,graze
doc_04,01 January 2021 Ð 31 December 2021 Monitoring report,official,2024,committee
doc_04,01 January 2021 Ð 31 December 2021 Monitoring report,official,2024,representative
doc_04,01 January 2021 Ð 31 December 2021 Monitoring report,official,2024,minute
doc_04,01 January 2021 Ð 31 December 2021 Monitoring report,official,2024,provide
doc_04,01 January 2021 Ð 31 December 2021 Monitoring report,official,2024,vvb
doc_04,01 January 2021 Ð 31 December 2021 Monitoring report,official,2024,villagezonal
doc_04,01 January 2021 Ð 31 December 2021 Monitoring report,official,2024,meeting
doc_04,01 January 2021 Ð 31 December 2021 Monitoring report,official,2024,host
doc_04,01 January 2021 Ð 31 December 2021 Monitoring report,official,2024,special
doc_04,01 January 2021 Ð 31 December 2021 Monitoring report,official,2024,meeting
doc_04,01 January 2021 Ð 31 December 2021 Monitoring report,official,2024,agendum
doc_04,01 January 2021 Ð 31 December 2021 Monitoring report,official,2024,specific
doc_04,01 January 2021 Ð 31 December 2021 Monitoring report,official,2024,ensure
doc_04,01 January 2021 Ð 31 December 2021 Monitoring report,official,2024,communication
doc_04,01 January 2021 Ð 31 December 2021 Monitoring report,official,2024,message
doc_04,01 January 2021 Ð 31 December 2021 Monitoring report,official,2024,additionally
doc_04,01 January 2021 Ð 31 December 2021 Monitoring report,official,2024,host
doc_04,01 January 2021 Ð 31 December 2021 Monitoring report,official,2024,meeting
doc_04,01 January 2021 Ð 31 December 2021 Monitoring report,official,2024,locally
doc_04,01 January 2021 Ð 31 December 2021 Monitoring report,official,2024,zone
doc_04,01 January 2021 Ð 31 December 2021 Monitoring report,official,2024,coordinate
doc_04,01 January 2021 Ð 31 December 2021 Monitoring report,official,2024,conservancys
doc_04,01 January 2021 Ð 31 December 2021 Monitoring report,official,2024,manager
doc_04,01 January 2021 Ð 31 December 2021 Monitoring report,official,2024,board
doc_04,01 January 2021 Ð 31 December 2021 Monitoring report,official,2024,aim
doc_04,01 January 2021 Ð 31 December 2021 Monitoring report,official,2024,ensure
doc_04,01 January 2021 Ð 31 December 2021 Monitoring report,official,2024,level
doc_04,01 January 2021 Ð 31 December 2021 Monitoring report,official,2024,participation
doc_04,01 January 2021 Ð 31 December 2021 Monitoring report,official,2024,time
doc_04,01 January 2021 Ð 31 December 2021 Monitoring report,official,2024,base
doc_04,01 January 2021 Ð 31 December 2021 Monitoring report,official,2024,strong
doc_04,01 January 2021 Ð 31 December 2021 Monitoring report,official,2024,consensus
doc_04,01 January 2021 Ð 31 December 2021 Monitoring report,official,2024,time
doc_04,01 January 2021 Ð 31 December 2021 Monitoring report,official,2024,approve
doc_04,01 January 2021 Ð 31 December 2021 Monitoring report,official,2024,chairperson
doc_04,01 January 2021 Ð 31 December 2021 Monitoring report,official,2024,sign
doc_04,01 January 2021 Ð 31 December 2021 Monitoring report,official,2024,implementation
doc_04,01 January 2021 Ð 31 December 2021 Monitoring report,official,2024,agreement
doc_04,01 January 2021 Ð 31 December 2021 Monitoring report,official,2024,behalf
doc_04,01 January 2021 Ð 31 December 2021 Monitoring report,official,2024,stage
doc_04,01 January 2021 Ð 31 December 2021 Monitoring report,official,2024,chairperson
doc_04,01 January 2021 Ð 31 December 2021 Monitoring report,official,2024,chairperson
doc_04,01 January 2021 Ð 31 December 2021 Monitoring report,official,2024,follow
doc_04,01 January 2021 Ð 31 December 2021 Monitoring report,official,2024,subdivide
doc_04,01 January 2021 Ð 31 December 2021 Monitoring report,official,2024,unit
doc_04,01 January 2021 Ð 31 December 2021 Monitoring report,official,2024,naibunga
doc_04,01 January 2021 Ð 31 December 2021 Monitoring report,official,2024,namunyak
doc_04,01 January 2021 Ð 31 December 2021 Monitoring report,official,2024,donyiro
doc_04,01 January 2021 Ð 31 December 2021 Monitoring report,official,2024,meet
doc_04,01 January 2021 Ð 31 December 2021 Monitoring report,official,2024,june
doc_04,01 January 2021 Ð 31 December 2021 Monitoring report,official,2024,formally
doc_04,01 January 2021 Ð 31 December 2021 Monitoring report,official,2024,sign
doc_04,01 January 2021 Ð 31 December 2021 Monitoring report,official,2024,implementation
doc_04,01 January 2021 Ð 31 December 2021 Monitoring report,official,2024,agreement
doc_04,01 January 2021 Ð 31 December 2021 Monitoring report,official,2024,legal
doc_04,01 January 2021 Ð 31 December 2021 Monitoring report,official,2024,advocate
doc_04,01 January 2021 Ð 31 December 2021 Monitoring report,official,2024,request
doc_04,01 January 2021 Ð 31 December 2021 Monitoring report,official,2024,change
doc_04,01 January 2021 Ð 31 December 2021 Monitoring report,official,2024,base
doc_04,01 January 2021 Ð 31 December 2021 Monitoring report,official,2024,feedback
doc_04,01 January 2021 Ð 31 December 2021 Monitoring report,official,2024,draft
doc_04,01 January 2021 Ð 31 December 2021 Monitoring report,official,2024,agreement
doc_04,01 January 2021 Ð 31 December 2021 Monitoring report,official,2024,prior
doc_04,01 January 2021 Ð 31 December 2021 Monitoring report,official,2024,sign
doc_04,01 January 2021 Ð 31 December 2021 Monitoring report,official,2024,note
doc_04,01 January 2021 Ð 31 December 2021 Monitoring report,official,2024,hard
doc_04,01 January 2021 Ð 31 December 2021 Monitoring report,official,2024,copy
doc_04,01 January 2021 Ð 31 December 2021 Monitoring report,official,2024,pia
doc_04,01 January 2021 Ð 31 December 2021 Monitoring report,official,2024,sign
doc_04,01 January 2021 Ð 31 December 2021 Monitoring report,official,2024,understand
doc_04,01 January 2021 Ð 31 December 2021 Monitoring report,official,2024,provide
doc_04,01 January 2021 Ð 31 December 2021 Monitoring report,official,2024,soft
doc_04,01 January 2021 Ð 31 December 2021 Monitoring report,official,2024,copy
doc_04,01 January 2021 Ð 31 December 2021 Monitoring report,official,2024,email
doc_04,01 January 2021 Ð 31 December 2021 Monitoring report,official,2024,team
doc_04,01 January 2021 Ð 31 December 2021 Monitoring report,official,2024,support
doc_04,01 January 2021 Ð 31 December 2021 Monitoring report,official,2024,documentation
doc_04,01 January 2021 Ð 31 December 2021 Monitoring report,official,2024,engagement
doc_04,01 January 2021 Ð 31 December 2021 Monitoring report,official,2024,agreement
doc_04,01 January 2021 Ð 31 December 2021 Monitoring report,official,2024,provide
doc_04,01 January 2021 Ð 31 December 2021 Monitoring report,official,2024,vvb
doc_04,01 January 2021 Ð 31 December 2021 Monitoring report,official,2024,review
doc_04,01 January 2021 Ð 31 December 2021 Monitoring report,official,2024,governance
doc_04,01 January 2021 Ð 31 December 2021 Monitoring report,official,2024,implementation
doc_04,01 January 2021 Ð 31 December 2021 Monitoring report,official,2024,structure
doc_04,01 January 2021 Ð 31 December 2021 Monitoring report,official,2024,ccb
doc_04,01 January 2021 Ð 31 December 2021 Monitoring report,official,2024,governance
doc_04,01 January 2021 Ð 31 December 2021 Monitoring report,official,2024,structure
doc_04,01 January 2021 Ð 31 December 2021 Monitoring report,official,2024,link
doc_04,01 January 2021 Ð 31 December 2021 Monitoring report,official,2024,leader
doc_04,01 January 2021 Ð 31 December 2021 Monitoring report,official,2024,graze
doc_04,01 January 2021 Ð 31 December 2021 Monitoring report,official,2024,committee
doc_04,01 January 2021 Ð 31 December 2021 Monitoring report,official,2024,public
doc_04,01 January 2021 Ð 31 December 2021 Monitoring report,official,2024,hearing
doc_04,01 January 2021 Ð 31 December 2021 Monitoring report,official,2024,household
doc_04,01 January 2021 Ð 31 December 2021 Monitoring report,official,2024,livestock
doc_04,01 January 2021 Ð 31 December 2021 Monitoring report,official,2024,woman
doc_04,01 January 2021 Ð 31 December 2021 Monitoring report,official,2024,underrepresent
doc_04,01 January 2021 Ð 31 December 2021 Monitoring report,official,2024,participate
doc_04,01 January 2021 Ð 31 December 2021 Monitoring report,official,2024,formation
doc_04,01 January 2021 Ð 31 December 2021 Monitoring report,official,2024,graze
doc_04,01 January 2021 Ð 31 December 2021 Monitoring report,official,2024,plan
doc_04,01 January 2021 Ð 31 December 2021 Monitoring report,official,2024,activity
doc_04,01 January 2021 Ð 31 December 2021 Monitoring report,official,2024,participation
doc_04,01 January 2021 Ð 31 December 2021 Monitoring report,official,2024,facilitate
doc_04,01 January 2021 Ð 31 December 2021 Monitoring report,official,2024,leader
doc_04,01 January 2021 Ð 31 December 2021 Monitoring report,official,2024,seek
doc_04,01 January 2021 Ð 31 December 2021 Monitoring report,official,2024,invite
doc_04,01 January 2021 Ð 31 December 2021 Monitoring report,official,2024,smallholder
doc_04,01 January 2021 Ð 31 December 2021 Monitoring report,official,2024,woman
doc_04,01 January 2021 Ð 31 December 2021 Monitoring report,official,2024,minority
doc_04,01 January 2021 Ð 31 December 2021 Monitoring report,official,2024,committee
doc_04,01 January 2021 Ð 31 December 2021 Monitoring report,official,2024,meeting
doc_04,01 January 2021 Ð 31 December 2021 Monitoring report,official,2024,smallholderscommunity
doc_04,01 January 2021 Ð 31 December 2021 Monitoring report,official,2024,capacity
doc_04,01 January 2021 Ð 31 December 2021 Monitoring report,official,2024,development
doc_04,01 January 2021 Ð 31 December 2021 Monitoring report,official,2024,ccb
doc_04,01 January 2021 Ð 31 December 2021 Monitoring report,official,2024,build
doc_04,01 January 2021 Ð 31 December 2021 Monitoring report,official,2024,capacity
doc_04,01 January 2021 Ð 31 December 2021 Monitoring report,official,2024,smallholder
doc_04,01 January 2021 Ð 31 December 2021 Monitoring report,official,2024,woman
doc_04,01 January 2021 Ð 31 December 2021 Monitoring report,official,2024,minority
doc_04,01 January 2021 Ð 31 December 2021 Monitoring report,official,2024,participate
doc_04,01 January 2021 Ð 31 December 2021 Monitoring report,official,2024,monitor
doc_04,01 January 2021 Ð 31 December 2021 Monitoring report,official,2024,period
doc_04,01 January 2021 Ð 31 December 2021 Monitoring report,official,2024,family
doc_04,01 January 2021 Ð 31 December 2021 Monitoring report,official,2024,provide
doc_04,01 January 2021 Ð 31 December 2021 Monitoring report,official,2024,personnel
doc_04,01 January 2021 Ð 31 December 2021 Monitoring report,official,2024,projectrelated
doc_04,01 January 2021 Ð 31 December 2021 Monitoring report,official,2024,employment
doc_04,01 January 2021 Ð 31 December 2021 Monitoring report,official,2024,include
doc_04,01 January 2021 Ð 31 December 2021 Monitoring report,official,2024,game
doc_04,01 January 2021 Ð 31 December 2021 Monitoring report,official,2024,scout
doc_04,01 January 2021 Ð 31 December 2021 Monitoring report,official,2024,soil
doc_04,01 January 2021 Ð 31 December 2021 Monitoring report,official,2024,vegetation
doc_04,01 January 2021 Ð 31 December 2021 Monitoring report,official,2024,surveyor
doc_04,01 January 2021 Ð 31 December 2021 Monitoring report,official,2024,social
doc_04,01 January 2021 Ð 31 December 2021 Monitoring report,official,2024,surveyor
doc_04,01 January 2021 Ð 31 December 2021 Monitoring report,official,2024,livestock
doc_04,01 January 2021 Ð 31 December 2021 Monitoring report,official,2024,herd
doc_04,01 January 2021 Ð 31 December 2021 Monitoring report,official,2024,continue
doc_04,01 January 2021 Ð 31 December 2021 Monitoring report,official,2024,employ
doc_04,01 January 2021 Ð 31 December 2021 Monitoring report,official,2024,monitor
doc_04,01 January 2021 Ð 31 December 2021 Monitoring report,official,2024,period
doc_04,01 January 2021 Ð 31 December 2021 Monitoring report,official,2024,processor
doc_04,01 January 2021 Ð 31 December 2021 Monitoring report,official,2024,vegetation
doc_04,01 January 2021 Ð 31 December 2021 Monitoring report,official,2024,wildlife
doc_04,01 January 2021 Ð 31 December 2021 Monitoring report,official,2024,social
doc_04,01 January 2021 Ð 31 December 2021 Monitoring report,official,2024,datum
doc_04,01 January 2021 Ð 31 December 2021 Monitoring report,official,2024,education
doc_04,01 January 2021 Ð 31 December 2021 Monitoring report,official,2024,effort
doc_04,01 January 2021 Ð 31 December 2021 Monitoring report,official,2024,graze
doc_04,01 January 2021 Ð 31 December 2021 Monitoring report,official,2024,coordinator
doc_04,01 January 2021 Ð 31 December 2021 Monitoring report,official,2024,sftf
doc_04,01 January 2021 Ð 31 December 2021 Monitoring report,official,2024,personnel
doc_04,01 January 2021 Ð 31 December 2021 Monitoring report,official,2024,provide
doc_04,01 January 2021 Ð 31 December 2021 Monitoring report,official,2024,woman
doc_04,01 January 2021 Ð 31 December 2021 Monitoring report,official,2024,child
doc_04,01 January 2021 Ð 31 December 2021 Monitoring report,official,2024,kalama
doc_04,01 January 2021 Ð 31 December 2021 Monitoring report,official,2024,westgate
doc_04,01 January 2021 Ð 31 December 2021 Monitoring report,official,2024,meibae
doc_04,01 January 2021 Ð 31 December 2021 Monitoring report,official,2024,naibunga
doc_04,01 January 2021 Ð 31 December 2021 Monitoring report,official,2024,melako
doc_04,01 January 2021 Ð 31 December 2021 Monitoring report,official,2024,additional
doc_04,01 January 2021 Ð 31 December 2021 Monitoring report,official,2024,education
doc_04,01 January 2021 Ð 31 December 2021 Monitoring report,official,2024,effort
doc_04,01 January 2021 Ð 31 December 2021 Monitoring report,official,2024,provide
doc_04,01 January 2021 Ð 31 December 2021 Monitoring report,official,2024,woman
doc_04,01 January 2021 Ð 31 December 2021 Monitoring report,official,2024,child
doc_04,01 January 2021 Ð 31 December 2021 Monitoring report,official,2024,multiple
doc_04,01 January 2021 Ð 31 December 2021 Monitoring report,official,2024,graze
doc_04,01 January 2021 Ð 31 December 2021 Monitoring report,official,2024,coordinator
doc_04,01 January 2021 Ð 31 December 2021 Monitoring report,official,2024,personnel
doc_05,2017 Ð 2020 Monitoring report,official,2023,net
doc_05,2017 Ð 2020 Monitoring report,official,2023,positive
doc_05,2017 Ð 2020 Monitoring report,official,2023,impact
doc_05,2017 Ð 2020 Monitoring report,official,2023,impact
doc_05,2017 Ð 2020 Monitoring report,official,2023,provide
doc_05,2017 Ð 2020 Monitoring report,official,2023,substantial
doc_05,2017 Ð 2020 Monitoring report,official,2023,economic
doc_05,2017 Ð 2020 Monitoring report,official,2023,benefit
doc_05,2017 Ð 2020 Monitoring report,official,2023,household
doc_05,2017 Ð 2020 Monitoring report,official,2023,measure
doc_05,2017 Ð 2020 Monitoring report,official,2023,social
doc_05,2017 Ð 2020 Monitoring report,official,2023,comms
doc_05,2017 Ð 2020 Monitoring report,official,2023,survey
doc_05,2017 Ð 2020 Monitoring report,official,2023,household
doc_05,2017 Ð 2020 Monitoring report,official,2023,baseline
doc_05,2017 Ð 2020 Monitoring report,official,2023,survey
doc_05,2017 Ð 2020 Monitoring report,official,2023,proportion
doc_05,2017 Ð 2020 Monitoring report,official,2023,household
doc_05,2017 Ð 2020 Monitoring report,official,2023,increase
doc_05,2017 Ð 2020 Monitoring report,official,2023,income
doc_05,2017 Ð 2020 Monitoring report,official,2023,previous
doc_05,2017 Ð 2020 Monitoring report,official,2023,ownership
doc_05,2017 Ð 2020 Monitoring report,official,2023,cattle
doc_05,2017 Ð 2020 Monitoring report,official,2023,low
doc_05,2017 Ð 2020 Monitoring report,official,2023,incidence
doc_05,2017 Ð 2020 Monitoring report,official,2023,illness
doc_05,2017 Ð 2020 Monitoring report,official,2023,climate
doc_05,2017 Ð 2020 Monitoring report,official,2023,change
doc_05,2017 Ð 2020 Monitoring report,official,2023,adaptation
doc_05,2017 Ð 2020 Monitoring report,official,2023,increase
doc_05,2017 Ð 2020 Monitoring report,official,2023,proportion
doc_05,2017 Ð 2020 Monitoring report,official,2023,household
doc_05,2017 Ð 2020 Monitoring report,official,2023,access
doc_05,2017 Ð 2020 Monitoring report,official,2023,milk
doc_05,2017 Ð 2020 Monitoring report,official,2023,increase
doc_05,2017 Ð 2020 Monitoring report,official,2023,time
doc_05,2017 Ð 2020 Monitoring report,official,2023,spend
doc_05,2017 Ð 2020 Monitoring report,official,2023,gather
doc_05,2017 Ð 2020 Monitoring report,official,2023,water
doc_05,2017 Ð 2020 Monitoring report,official,2023,decline
doc_05,2017 Ð 2020 Monitoring report,official,2023,socialcomms
doc_05,2017 Ð 2020 Monitoring report,official,2023,survey
doc_05,2017 Ð 2020 Monitoring report,official,2023,provide
doc_05,2017 Ð 2020 Monitoring report,official,2023,benefit
doc_05,2017 Ð 2020 Monitoring report,official,2023,woman
doc_05,2017 Ð 2020 Monitoring report,official,2023,womenled
doc_05,2017 Ð 2020 Monitoring report,official,2023,household
doc_05,2017 Ð 2020 Monitoring report,official,2023,survey
doc_05,2017 Ð 2020 Monitoring report,official,2023,increase
doc_05,2017 Ð 2020 Monitoring report,official,2023,income
doc_05,2017 Ð 2020 Monitoring report,official,2023,ownership
doc_05,2017 Ð 2020 Monitoring report,official,2023,cattle
doc_05,2017 Ð 2020 Monitoring report,official,2023,low
doc_05,2017 Ð 2020 Monitoring report,official,2023,incidence
doc_05,2017 Ð 2020 Monitoring report,official,2023,illness
doc_05,2017 Ð 2020 Monitoring report,official,2023,egative
doc_05,2017 Ð 2020 Monitoring report,official,2023,impact
doc_05,2017 Ð 2020 Monitoring report,official,2023,mitigation
doc_05,2017 Ð 2020 Monitoring report,official,2023,migration
doc_05,2017 Ð 2020 Monitoring report,official,2023,livestock
doc_05,2017 Ð 2020 Monitoring report,official,2023,increase
doc_05,2017 Ð 2020 Monitoring report,official,2023,rest
doc_05,2017 Ð 2020 Monitoring report,official,2023,expose
doc_05,2017 Ð 2020 Monitoring report,official,2023,herder
doc_05,2017 Ð 2020 Monitoring report,official,2023,encounter
doc_05,2017 Ð 2020 Monitoring report,official,2023,antagonistic
doc_05,2017 Ð 2020 Monitoring report,official,2023,ethnic
doc_05,2017 Ð 2020 Monitoring report,official,2023,livestock
doc_05,2017 Ð 2020 Monitoring report,official,2023,theft
doc_05,2017 Ð 2020 Monitoring report,official,2023,mitigation
doc_05,2017 Ð 2020 Monitoring report,official,2023,rapid
doc_05,2017 Ð 2020 Monitoring report,official,2023,response
doc_05,2017 Ð 2020 Monitoring report,official,2023,team
doc_05,2017 Ð 2020 Monitoring report,official,2023,anticipatory
doc_05,2017 Ð 2020 Monitoring report,official,2023,share
doc_05,2017 Ð 2020 Monitoring report,official,2023,graze
doc_05,2017 Ð 2020 Monitoring report,official,2023,agreement
doc_05,2017 Ð 2020 Monitoring report,official,2023,peace
doc_05,2017 Ð 2020 Monitoring report,official,2023,meeting
doc_05,2017 Ð 2020 Monitoring report,official,2023,regional
doc_05,2017 Ð 2020 Monitoring report,official,2023,graze
doc_05,2017 Ð 2020 Monitoring report,official,2023,plan
doc_05,2017 Ð 2020 Monitoring report,official,2023,communication
doc_05,2017 Ð 2020 Monitoring report,official,2023,graze
doc_05,2017 Ð 2020 Monitoring report,official,2023,coordinator
doc_05,2017 Ð 2020 Monitoring report,official,2023,game
doc_05,2017 Ð 2020 Monitoring report,official,2023,scout
doc_05,2017 Ð 2020 Monitoring report,official,2023,facilitate
doc_05,2017 Ð 2020 Monitoring report,official,2023,conflict
doc_05,2017 Ð 2020 Monitoring report,official,2023,resolution
doc_05,2017 Ð 2020 Monitoring report,official,2023,family
doc_05,2017 Ð 2020 Monitoring report,official,2023,home
doc_05,2017 Ð 2020 Monitoring report,official,2023,time
doc_05,2017 Ð 2020 Monitoring report,official,2023,period
doc_05,2017 Ð 2020 Monitoring report,official,2023,mitigation
doc_05,2017 Ð 2020 Monitoring report,official,2023,herder
doc_05,2017 Ð 2020 Monitoring report,official,2023,home
doc_05,2017 Ð 2020 Monitoring report,official,2023,month
doc_05,2017 Ð 2020 Monitoring report,official,2023,response
doc_05,2017 Ð 2020 Monitoring report,official,2023,drought
doc_05,2017 Ð 2020 Monitoring report,official,2023,low
doc_05,2017 Ð 2020 Monitoring report,official,2023,forage
doc_05,2017 Ð 2020 Monitoring report,official,2023,availability
doc_05,2017 Ð 2020 Monitoring report,official,2023,proper
doc_05,2017 Ð 2020 Monitoring report,official,2023,management
doc_05,2017 Ð 2020 Monitoring report,official,2023,accompany
doc_05,2017 Ð 2020 Monitoring report,official,2023,recovery
doc_05,2017 Ð 2020 Monitoring report,official,2023,vegetation
doc_05,2017 Ð 2020 Monitoring report,official,2023,home
doc_05,2017 Ð 2020 Monitoring report,official,2023,increase
doc_05,2017 Ð 2020 Monitoring report,official,2023,time
doc_05,2017 Ð 2020 Monitoring report,official,2023,home
doc_05,2017 Ð 2020 Monitoring report,official,2023,revenue
doc_05,2017 Ð 2020 Monitoring report,official,2023,convert
doc_05,2017 Ð 2020 Monitoring report,official,2023,livestock
doc_05,2017 Ð 2020 Monitoring report,official,2023,create
doc_05,2017 Ð 2020 Monitoring report,official,2023,net
doc_05,2017 Ð 2020 Monitoring report,official,2023,positive
doc_05,2017 Ð 2020 Monitoring report,official,2023,benefit
doc_05,2017 Ð 2020 Monitoring report,official,2023,mitigation
doc_05,2017 Ð 2020 Monitoring report,official,2023,revenue
doc_05,2017 Ð 2020 Monitoring report,official,2023,distribution
doc_05,2017 Ð 2020 Monitoring report,official,2023,public
doc_05,2017 Ð 2020 Monitoring report,official,2023,decide
doc_05,2017 Ð 2020 Monitoring report,official,2023,meeting
doc_05,2017 Ð 2020 Monitoring report,official,2023,personal
doc_05,2017 Ð 2020 Monitoring report,official,2023,return
doc_05,2017 Ð 2020 Monitoring report,official,2023,cash
doc_05,2017 Ð 2020 Monitoring report,official,2023,capital
doc_05,2017 Ð 2020 Monitoring report,official,2023,buy
doc_05,2017 Ð 2020 Monitoring report,official,2023,livestock
doc_05,2017 Ð 2020 Monitoring report,official,2023,individual
doc_05,2017 Ð 2020 Monitoring report,official,2023,household
doc_05,2017 Ð 2020 Monitoring report,official,2023,benefit
doc_05,2017 Ð 2020 Monitoring report,official,2023,extend
doc_05,2017 Ð 2020 Monitoring report,official,2023,positive
doc_05,2017 Ð 2020 Monitoring report,official,2023,poor
doc_05,2017 Ð 2020 Monitoring report,official,2023,livestock
doc_05,2017 Ð 2020 Monitoring report,official,2023,woman
doc_05,2017 Ð 2020 Monitoring report,official,2023,head
doc_05,2017 Ð 2020 Monitoring report,official,2023,household
doc_05,2017 Ð 2020 Monitoring report,official,2023,herder
doc_05,2017 Ð 2020 Monitoring report,official,2023,morani
doc_05,2017 Ð 2020 Monitoring report,official,2023,woman
doc_05,2017 Ð 2020 Monitoring report,official,2023,poor
doc_05,2017 Ð 2020 Monitoring report,official,2023,household
doc_05,2017 Ð 2020 Monitoring report,official,2023,lack
doc_05,2017 Ð 2020 Monitoring report,official,2023,capital
doc_05,2017 Ð 2020 Monitoring report,official,2023,livestock
doc_05,2017 Ð 2020 Monitoring report,official,2023,education
doc_05,2017 Ð 2020 Monitoring report,official,2023,fund
doc_05,2017 Ð 2020 Monitoring report,official,2023,bursary
doc_05,2017 Ð 2020 Monitoring report,official,2023,employable
doc_05,2017 Ð 2020 Monitoring report,official,2023,benefit
doc_05,2017 Ð 2020 Monitoring report,official,2023,extend
doc_05,2017 Ð 2020 Monitoring report,official,2023,people
doc_05,2017 Ð 2020 Monitoring report,official,2023,multiple
doc_05,2017 Ð 2020 Monitoring report,official,2023,indigenous
doc_05,2017 Ð 2020 Monitoring report,official,2023,ethnic
doc_05,2017 Ð 2020 Monitoring report,official,2023,net
doc_05,2017 Ð 2020 Monitoring report,official,2023,positive
doc_05,2017 Ð 2020 Monitoring report,official,2023,wellbeing
doc_05,2017 Ð 2020 Monitoring report,official,2023,introduce
doc_05,2017 Ð 2020 Monitoring report,official,2023,multiple
doc_05,2017 Ð 2020 Monitoring report,official,2023,positive
doc_05,2017 Ð 2020 Monitoring report,official,2023,benefit
doc_05,2017 Ð 2020 Monitoring report,official,2023,insufficient
doc_05,2017 Ð 2020 Monitoring report,official,2023,time
doc_05,2017 Ð 2020 Monitoring report,official,2023,pass
doc_05,2017 Ð 2020 Monitoring report,official,2023,start
doc_05,2017 Ð 2020 Monitoring report,official,2023,current
doc_05,2017 Ð 2020 Monitoring report,official,2023,period
doc_05,2017 Ð 2020 Monitoring report,official,2023,benefit
doc_05,2017 Ð 2020 Monitoring report,official,2023,realize
doc_05,2017 Ð 2020 Monitoring report,official,2023,positive
doc_05,2017 Ð 2020 Monitoring report,official,2023,indicator
doc_05,2017 Ð 2020 Monitoring report,official,2023,key
doc_05,2017 Ð 2020 Monitoring report,official,2023,population
doc_05,2017 Ð 2020 Monitoring report,official,2023,segment
doc_05,2017 Ð 2020 Monitoring report,official,2023,exceptional
doc_05,2017 Ð 2020 Monitoring report,official,2023,benefit
doc_05,2017 Ð 2020 Monitoring report,official,2023,livestock
doc_05,2017 Ð 2020 Monitoring report,official,2023,ownership
doc_05,2017 Ð 2020 Monitoring report,official,2023,provide
doc_05,2017 Ð 2020 Monitoring report,official,2023,metric
doc_05,2017 Ð 2020 Monitoring report,official,2023,poor
doc_05,2017 Ð 2020 Monitoring report,official,2023,people
doc_05,2017 Ð 2020 Monitoring report,official,2023,household
doc_05,2017 Ð 2020 Monitoring report,official,2023,survey
doc_05,2017 Ð 2020 Monitoring report,official,2023,identify
doc_05,2017 Ð 2020 Monitoring report,official,2023,opinion
doc_05,2017 Ð 2020 Monitoring report,official,2023,woman
doc_05,2017 Ð 2020 Monitoring report,official,2023,include
doc_05,2017 Ð 2020 Monitoring report,official,2023,household
doc_05,2017 Ð 2020 Monitoring report,official,2023,female
doc_05,2017 Ð 2020 Monitoring report,official,2023,head
doc_05,2017 Ð 2020 Monitoring report,official,2023,benefit
doc_05,2017 Ð 2020 Monitoring report,official,2023,class
doc_05,2017 Ð 2020 Monitoring report,official,2023,affect
doc_05,2017 Ð 2020 Monitoring report,official,2023,livelihood
doc_05,2017 Ð 2020 Monitoring report,official,2023,health
doc_05,2017 Ð 2020 Monitoring report,official,2023,ability
doc_05,2017 Ð 2020 Monitoring report,official,2023,adapt
doc_05,2017 Ð 2020 Monitoring report,official,2023,climate
doc_05,2017 Ð 2020 Monitoring report,official,2023,change
doc_05,2017 Ð 2020 Monitoring report,official,2023,household
doc_05,2017 Ð 2020 Monitoring report,official,2023,survey
doc_05,2017 Ð 2020 Monitoring report,official,2023,question
doc_05,2017 Ð 2020 Monitoring report,official,2023,frame
doc_05,2017 Ð 2020 Monitoring report,official,2023,term
doc_05,2017 Ð 2020 Monitoring report,official,2023,choice
doc_05,2017 Ð 2020 Monitoring report,official,2023,alternative
doc_05,2017 Ð 2020 Monitoring report,official,2023,respondent
doc_05,2017 Ð 2020 Monitoring report,official,2023,choose
doc_05,2017 Ð 2020 Monitoring report,official,2023,datum
doc_05,2017 Ð 2020 Monitoring report,official,2023,analyze
doc_05,2017 Ð 2020 Monitoring report,official,2023,accord
doc_05,2017 Ð 2020 Monitoring report,official,2023,proportion
doc_05,2017 Ð 2020 Monitoring report,official,2023,household
doc_05,2017 Ð 2020 Monitoring report,official,2023,choose
doc_05,2017 Ð 2020 Monitoring report,official,2023,response
doc_05,2017 Ð 2020 Monitoring report,official,2023,specific
doc_05,2017 Ð 2020 Monitoring report,official,2023,question
doc_05,2017 Ð 2020 Monitoring report,official,2023,livelihood
doc_05,2017 Ð 2020 Monitoring report,official,2023,indicator
doc_05,2017 Ð 2020 Monitoring report,official,2023,proportion
doc_05,2017 Ð 2020 Monitoring report,official,2023,household
doc_05,2017 Ð 2020 Monitoring report,official,2023,increase
doc_05,2017 Ð 2020 Monitoring report,official,2023,income
doc_05,2017 Ð 2020 Monitoring report,official,2023,past
doc_05,2017 Ð 2020 Monitoring report,official,2023,cattle
doc_05,2017 Ð 2020 Monitoring report,official,2023,health
doc_05,2017 Ð 2020 Monitoring report,official,2023,indicator
doc_05,2017 Ð 2020 Monitoring report,official,2023,proportion
doc_05,2017 Ð 2020 Monitoring report,official,2023,household
doc_05,2017 Ð 2020 Monitoring report,official,2023,adult
doc_05,2017 Ð 2020 Monitoring report,official,2023,child
doc_05,2017 Ð 2020 Monitoring report,official,2023,sick
doc_05,2017 Ð 2020 Monitoring report,official,2023,past
doc_05,2017 Ð 2020 Monitoring report,official,2023,month
doc_05,2017 Ð 2020 Monitoring report,official,2023,adaptation
doc_05,2017 Ð 2020 Monitoring report,official,2023,indicator
doc_05,2017 Ð 2020 Monitoring report,official,2023,proportion
doc_05,2017 Ð 2020 Monitoring report,official,2023,household
doc_05,2017 Ð 2020 Monitoring report,official,2023,graze
doc_05,2017 Ð 2020 Monitoring report,official,2023,program
doc_05,2017 Ð 2020 Monitoring report,official,2023,helpful
doc_05,2017 Ð 2020 Monitoring report,official,2023,judge
doc_05,2017 Ð 2020 Monitoring report,official,2023,quality
doc_05,2017 Ð 2020 Monitoring report,official,2023,graze
doc_05,2017 Ð 2020 Monitoring report,official,2023,land
doc_05,2017 Ð 2020 Monitoring report,official,2023,drink
doc_05,2017 Ð 2020 Monitoring report,official,2023,milk
doc_05,2017 Ð 2020 Monitoring report,official,2023,previous
doc_05,2017 Ð 2020 Monitoring report,official,2023,day
doc_05,2017 Ð 2020 Monitoring report,official,2023,security
doc_05,2017 Ð 2020 Monitoring report,official,2023,improve
doc_05,2017 Ð 2020 Monitoring report,official,2023,versus
doc_05,2017 Ð 2020 Monitoring report,official,2023,stay
doc_05,2017 Ð 2020 Monitoring report,official,2023,worsen
doc_05,2017 Ð 2020 Monitoring report,official,2023,spend
doc_05,2017 Ð 2020 Monitoring report,official,2023,hoursday
doc_05,2017 Ð 2020 Monitoring report,official,2023,gather
doc_05,2017 Ð 2020 Monitoring report,official,2023,water
doc_05,2017 Ð 2020 Monitoring report,official,2023,assessment
doc_05,2017 Ð 2020 Monitoring report,official,2023,base
doc_05,2017 Ð 2020 Monitoring report,official,2023,household
doc_05,2017 Ð 2020 Monitoring report,official,2023,interview
doc_05,2017 Ð 2020 Monitoring report,official,2023,household
doc_05,2017 Ð 2020 Monitoring report,official,2023,baseline
doc_05,2017 Ð 2020 Monitoring report,official,2023,household
doc_05,2017 Ð 2020 Monitoring report,official,2023,result
doc_05,2017 Ð 2020 Monitoring report,official,2023,overwhelmingly
doc_05,2017 Ð 2020 Monitoring report,official,2023,household
doc_05,2017 Ð 2020 Monitoring report,official,2023,activity
doc_05,2017 Ð 2020 Monitoring report,official,2023,associate
doc_05,2017 Ð 2020 Monitoring report,official,2023,dramatic
doc_05,2017 Ð 2020 Monitoring report,official,2023,improvement
doc_05,2017 Ð 2020 Monitoring report,official,2023,class
doc_05,2017 Ð 2020 Monitoring report,official,2023,benefit
doc_05,2017 Ð 2020 Monitoring report,official,2023,benefit
doc_05,2017 Ð 2020 Monitoring report,official,2023,woman
doc_05,2017 Ð 2020 Monitoring report,official,2023,support
doc_05,2017 Ð 2020 Monitoring report,official,2023,idea
doc_05,2017 Ð 2020 Monitoring report,official,2023,woman
doc_05,2017 Ð 2020 Monitoring report,official,2023,benefit
doc_05,2017 Ð 2020 Monitoring report,official,2023,multiple
doc_05,2017 Ð 2020 Monitoring report,official,2023,activity
doc_05,2017 Ð 2020 Monitoring report,official,2023,strikingly
doc_05,2017 Ð 2020 Monitoring report,official,2023,femaleled
doc_05,2017 Ð 2020 Monitoring report,official,2023,household
doc_05,2017 Ð 2020 Monitoring report,official,2023,increase
doc_05,2017 Ð 2020 Monitoring report,official,2023,family
doc_05,2017 Ð 2020 Monitoring report,official,2023,income
doc_05,2017 Ð 2020 Monitoring report,official,2023,frequently
doc_05,2017 Ð 2020 Monitoring report,official,2023,perceive
doc_05,2017 Ð 2020 Monitoring report,official,2023,graze
doc_05,2017 Ð 2020 Monitoring report,official,2023,land
doc_05,2017 Ð 2020 Monitoring report,official,2023,perceive
doc_05,2017 Ð 2020 Monitoring report,official,2023,improve
doc_05,2017 Ð 2020 Monitoring report,official,2023,security
doc_05,2017 Ð 2020 Monitoring report,official,2023,relative
doc_05,2017 Ð 2020 Monitoring report,official,2023,household
doc_05,2017 Ð 2020 Monitoring report,official,2023,baseline
doc_05,2017 Ð 2020 Monitoring report,official,2023,condition
doc_05,2017 Ð 2020 Monitoring report,official,2023,interestingly
doc_05,2017 Ð 2020 Monitoring report,official,2023,demonstrate
doc_05,2017 Ð 2020 Monitoring report,official,2023,increase
doc_05,2017 Ð 2020 Monitoring report,official,2023,perceive
doc_05,2017 Ð 2020 Monitoring report,official,2023,security
doc_05,2017 Ð 2020 Monitoring report,official,2023,menled
doc_05,2017 Ð 2020 Monitoring report,official,2023,household
doc_05,2017 Ð 2020 Monitoring report,official,2023,experience
doc_05,2017 Ð 2020 Monitoring report,official,2023,sickness
doc_05,2017 Ð 2020 Monitoring report,official,2023,frequently
doc_05,2017 Ð 2020 Monitoring report,official,2023,increase
doc_05,2017 Ð 2020 Monitoring report,official,2023,perceive
doc_05,2017 Ð 2020 Monitoring report,official,2023,quality
doc_05,2017 Ð 2020 Monitoring report,official,2023,graze
doc_05,2017 Ð 2020 Monitoring report,official,2023,land
doc_05,2017 Ð 2020 Monitoring report,official,2023,access
doc_05,2017 Ð 2020 Monitoring report,official,2023,milk
doc_05,2017 Ð 2020 Monitoring report,official,2023,activity
doc_05,2017 Ð 2020 Monitoring report,official,2023,result
doc_05,2017 Ð 2020 Monitoring report,official,2023,highly
doc_05,2017 Ð 2020 Monitoring report,official,2023,consistent
doc_05,2017 Ð 2020 Monitoring report,official,2023,strong
doc_05,2017 Ð 2020 Monitoring report,official,2023,exceptional
doc_05,2017 Ð 2020 Monitoring report,official,2023,benefit
doc_05,2017 Ð 2020 Monitoring report,official,2023,woman
doc_05,2017 Ð 2020 Monitoring report,official,2023,ear
doc_05,2017 Ð 2020 Monitoring report,official,2023,history
doc_05,2017 Ð 2020 Monitoring report,official,2023,graze
doc_05,2017 Ð 2020 Monitoring report,official,2023,plan
doc_05,2017 Ð 2020 Monitoring report,official,2023,employ
doc_05,2017 Ð 2020 Monitoring report,official,2023,people
doc_05,2017 Ð 2020 Monitoring report,official,2023,total
doc_05,2017 Ð 2020 Monitoring report,official,2023,employ
doc_05,2017 Ð 2020 Monitoring report,official,2023,employee
doc_05,2017 Ð 2020 Monitoring report,official,2023,vulnerable
doc_05,2017 Ð 2020 Monitoring report,official,2023,baseline
doc_05,2017 Ð 2020 Monitoring report,official,2023,graze
doc_05,2017 Ð 2020 Monitoring report,official,2023,plan
doc_05,2017 Ð 2020 Monitoring report,official,2023,effect
doc_05,2017 Ð 2020 Monitoring report,official,2023,essentially
doc_05,2017 Ð 2020 Monitoring report,official,2023,difference
doc_05,2017 Ð 2020 Monitoring report,official,2023,employment
doc_05,2017 Ð 2020 Monitoring report,official,2023,woman
doc_05,2017 Ð 2020 Monitoring report,official,2023,baseline
doc_05,2017 Ð 2020 Monitoring report,official,2023,people
doc_05,2017 Ð 2020 Monitoring report,official,2023,baseline
doc_05,2017 Ð 2020 Monitoring report,official,2023,experience
doc_05,2017 Ð 2020 Monitoring report,official,2023,low
doc_05,2017 Ð 2020 Monitoring report,official,2023,income
doc_05,2017 Ð 2020 Monitoring report,official,2023,previous
doc_05,2017 Ð 2020 Monitoring report,official,2023,proportion
doc_05,2017 Ð 2020 Monitoring report,official,2023,household
doc_05,2017 Ð 2020 Monitoring report,official,2023,experience
doc_05,2017 Ð 2020 Monitoring report,official,2023,increase
doc_05,2017 Ð 2020 Monitoring report,official,2023,income
doc_05,2017 Ð 2020 Monitoring report,official,2023,feature
doc_05,2017 Ð 2020 Monitoring report,official,2023,significantly
doc_05,2017 Ð 2020 Monitoring report,official,2023,low
doc_05,2017 Ð 2020 Monitoring report,official,2023,proportion
doc_05,2017 Ð 2020 Monitoring report,official,2023,household
doc_05,2017 Ð 2020 Monitoring report,official,2023,security
doc_05,2017 Ð 2020 Monitoring report,official,2023,improve
doc_05,2017 Ð 2020 Monitoring report,official,2023,stay
doc_05,2017 Ð 2020 Monitoring report,official,2023,baseline
doc_05,2017 Ð 2020 Monitoring report,official,2023,household
doc_05,2017 Ð 2020 Monitoring report,official,2023,scenario
doc_05,2017 Ð 2020 Monitoring report,official,2023,drink
doc_05,2017 Ð 2020 Monitoring report,official,2023,milk
doc_05,2017 Ð 2020 Monitoring report,official,2023,frequency
doc_05,2017 Ð 2020 Monitoring report,official,2023,baseline
doc_05,2017 Ð 2020 Monitoring report,official,2023,scenario
doc_05,2017 Ð 2020 Monitoring report,official,2023,sick
doc_05,2017 Ð 2020 Monitoring report,official,2023,finally
doc_05,2017 Ð 2020 Monitoring report,official,2023,response
doc_05,2017 Ð 2020 Monitoring report,official,2023,plan
doc_05,2017 Ð 2020 Monitoring report,official,2023,graze
doc_05,2017 Ð 2020 Monitoring report,official,2023,overwhelmingly
doc_05,2017 Ð 2020 Monitoring report,official,2023,positive
doc_05,2017 Ð 2020 Monitoring report,official,2023,vast
doc_05,2017 Ð 2020 Monitoring report,official,2023,majority
doc_05,2017 Ð 2020 Monitoring report,official,2023,household
doc_05,2017 Ð 2020 Monitoring report,official,2023,conservancys
doc_05,2017 Ð 2020 Monitoring report,official,2023,graze
doc_05,2017 Ð 2020 Monitoring report,official,2023,plan
doc_05,2017 Ð 2020 Monitoring report,official,2023,helpful
doc_05,2017 Ð 2020 Monitoring report,official,2023,compare
doc_05,2017 Ð 2020 Monitoring report,official,2023,helpful
doc_05,2017 Ð 2020 Monitoring report,official,2023,helpful
doc_05,2017 Ð 2020 Monitoring report,official,2023,positivity
doc_05,2017 Ð 2020 Monitoring report,official,2023,express
doc_05,2017 Ð 2020 Monitoring report,official,2023,household
doc_05,2017 Ð 2020 Monitoring report,official,2023,woman
doc_05,2017 Ð 2020 Monitoring report,official,2023,head
doc_05,2017 Ð 2020 Monitoring report,official,2023,poor
doc_05,2017 Ð 2020 Monitoring report,official,2023,cattle
doc_05,2017 Ð 2020 Monitoring report,official,2023,owner
doc_05,2017 Ð 2020 Monitoring report,official,2023,owner
doc_05,2017 Ð 2020 Monitoring report,official,2023,livestock
doc_05,2017 Ð 2020 Monitoring report,official,2023,people
doc_05,2017 Ð 2020 Monitoring report,official,2023,history
doc_05,2017 Ð 2020 Monitoring report,official,2023,plan
doc_05,2017 Ð 2020 Monitoring report,official,2023,graze
doc_05,2017 Ð 2020 Monitoring report,official,2023,versus
doc_05,2017 Ð 2020 Monitoring report,official,2023,datum
doc_05,2017 Ð 2020 Monitoring report,official,2023,positive
doc_05,2017 Ð 2020 Monitoring report,official,2023,trend
doc_05,2017 Ð 2020 Monitoring report,official,2023,accompany
doc_05,2017 Ð 2020 Monitoring report,official,2023,onset
doc_05,2017 Ð 2020 Monitoring report,official,2023,activity
doc_05,2017 Ð 2020 Monitoring report,official,2023,future
doc_05,2017 Ð 2020 Monitoring report,official,2023,datum
doc_05,2017 Ð 2020 Monitoring report,official,2023,collect
doc_05,2017 Ð 2020 Monitoring report,official,2023,additional
doc_05,2017 Ð 2020 Monitoring report,official,2023,assignment
doc_05,2017 Ð 2020 Monitoring report,official,2023,effect
doc_05,2017 Ð 2020 Monitoring report,official,2023,result
doc_05,2017 Ð 2020 Monitoring report,official,2023,suggest
doc_05,2017 Ð 2020 Monitoring report,official,2023,activity
doc_05,2017 Ð 2020 Monitoring report,official,2023,provide
doc_05,2017 Ð 2020 Monitoring report,official,2023,social
doc_05,2017 Ð 2020 Monitoring report,official,2023,benefit
doc_05,2017 Ð 2020 Monitoring report,official,2023,resource
doc_05,2017 Ð 2020 Monitoring report,official,2023,benefit
doc_05,2017 Ð 2020 Monitoring report,official,2023,livestock
doc_05,2017 Ð 2020 Monitoring report,official,2023,grass
doc_05,2017 Ð 2020 Monitoring report,official,2023,await
doc_05,2017 Ð 2020 Monitoring report,official,2023,weather
doc_05,2017 Ð 2020 Monitoring report,official,2023,condition
doc_05,2017 Ð 2020 Monitoring report,official,2023,rainfall
doc_05,2017 Ð 2020 Monitoring report,official,2023,anticipate
doc_05,2017 Ð 2020 Monitoring report,official,2023,climate
doc_05,2017 Ð 2020 Monitoring report,official,2023,change
doc_05,2017 Ð 2020 Monitoring report,official,2023,zone
doc_05,2017 Ð 2020 Monitoring report,official,2023,uncertain
doc_05,2017 Ð 2020 Monitoring report,official,2023,climate
doc_05,2017 Ð 2020 Monitoring report,official,2023,model
doc_05,2017 Ð 2020 Monitoring report,official,2023,prediction
doc_05,2017 Ð 2020 Monitoring report,official,2023,annual
doc_05,2017 Ð 2020 Monitoring report,official,2023,rainfall
doc_05,2017 Ð 2020 Monitoring report,official,2023,increase
doc_05,2017 Ð 2020 Monitoring report,official,2023,decrease
doc_05,2017 Ð 2020 Monitoring report,official,2023,climate
doc_05,2017 Ð 2020 Monitoring report,official,2023,variability
doc_05,2017 Ð 2020 Monitoring report,official,2023,expect
doc_05,2017 Ð 2020 Monitoring report,official,2023,increase
doc_05,2017 Ð 2020 Monitoring report,official,2023,increase
doc_05,2017 Ð 2020 Monitoring report,official,2023,variability
doc_05,2017 Ð 2020 Monitoring report,official,2023,warm
doc_05,2017 Ð 2020 Monitoring report,official,2023,condition
doc_05,2017 Ð 2020 Monitoring report,official,2023,expect
doc_05,2017 Ð 2020 Monitoring report,official,2023,increase
doc_05,2017 Ð 2020 Monitoring report,official,2023,frequency
doc_05,2017 Ð 2020 Monitoring report,official,2023,intensity
doc_05,2017 Ð 2020 Monitoring report,official,2023,drought
doc_05,2017 Ð 2020 Monitoring report,official,2023,shrink
doc_05,2017 Ð 2020 Monitoring report,official,2023,length
doc_05,2017 Ð 2020 Monitoring report,official,2023,season
doc_05,2017 Ð 2020 Monitoring report,official,2023,soil
doc_05,2017 Ð 2020 Monitoring report,official,2023,moisture
doc_05,2017 Ð 2020 Monitoring report,official,2023,reduce
doc_05,2017 Ð 2020 Monitoring report,official,2023,forage
doc_05,2017 Ð 2020 Monitoring report,official,2023,production
doc_05,2017 Ð 2020 Monitoring report,official,2023,potentially
doc_05,2017 Ð 2020 Monitoring report,official,2023,reduce
doc_05,2017 Ð 2020 Monitoring report,official,2023,livestock
doc_05,2017 Ð 2020 Monitoring report,official,2023,capacity
doc_05,2017 Ð 2020 Monitoring report,official,2023,assume
doc_05,2017 Ð 2020 Monitoring report,official,2023,temporal
doc_05,2017 Ð 2020 Monitoring report,official,2023,variability
doc_05,2017 Ð 2020 Monitoring report,official,2023,extend
doc_05,2017 Ð 2020 Monitoring report,official,2023,spatial
doc_05,2017 Ð 2020 Monitoring report,official,2023,variability
doc_05,2017 Ð 2020 Monitoring report,official,2023,climate
doc_05,2017 Ð 2020 Monitoring report,official,2023,change
doc_05,2017 Ð 2020 Monitoring report,official,2023,increase
doc_05,2017 Ð 2020 Monitoring report,official,2023,frequency
doc_05,2017 Ð 2020 Monitoring report,official,2023,period
doc_05,2017 Ð 2020 Monitoring report,official,2023,pastoralist
doc_05,2017 Ð 2020 Monitoring report,official,2023,conflict
doc_05,2017 Ð 2020 Monitoring report,official,2023,water
doc_05,2017 Ð 2020 Monitoring report,official,2023,forage
doc_05,2017 Ð 2020 Monitoring report,official,2023,rebuild
doc_05,2017 Ð 2020 Monitoring report,official,2023,soil
doc_05,2017 Ð 2020 Monitoring report,official,2023,organic
doc_05,2017 Ð 2020 Monitoring report,official,2023,activity
doc_05,2017 Ð 2020 Monitoring report,official,2023,widespread
doc_05,2017 Ð 2020 Monitoring report,official,2023,graze
doc_05,2017 Ð 2020 Monitoring report,official,2023,practice
doc_05,2017 Ð 2020 Monitoring report,official,2023,induce
doc_05,2017 Ð 2020 Monitoring report,official,2023,dramatic
doc_05,2017 Ð 2020 Monitoring report,official,2023,improvement
doc_05,2017 Ð 2020 Monitoring report,official,2023,ability
doc_05,2017 Ð 2020 Monitoring report,official,2023,people
doc_05,2017 Ð 2020 Monitoring report,official,2023,adapt
doc_05,2017 Ð 2020 Monitoring report,official,2023,climate
doc_05,2017 Ð 2020 Monitoring report,official,2023,change
doc_05,2017 Ð 2020 Monitoring report,official,2023,recent
doc_05,2017 Ð 2020 Monitoring report,official,2023,climate
doc_05,2017 Ð 2020 Monitoring report,official,2023,trend
doc_05,2017 Ð 2020 Monitoring report,official,2023,region
doc_05,2017 Ð 2020 Monitoring report,official,2023,suggest
doc_05,2017 Ð 2020 Monitoring report,official,2023,reduction
doc_05,2017 Ð 2020 Monitoring report,official,2023,precipitation
doc_05,2017 Ð 2020 Monitoring report,official,2023,period
doc_05,2017 Ð 2020 Monitoring report,official,2023,consecutive
doc_05,2017 Ð 2020 Monitoring report,official,2023,belowaverage
doc_05,2017 Ð 2020 Monitoring report,official,2023,precipitation
doc_05,2017 Ð 2020 Monitoring report,official,2023,principal
doc_05,2017 Ð 2020 Monitoring report,official,2023,defense
doc_05,2017 Ð 2020 Monitoring report,official,2023,pastoralist
doc_05,2017 Ð 2020 Monitoring report,official,2023,change
doc_05,2017 Ð 2020 Monitoring report,official,2023,build
doc_05,2017 Ð 2020 Monitoring report,official,2023,heterogeneity
doc_05,2017 Ð 2020 Monitoring report,official,2023,graze
doc_05,2017 Ð 2020 Monitoring report,official,2023,landscape
doc_05,2017 Ð 2020 Monitoring report,official,2023,create
doc_05,2017 Ð 2020 Monitoring report,official,2023,opportunity
doc_05,2017 Ð 2020 Monitoring report,official,2023,chase
doc_05,2017 Ð 2020 Monitoring report,official,2023,spatially
doc_05,2017 Ð 2020 Monitoring report,official,2023,temporally
doc_05,2017 Ð 2020 Monitoring report,official,2023,variable
doc_05,2017 Ð 2020 Monitoring report,official,2023,precipitation
doc_05,2017 Ð 2020 Monitoring report,official,2023,season
doc_05,2017 Ð 2020 Monitoring report,official,2023,establishment
doc_05,2017 Ð 2020 Monitoring report,official,2023,grass
doc_05,2017 Ð 2020 Monitoring report,official,2023,bank
doc_05,2017 Ð 2020 Monitoring report,official,2023,hedge
doc_05,2017 Ð 2020 Monitoring report,official,2023,drought
doc_05,2017 Ð 2020 Monitoring report,official,2023,graze
doc_05,2017 Ð 2020 Monitoring report,official,2023,practice
doc_05,2017 Ð 2020 Monitoring report,official,2023,expect
doc_05,2017 Ð 2020 Monitoring report,official,2023,restore
doc_05,2017 Ð 2020 Monitoring report,official,2023,perennial
doc_05,2017 Ð 2020 Monitoring report,official,2023,grass
doc_05,2017 Ð 2020 Monitoring report,official,2023,cover
doc_05,2017 Ð 2020 Monitoring report,official,2023,increase
doc_05,2017 Ð 2020 Monitoring report,official,2023,soil
doc_05,2017 Ð 2020 Monitoring report,official,2023,organic
doc_05,2017 Ð 2020 Monitoring report,official,2023,occurrence
doc_05,2017 Ð 2020 Monitoring report,official,2023,soil
doc_05,2017 Ð 2020 Monitoring report,official,2023,result
doc_05,2017 Ð 2020 Monitoring report,official,2023,follow
doc_05,2017 Ð 2020 Monitoring report,official,2023,aid
doc_05,2017 Ð 2020 Monitoring report,official,2023,climate
doc_05,2017 Ð 2020 Monitoring report,official,2023,adaptation
doc_05,2017 Ð 2020 Monitoring report,official,2023,increase
doc_05,2017 Ð 2020 Monitoring report,official,2023,infiltration
doc_05,2017 Ð 2020 Monitoring report,official,2023,retention
doc_05,2017 Ð 2020 Monitoring report,official,2023,limit
doc_05,2017 Ð 2020 Monitoring report,official,2023,precipitation
doc_05,2017 Ð 2020 Monitoring report,official,2023,shallow
doc_05,2017 Ð 2020 Monitoring report,official,2023,soil
doc_05,2017 Ð 2020 Monitoring report,official,2023,layer
doc_05,2017 Ð 2020 Monitoring report,official,2023,green
doc_05,2017 Ð 2020 Monitoring report,official,2023,quality
doc_05,2017 Ð 2020 Monitoring report,official,2023,forage
doc_05,2017 Ð 2020 Monitoring report,official,2023,month
doc_05,2017 Ð 2020 Monitoring report,official,2023,spin-dry
doc_05,2017 Ð 2020 Monitoring report,official,2023,seasonsyears
doc_05,2017 Ð 2020 Monitoring report,official,2023,reproduction
doc_05,2017 Ð 2020 Monitoring report,official,2023,livestock
doc_05,2017 Ð 2020 Monitoring report,official,2023,extend
doc_05,2017 Ð 2020 Monitoring report,official,2023,spin-dry
doc_05,2017 Ð 2020 Monitoring report,official,2023,season
doc_05,2017 Ð 2020 Monitoring report,official,2023,occur
doc_05,2017 Ð 2020 Monitoring report,official,2023,dry
doc_05,2017 Ð 2020 Monitoring report,official,2023,supply
doc_05,2017 Ð 2020 Monitoring report,official,2023,milk
doc_05,2017 Ð 2020 Monitoring report,official,2023,family
doc_05,2017 Ð 2020 Monitoring report,official,2023,yearround
doc_05,2017 Ð 2020 Monitoring report,official,2023,baseline
doc_05,2017 Ð 2020 Monitoring report,official,2023,social
doc_05,2017 Ð 2020 Monitoring report,official,2023,survey
doc_05,2017 Ð 2020 Monitoring report,official,2023,milk
doc_05,2017 Ð 2020 Monitoring report,official,2023,household
doc_05,2017 Ð 2020 Monitoring report,official,2023,sell
doc_05,2017 Ð 2020 Monitoring report,official,2023,retention
doc_05,2017 Ð 2020 Monitoring report,official,2023,water
doc_05,2017 Ð 2020 Monitoring report,official,2023,shallow
doc_05,2017 Ð 2020 Monitoring report,official,2023,layer
doc_05,2017 Ð 2020 Monitoring report,official,2023,due
doc_05,2017 Ð 2020 Monitoring report,official,2023,soil
doc_05,2017 Ð 2020 Monitoring report,official,2023,support
doc_05,2017 Ð 2020 Monitoring report,official,2023,advent
doc_05,2017 Ð 2020 Monitoring report,official,2023,stand
doc_05,2017 Ð 2020 Monitoring report,official,2023,water
doc_05,2017 Ð 2020 Monitoring report,official,2023,numb
doc_05,2017 Ð 2020 Monitoring report,official,2023,landscape
doc_05,2017 Ð 2020 Monitoring report,official,2023,support
doc_05,2017 Ð 2020 Monitoring report,official,2023,cattle
doc_05,2017 Ð 2020 Monitoring report,official,2023,dependence
doc_05,2017 Ð 2020 Monitoring report,official,2023,water
doc_05,2017 Ð 2020 Monitoring report,official,2023,livestock
doc_05,2017 Ð 2020 Monitoring report,official,2023,goat
doc_05,2017 Ð 2020 Monitoring report,official,2023,effect
doc_05,2017 Ð 2020 Monitoring report,official,2023,evident
doc_05,2017 Ð 2020 Monitoring report,official,2023,tropical
doc_05,2017 Ð 2020 Monitoring report,official,2023,savanna
doc_05,2017 Ð 2020 Monitoring report,official,2023,form
doc_05,2017 Ð 2020 Monitoring report,official,2023,hardpan
doc_05,2017 Ð 2020 Monitoring report,official,2023,surface
doc_05,2017 Ð 2020 Monitoring report,official,2023,follow
doc_05,2017 Ð 2020 Monitoring report,official,2023,degradation
doc_05,2017 Ð 2020 Monitoring report,official,2023,stand
doc_05,2017 Ð 2020 Monitoring report,official,2023,biomass
doc_05,2017 Ð 2020 Monitoring report,official,2023,water
doc_05,2017 Ð 2020 Monitoring report,official,2023,spin-dry
doc_05,2017 Ð 2020 Monitoring report,official,2023,season
doc_05,2017 Ð 2020 Monitoring report,official,2023,allocation
doc_05,2017 Ð 2020 Monitoring report,official,2023,livestock
doc_05,2017 Ð 2020 Monitoring report,official,2023,cattle
doc_05,2017 Ð 2020 Monitoring report,official,2023,sheep
doc_05,2017 Ð 2020 Monitoring report,official,2023,goat
doc_05,2017 Ð 2020 Monitoring report,official,2023,activity
doc_05,2017 Ð 2020 Monitoring report,official,2023,greatly
doc_05,2017 Ð 2020 Monitoring report,official,2023,enhance
doc_05,2017 Ð 2020 Monitoring report,official,2023,ability
doc_05,2017 Ð 2020 Monitoring report,official,2023,cope
doc_05,2017 Ð 2020 Monitoring report,official,2023,climate
doc_05,2017 Ð 2020 Monitoring report,official,2023,change
doc_05,2017 Ð 2020 Monitoring report,official,2023,relative
doc_05,2017 Ð 2020 Monitoring report,official,2023,baseline
doc_05,2017 Ð 2020 Monitoring report,official,2023,condition
doc_05,2017 Ð 2020 Monitoring report,official,2023,protection
doc_05,2017 Ð 2020 Monitoring report,official,2023,conservation
doc_05,2017 Ð 2020 Monitoring report,official,2023,implementation
doc_05,2017 Ð 2020 Monitoring report,official,2023,plan
doc_05,2017 Ð 2020 Monitoring report,official,2023,graze
doc_05,2017 Ð 2020 Monitoring report,official,2023,increase
doc_05,2017 Ð 2020 Monitoring report,official,2023,reduce
doc_05,2017 Ð 2020 Monitoring report,official,2023,incursion
doc_05,2017 Ð 2020 Monitoring report,official,2023,livestock
doc_05,2017 Ð 2020 Monitoring report,official,2023,hcv
doc_05,2017 Ð 2020 Monitoring report,official,2023,satellitebased
doc_05,2017 Ð 2020 Monitoring report,official,2023,assessment
doc_05,2017 Ð 2020 Monitoring report,official,2023,livestock
doc_05,2017 Ð 2020 Monitoring report,official,2023,impact
doc_05,2017 Ð 2020 Monitoring report,official,2023,modis
doc_05,2017 Ð 2020 Monitoring report,official,2023,imagery
doc_05,2017 Ð 2020 Monitoring report,official,2023,calculation
doc_05,2017 Ð 2020 Monitoring report,official,2023,ndvi
doc_05,2017 Ð 2020 Monitoring report,official,2023,activity
doc_05,2017 Ð 2020 Monitoring report,official,2023,reverse
doc_05,2017 Ð 2020 Monitoring report,official,2023,trend
doc_05,2017 Ð 2020 Monitoring report,official,2023,increase
doc_05,2017 Ð 2020 Monitoring report,official,2023,mathews
doc_05,2017 Ð 2020 Monitoring report,official,2023,livestock
doc_05,2017 Ð 2020 Monitoring report,official,2023,baseline
doc_05,2017 Ð 2020 Monitoring report,official,2023,period
doc_05,2017 Ð 2020 Monitoring report,official,2023,livestock
doc_05,2017 Ð 2020 Monitoring report,official,2023,monitor
doc_05,2017 Ð 2020 Monitoring report,official,2023,datum
doc_05,2017 Ð 2020 Monitoring report,official,2023,wildlife
doc_05,2017 Ð 2020 Monitoring report,official,2023,comms
doc_05,2017 Ð 2020 Monitoring report,official,2023,datum
doc_05,2017 Ð 2020 Monitoring report,official,2023,cover
doc_05,2017 Ð 2020 Monitoring report,official,2023,baseline
doc_05,2017 Ð 2020 Monitoring report,official,2023,monitor
doc_05,2017 Ð 2020 Monitoring report,official,2023,period
doc_05,2017 Ð 2020 Monitoring report,official,2023,reversal
doc_05,2017 Ð 2020 Monitoring report,official,2023,trend
doc_05,2017 Ð 2020 Monitoring report,official,2023,reduce
doc_05,2017 Ð 2020 Monitoring report,official,2023,encroachment
doc_05,2017 Ð 2020 Monitoring report,official,2023,mathews
doc_05,2017 Ð 2020 Monitoring report,official,2023,forest
doc_05,2017 Ð 2020 Monitoring report,official,2023,drought
doc_05,2017 Ð 2020 Monitoring report,official,2023,encroachment
doc_05,2017 Ð 2020 Monitoring report,official,2023,bad
doc_05,2017 Ð 2020 Monitoring report,official,2023,livestock
doc_05,2017 Ð 2020 Monitoring report,official,2023,produce
doc_05,2017 Ð 2020 Monitoring report,official,2023,negative
doc_05,2017 Ð 2020 Monitoring report,official,2023,impact
doc_05,2017 Ð 2020 Monitoring report,official,2023,mathews
doc_05,2017 Ð 2020 Monitoring report,official,2023,forest
doc_05,2017 Ð 2020 Monitoring report,official,2023,impact
doc_05,2017 Ð 2020 Monitoring report,official,2023,occur
doc_05,2017 Ð 2020 Monitoring report,official,2023,edge
doc_05,2017 Ð 2020 Monitoring report,official,2023,degradation
doc_05,2017 Ð 2020 Monitoring report,official,2023,occur
doc_05,2017 Ð 2020 Monitoring report,official,2023,compare
doc_05,2017 Ð 2020 Monitoring report,official,2023,forest
doc_05,2017 Ð 2020 Monitoring report,official,2023,negative
doc_05,2017 Ð 2020 Monitoring report,official,2023,impact
doc_05,2017 Ð 2020 Monitoring report,official,2023,biodiversity
doc_05,2017 Ð 2020 Monitoring report,official,2023,rainforest
doc_05,2017 Ð 2020 Monitoring report,official,2023,elevation
doc_05,2017 Ð 2020 Monitoring report,official,2023,occur
doc_05,2017 Ð 2020 Monitoring report,official,2023,comparatively
doc_05,2017 Ð 2020 Monitoring report,official,2023,wet
doc_05,2017 Ð 2020 Monitoring report,official,2023,rotational
doc_05,2017 Ð 2020 Monitoring report,official,2023,practice
doc_05,2017 Ð 2020 Monitoring report,official,2023,continue
doc_05,2017 Ð 2020 Monitoring report,official,2023,grass
doc_05,2017 Ð 2020 Monitoring report,official,2023,bank
doc_05,2017 Ð 2020 Monitoring report,official,2023,establish
doc_05,2017 Ð 2020 Monitoring report,official,2023,wide
doc_05,2017 Ð 2020 Monitoring report,official,2023,range
doc_05,2017 Ð 2020 Monitoring report,official,2023,location
doc_05,2017 Ð 2020 Monitoring report,official,2023,encroachment
doc_05,2017 Ð 2020 Monitoring report,official,2023,decrease
doc_05,2017 Ð 2020 Monitoring report,official,2023,address
doc_05,2017 Ð 2020 Monitoring report,official,2023,numb
doc_05,2017 Ð 2020 Monitoring report,official,2023,threat
doc_05,2017 Ð 2020 Monitoring report,official,2023,mathews
doc_05,2017 Ð 2020 Monitoring report,official,2023,forest
doc_05,2017 Ð 2020 Monitoring report,official,2023,stakeholder
doc_05,2017 Ð 2020 Monitoring report,official,2023,impact
doc_05,2017 Ð 2020 Monitoring report,official,2023,mitigation
doc_05,2017 Ð 2020 Monitoring report,official,2023,negative
doc_05,2017 Ð 2020 Monitoring report,official,2023,impact
doc_05,2017 Ð 2020 Monitoring report,official,2023,stakeholder
doc_05,2017 Ð 2020 Monitoring report,official,2023,principal
doc_05,2017 Ð 2020 Monitoring report,official,2023,offsite
doc_05,2017 Ð 2020 Monitoring report,official,2023,stakeholder
doc_05,2017 Ð 2020 Monitoring report,official,2023,herder
doc_05,2017 Ð 2020 Monitoring report,official,2023,ranch
doc_05,2017 Ð 2020 Monitoring report,official,2023,land
doc_05,2017 Ð 2020 Monitoring report,official,2023,stakeholder
doc_05,2017 Ð 2020 Monitoring report,official,2023,negative
doc_05,2017 Ð 2020 Monitoring report,official,2023,impact
doc_05,2017 Ð 2020 Monitoring report,official,2023,enforcement
doc_05,2017 Ð 2020 Monitoring report,official,2023,boundary
doc_05,2017 Ð 2020 Monitoring report,official,2023,perception
doc_05,2017 Ð 2020 Monitoring report,official,2023,traditional
doc_05,2017 Ð 2020 Monitoring report,official,2023,graze
doc_05,2017 Ð 2020 Monitoring report,official,2023,land
doc_05,2017 Ð 2020 Monitoring report,official,2023,drought
doc_05,2017 Ð 2020 Monitoring report,official,2023,spin-dry
doc_05,2017 Ð 2020 Monitoring report,official,2023,season
doc_05,2017 Ð 2020 Monitoring report,official,2023,permit
doc_05,2017 Ð 2020 Monitoring report,official,2023,key
doc_05,2017 Ð 2020 Monitoring report,official,2023,mission
doc_05,2017 Ð 2020 Monitoring report,official,2023,design
doc_05,2017 Ð 2020 Monitoring report,official,2023,plan
doc_05,2017 Ð 2020 Monitoring report,official,2023,rotational
doc_05,2017 Ð 2020 Monitoring report,official,2023,graze
doc_05,2017 Ð 2020 Monitoring report,official,2023,continue
doc_05,2017 Ð 2020 Monitoring report,official,2023,negotiate
doc_05,2017 Ð 2020 Monitoring report,official,2023,agreement
doc_05,2017 Ð 2020 Monitoring report,official,2023,graze
doc_05,2017 Ð 2020 Monitoring report,official,2023,committee
doc_05,2017 Ð 2020 Monitoring report,official,2023,agreement
doc_05,2017 Ð 2020 Monitoring report,official,2023,continuance
doc_05,2017 Ð 2020 Monitoring report,official,2023,cultural
doc_05,2017 Ð 2020 Monitoring report,official,2023,tradition
doc_05,2017 Ð 2020 Monitoring report,official,2023,maintain
doc_05,2017 Ð 2020 Monitoring report,official,2023,integrity
doc_05,2017 Ð 2020 Monitoring report,official,2023,enhance
doc_05,2017 Ð 2020 Monitoring report,official,2023,social
doc_05,2017 Ð 2020 Monitoring report,official,2023,cohesion
doc_05,2017 Ð 2020 Monitoring report,official,2023,acceptance
doc_05,2017 Ð 2020 Monitoring report,official,2023,offproject
doc_05,2017 Ð 2020 Monitoring report,official,2023,livestock
doc_05,2017 Ð 2020 Monitoring report,official,2023,easy
doc_05,2017 Ð 2020 Monitoring report,official,2023,sufficient
doc_05,2017 Ð 2020 Monitoring report,official,2023,grass
doc_05,2017 Ð 2020 Monitoring report,official,2023,bank
doc_05,2017 Ð 2020 Monitoring report,official,2023,establish
doc_05,2017 Ð 2020 Monitoring report,official,2023,establish
doc_05,2017 Ð 2020 Monitoring report,official,2023,regional
doc_05,2017 Ð 2020 Monitoring report,official,2023,graze
doc_05,2017 Ð 2020 Monitoring report,official,2023,plan
doc_05,2017 Ð 2020 Monitoring report,official,2023,manage
doc_05,2017 Ð 2020 Monitoring report,official,2023,movement
doc_05,2017 Ð 2020 Monitoring report,official,2023,livestock
doc_05,2017 Ð 2020 Monitoring report,official,2023,drought
doc_05,2017 Ð 2020 Monitoring report,official,2023,extend
doc_05,2017 Ð 2020 Monitoring report,official,2023,spin-dry
doc_05,2017 Ð 2020 Monitoring report,official,2023,season
doc_05,2017 Ð 2020 Monitoring report,official,2023,plan
doc_05,2017 Ð 2020 Monitoring report,official,2023,realtime
doc_05,2017 Ð 2020 Monitoring report,official,2023,information
doc_05,2017 Ð 2020 Monitoring report,official,2023,rainfall
doc_05,2017 Ð 2020 Monitoring report,official,2023,previous
doc_05,2017 Ð 2020 Monitoring report,official,2023,month
doc_05,2017 Ð 2020 Monitoring report,official,2023,usdausaid
doc_05,2017 Ð 2020 Monitoring report,official,2023,famine
doc_05,2017 Ð 2020 Monitoring report,official,2023,warn
doc_05,2017 Ð 2020 Monitoring report,official,2023,system
doc_05,2017 Ð 2020 Monitoring report,official,2023,fews
doc_05,2017 Ð 2020 Monitoring report,official,2023,httpearlywarningusgsgovfews
doc_05,2017 Ð 2020 Monitoring report,official,2023,university
doc_05,2017 Ð 2020 Monitoring report,official,2023,reading
doc_05,2017 Ð 2020 Monitoring report,official,2023,tropical
doc_05,2017 Ð 2020 Monitoring report,official,2023,application
doc_05,2017 Ð 2020 Monitoring report,official,2023,meteorology
doc_05,2017 Ð 2020 Monitoring report,official,2023,satellite
doc_05,2017 Ð 2020 Monitoring report,official,2023,datum
doc_05,2017 Ð 2020 Monitoring report,official,2023,tamsat
doc_05,2017 Ð 2020 Monitoring report,official,2023,httpwwwmetreadingacuk
doc_05,2017 Ð 2020 Monitoring report,official,2023,tamsatdata
doc_05,2017 Ð 2020 Monitoring report,official,2023,identify
doc_05,2017 Ð 2020 Monitoring report,official,2023,experience
doc_05,2017 Ð 2020 Monitoring report,official,2023,dry
doc_05,2017 Ð 2020 Monitoring report,official,2023,andor
doc_05,2017 Ð 2020 Monitoring report,official,2023,wet
doc_05,2017 Ð 2020 Monitoring report,official,2023,normal
doc_05,2017 Ð 2020 Monitoring report,official,2023,condition
doc_05,2017 Ð 2020 Monitoring report,official,2023,information
doc_05,2017 Ð 2020 Monitoring report,official,2023,system
doc_05,2017 Ð 2020 Monitoring report,official,2023,largescale
doc_05,2017 Ð 2020 Monitoring report,official,2023,crossconservancy
doc_05,2017 Ð 2020 Monitoring report,official,2023,rotation
doc_05,2017 Ð 2020 Monitoring report,official,2023,livestock
doc_05,2017 Ð 2020 Monitoring report,official,2023,design
doc_05,2017 Ð 2020 Monitoring report,official,2023,ease
doc_05,2017 Ð 2020 Monitoring report,official,2023,graze
doc_05,2017 Ð 2020 Monitoring report,official,2023,pressure
doc_05,2017 Ð 2020 Monitoring report,official,2023,dry
doc_05,2017 Ð 2020 Monitoring report,official,2023,sustainably
doc_05,2017 Ð 2020 Monitoring report,official,2023,forage
doc_05,2017 Ð 2020 Monitoring report,official,2023,regional
doc_05,2017 Ð 2020 Monitoring report,official,2023,graze
doc_05,2017 Ð 2020 Monitoring report,official,2023,plan
doc_05,2017 Ð 2020 Monitoring report,official,2023,accommodate
doc_05,2017 Ð 2020 Monitoring report,official,2023,movement
doc_05,2017 Ð 2020 Monitoring report,official,2023,herder
doc_05,2017 Ð 2020 Monitoring report,official,2023,limit
doc_05,2017 Ð 2020 Monitoring report,official,2023,encroachment
doc_05,2017 Ð 2020 Monitoring report,official,2023,manage
doc_05,2017 Ð 2020 Monitoring report,official,2023,leakage
doc_05,2017 Ð 2020 Monitoring report,official,2023,net
doc_05,2017 Ð 2020 Monitoring report,official,2023,impact
doc_05,2017 Ð 2020 Monitoring report,official,2023,stakeholder
doc_05,2017 Ð 2020 Monitoring report,official,2023,feedback
doc_05,2017 Ð 2020 Monitoring report,official,2023,benefit
doc_05,2017 Ð 2020 Monitoring report,official,2023,plan
doc_05,2017 Ð 2020 Monitoring report,official,2023,rotational
doc_05,2017 Ð 2020 Monitoring report,official,2023,graze
doc_05,2017 Ð 2020 Monitoring report,official,2023,communicate
doc_05,2017 Ð 2020 Monitoring report,official,2023,recently
doc_05,2017 Ð 2020 Monitoring report,official,2023,due
doc_05,2017 Ð 2020 Monitoring report,official,2023,uncertainty
doc_05,2017 Ð 2020 Monitoring report,official,2023,market
doc_05,2017 Ð 2020 Monitoring report,official,2023,reluctance
doc_05,2017 Ð 2020 Monitoring report,official,2023,raise
doc_05,2017 Ð 2020 Monitoring report,official,2023,hope
doc_05,2017 Ð 2020 Monitoring report,official,2023,potential
doc_05,2017 Ð 2020 Monitoring report,official,2023,revenue
doc_05,2017 Ð 2020 Monitoring report,official,2023,begin
doc_05,2017 Ð 2020 Monitoring report,official,2023,august
doc_05,2017 Ð 2020 Monitoring report,official,2023,solicitation
doc_05,2017 Ð 2020 Monitoring report,official,2023,participation
doc_05,2017 Ð 2020 Monitoring report,official,2023,public
doc_05,2017 Ð 2020 Monitoring report,official,2023,comment
doc_05,2017 Ð 2020 Monitoring report,official,2023,period
doc_05,2017 Ð 2020 Monitoring report,official,2023,announcement
doc_05,2017 Ð 2020 Monitoring report,official,2023,information
doc_05,2017 Ð 2020 Monitoring report,official,2023,distribute
doc_05,2017 Ð 2020 Monitoring report,official,2023,graze
doc_05,2017 Ð 2020 Monitoring report,official,2023,coordinator
doc_05,2017 Ð 2020 Monitoring report,official,2023,staff
doc_05,2017 Ð 2020 Monitoring report,official,2023,form
doc_05,2017 Ð 2020 Monitoring report,official,2023,pamphlet
doc_05,2017 Ð 2020 Monitoring report,official,2023,post
doc_05,2017 Ð 2020 Monitoring report,official,2023,announcement
doc_05,2017 Ð 2020 Monitoring report,official,2023,website
doc_05,2017 Ð 2020 Monitoring report,official,2023,httpnrtkenyaorg
doc_05,2017 Ð 2020 Monitoring report,official,2023,response
doc_05,2017 Ð 2020 Monitoring report,official,2023,propose
doc_05,2017 Ð 2020 Monitoring report,official,2023,cell
doc_05,2017 Ð 2020 Monitoring report,official,2023,phone
doc_05,2017 Ð 2020 Monitoring report,official,2023,text
doc_05,2017 Ð 2020 Monitoring report,official,2023,stand
doc_05,2017 Ð 2020 Monitoring report,official,2023,repository
doc_05,2017 Ð 2020 Monitoring report,official,2023,download
doc_05,2017 Ð 2020 Monitoring report,official,2023,announcement
doc_05,2017 Ð 2020 Monitoring report,official,2023,follow
doc_05,2017 Ð 2020 Monitoring report,official,2023,meeting
doc_05,2017 Ð 2020 Monitoring report,official,2023,september
doc_05,2017 Ð 2020 Monitoring report,official,2023,october
doc_05,2017 Ð 2020 Monitoring report,official,2023,participate
doc_05,2017 Ð 2020 Monitoring report,official,2023,meet
doc_05,2017 Ð 2020 Monitoring report,official,2023,time
doc_05,2017 Ð 2020 Monitoring report,official,2023,date
doc_05,2017 Ð 2020 Monitoring report,official,2023,post
doc_05,2017 Ð 2020 Monitoring report,official,2023,headquarter
doc_05,2017 Ð 2020 Monitoring report,official,2023,communicate
doc_05,2017 Ð 2020 Monitoring report,official,2023,verbally
doc_05,2017 Ð 2020 Monitoring report,official,2023,village
doc_05,2017 Ð 2020 Monitoring report,official,2023,social
doc_05,2017 Ð 2020 Monitoring report,official,2023,comms
doc_05,2017 Ð 2020 Monitoring report,official,2023,supervisor
doc_05,2017 Ð 2020 Monitoring report,official,2023,annual
doc_05,2017 Ð 2020 Monitoring report,official,2023,governance
doc_05,2017 Ð 2020 Monitoring report,official,2023,meeting
doc_05,2017 Ð 2020 Monitoring report,official,2023,hold
doc_05,2017 Ð 2020 Monitoring report,official,2023,representative
doc_05,2017 Ð 2020 Monitoring report,official,2023,start
doc_05,2017 Ð 2020 Monitoring report,official,2023,oversight
doc_05,2017 Ð 2020 Monitoring report,official,2023,committee
doc_05,2017 Ð 2020 Monitoring report,official,2023,form
doc_05,2017 Ð 2020 Monitoring report,official,2023,representative
doc_05,2017 Ð 2020 Monitoring report,official,2023,meeting
doc_05,2017 Ð 2020 Monitoring report,official,2023,hold
doc_05,2017 Ð 2020 Monitoring report,official,2023,focus
doc_05,2017 Ð 2020 Monitoring report,official,2023,develop
doc_05,2017 Ð 2020 Monitoring report,official,2023,additional
doc_05,2017 Ð 2020 Monitoring report,official,2023,internal
doc_05,2017 Ð 2020 Monitoring report,official,2023,governance
doc_05,2017 Ð 2020 Monitoring report,official,2023,procedure
doc_05,2017 Ð 2020 Monitoring report,official,2023,base
doc_05,2017 Ð 2020 Monitoring report,official,2023,feedback
doc_05,2017 Ð 2020 Monitoring report,official,2023,information
doc_05,2017 Ð 2020 Monitoring report,official,2023,participation
doc_05,2017 Ð 2020 Monitoring report,official,2023,voluntary
doc_05,2017 Ð 2020 Monitoring report,official,2023,market
doc_05,2017 Ð 2020 Monitoring report,official,2023,vcm
doc_05,2017 Ð 2020 Monitoring report,official,2023,inclusive
doc_05,2017 Ð 2020 Monitoring report,official,2023,aspect
doc_05,2017 Ð 2020 Monitoring report,official,2023,cost
doc_05,2017 Ð 2020 Monitoring report,official,2023,risk
doc_05,2017 Ð 2020 Monitoring report,official,2023,benefit
doc_05,2017 Ð 2020 Monitoring report,official,2023,requirement
doc_05,2017 Ð 2020 Monitoring report,official,2023,communicate
doc_05,2017 Ð 2020 Monitoring report,official,2023,stakeholder
doc_05,2017 Ð 2020 Monitoring report,official,2023,sign
doc_05,2017 Ð 2020 Monitoring report,official,2023,agreement
doc_05,2017 Ð 2020 Monitoring report,official,2023,include
doc_05,2017 Ð 2020 Monitoring report,official,2023,consent
doc_05,2017 Ð 2020 Monitoring report,official,2023,waiver
doc_05,2017 Ð 2020 Monitoring report,official,2023,form
doc_05,2017 Ð 2020 Monitoring report,official,2023,letter
doc_05,2017 Ð 2020 Monitoring report,official,2023,intent
doc_05,2017 Ð 2020 Monitoring report,official,2023,agreement
doc_05,2017 Ð 2020 Monitoring report,official,2023,include
doc_05,2017 Ð 2020 Monitoring report,official,2023,language
doc_05,2017 Ð 2020 Monitoring report,official,2023,anticipate
doc_05,2017 Ð 2020 Monitoring report,official,2023,revenue
doc_05,2017 Ð 2020 Monitoring report,official,2023,include
doc_05,2017 Ð 2020 Monitoring report,official,2023,intend
doc_05,2017 Ð 2020 Monitoring report,official,2023,participate
doc_05,2017 Ð 2020 Monitoring report,official,2023,action
doc_05,2017 Ð 2020 Monitoring report,official,2023,expectation
doc_05,2017 Ð 2020 Monitoring report,official,2023,revenue
doc_05,2017 Ð 2020 Monitoring report,official,2023,sale
doc_05,2017 Ð 2020 Monitoring report,official,2023,sign
doc_05,2017 Ð 2020 Monitoring report,official,2023,agreement
doc_05,2017 Ð 2020 Monitoring report,official,2023,provide
doc_05,2017 Ð 2020 Monitoring report,official,2023,vvb
doc_05,2017 Ð 2020 Monitoring report,official,2023,review
doc_05,2017 Ð 2020 Monitoring report,official,2023,validate
doc_05,2017 Ð 2020 Monitoring report,official,2023,verifiedissuing
doc_05,2017 Ð 2020 Monitoring report,official,2023,late
doc_05,2017 Ð 2020 Monitoring report,official,2023,uncertainty
doc_05,2017 Ð 2020 Monitoring report,official,2023,prior
doc_05,2017 Ð 2020 Monitoring report,official,2023,delay
doc_05,2017 Ð 2020 Monitoring report,official,2023,development
doc_05,2017 Ð 2020 Monitoring report,official,2023,benefit
doc_05,2017 Ð 2020 Monitoring report,official,2023,share
doc_05,2017 Ð 2020 Monitoring report,official,2023,mechanism
doc_05,2017 Ð 2020 Monitoring report,official,2023,adaptation
doc_05,2017 Ð 2020 Monitoring report,official,2023,impact
doc_05,2017 Ð 2020 Monitoring report,official,2023,meeting
doc_05,2017 Ð 2020 Monitoring report,official,2023,graze
doc_05,2017 Ð 2020 Monitoring report,official,2023,committee
doc_05,2017 Ð 2020 Monitoring report,official,2023,chairman
doc_05,2017 Ð 2020 Monitoring report,official,2023,communicate
doc_05,2017 Ð 2020 Monitoring report,official,2023,graze
doc_05,2017 Ð 2020 Monitoring report,official,2023,plan
doc_05,2017 Ð 2020 Monitoring report,official,2023,implement
doc_05,2017 Ð 2020 Monitoring report,official,2023,past
doc_05,2017 Ð 2020 Monitoring report,official,2023,review
doc_05,2017 Ð 2020 Monitoring report,official,2023,past
doc_05,2017 Ð 2020 Monitoring report,official,2023,compliance
doc_05,2017 Ð 2020 Monitoring report,official,2023,graze
doc_05,2017 Ð 2020 Monitoring report,official,2023,plan
doc_05,2017 Ð 2020 Monitoring report,official,2023,identify
doc_05,2017 Ð 2020 Monitoring report,official,2023,barrier
doc_05,2017 Ð 2020 Monitoring report,official,2023,compliance
doc_05,2017 Ð 2020 Monitoring report,official,2023,communicate
doc_05,2017 Ð 2020 Monitoring report,official,2023,expect
doc_05,2017 Ð 2020 Monitoring report,official,2023,benefit
doc_05,2017 Ð 2020 Monitoring report,official,2023,activity
doc_05,2017 Ð 2020 Monitoring report,official,2023,rotational
doc_05,2017 Ð 2020 Monitoring report,official,2023,migratory
doc_05,2017 Ð 2020 Monitoring report,official,2023,graze
doc_05,2017 Ð 2020 Monitoring report,official,2023,response
doc_05,2017 Ð 2020 Monitoring report,official,2023,september
doc_05,2017 Ð 2020 Monitoring report,official,2023,meeting
doc_05,2017 Ð 2020 Monitoring report,official,2023,workshop
doc_05,2017 Ð 2020 Monitoring report,official,2023,improve
doc_05,2017 Ð 2020 Monitoring report,official,2023,effort
doc_05,2017 Ð 2020 Monitoring report,official,2023,write
doc_05,2017 Ð 2020 Monitoring report,official,2023,implement
doc_05,2017 Ð 2020 Monitoring report,official,2023,graze
doc_05,2017 Ð 2020 Monitoring report,official,2023,plan
doc_05,2017 Ð 2020 Monitoring report,official,2023,provide
doc_05,2017 Ð 2020 Monitoring report,official,2023,evidence
doc_05,2017 Ð 2020 Monitoring report,official,2023,understand
doc_05,2017 Ð 2020 Monitoring report,official,2023,benefit
doc_05,2017 Ð 2020 Monitoring report,official,2023,activity
doc_05,2017 Ð 2020 Monitoring report,official,2023,approve
doc_05,2017 Ð 2020 Monitoring report,official,2023,intensify
doc_05,2017 Ð 2020 Monitoring report,official,2023,effort
doc_05,2017 Ð 2020 Monitoring report,official,2023,conduct
doc_05,2017 Ð 2020 Monitoring report,official,2023,graze
doc_05,2017 Ð 2020 Monitoring report,official,2023,plan
doc_05,2017 Ð 2020 Monitoring report,official,2023,evidence
doc_05,2017 Ð 2020 Monitoring report,official,2023,social
doc_05,2017 Ð 2020 Monitoring report,official,2023,survey
doc_05,2017 Ð 2020 Monitoring report,official,2023,majority
doc_05,2017 Ð 2020 Monitoring report,official,2023,benefit
doc_05,2017 Ð 2020 Monitoring report,official,2023,implementation
doc_05,2017 Ð 2020 Monitoring report,official,2023,graze
doc_05,2017 Ð 2020 Monitoring report,official,2023,plan
doc_05,2017 Ð 2020 Monitoring report,official,2023,baseline
doc_05,2017 Ð 2020 Monitoring report,official,2023,datum
doc_05,2017 Ð 2020 Monitoring report,official,2023,future
doc_05,2017 Ð 2020 Monitoring report,official,2023,datum
doc_05,2017 Ð 2020 Monitoring report,official,2023,collect
doc_05,2017 Ð 2020 Monitoring report,official,2023,social
doc_05,2017 Ð 2020 Monitoring report,official,2023,comms
doc_05,2017 Ð 2020 Monitoring report,official,2023,survey
doc_05,2017 Ð 2020 Monitoring report,official,2023,focus
doc_05,2017 Ð 2020 Monitoring report,official,2023,socialcomms
doc_05,2017 Ð 2020 Monitoring report,official,2023,outgrowth
doc_05,2017 Ð 2020 Monitoring report,official,2023,train
doc_05,2017 Ð 2020 Monitoring report,official,2023,conduct
doc_05,2017 Ð 2020 Monitoring report,official,2023,social
doc_05,2017 Ð 2020 Monitoring report,official,2023,survey
doc_05,2017 Ð 2020 Monitoring report,official,2023,professional
doc_05,2017 Ð 2020 Monitoring report,official,2023,social
doc_05,2017 Ð 2020 Monitoring report,official,2023,scientist
doc_05,2017 Ð 2020 Monitoring report,official,2023,jessica
doc_05,2017 Ð 2020 Monitoring report,official,2023,musengezi
doc_05,2017 Ð 2020 Monitoring report,official,2023,nature
doc_05,2017 Ð 2020 Monitoring report,official,2023,support
doc_05,2017 Ð 2020 Monitoring report,official,2023,permanent
doc_05,2017 Ð 2020 Monitoring report,official,2023,staff
doc_05,2017 Ð 2020 Monitoring report,official,2023,guidance
doc_05,2017 Ð 2020 Monitoring report,official,2023,tnc
doc_05,2017 Ð 2020 Monitoring report,official,2023,personnel
doc_05,2017 Ð 2020 Monitoring report,official,2023,focus
doc_05,2017 Ð 2020 Monitoring report,official,2023,choose
doc_05,2017 Ð 2020 Monitoring report,official,2023,chairman
doc_05,2017 Ð 2020 Monitoring report,official,2023,represent
doc_05,2017 Ð 2020 Monitoring report,official,2023,public
doc_05,2017 Ð 2020 Monitoring report,official,2023,graze
doc_05,2017 Ð 2020 Monitoring report,official,2023,committee
doc_05,2017 Ð 2020 Monitoring report,official,2023,household
doc_05,2017 Ð 2020 Monitoring report,official,2023,survey
doc_05,2017 Ð 2020 Monitoring report,official,2023,conduct
doc_05,2017 Ð 2020 Monitoring report,official,2023,randomly
doc_05,2017 Ð 2020 Monitoring report,official,2023,select
doc_05,2017 Ð 2020 Monitoring report,official,2023,household
doc_05,2017 Ð 2020 Monitoring report,official,2023,effort
doc_05,2017 Ð 2020 Monitoring report,official,2023,interview
doc_05,2017 Ð 2020 Monitoring report,official,2023,matriarch
doc_05,2017 Ð 2020 Monitoring report,official,2023,household
doc_05,2017 Ð 2020 Monitoring report,official,2023,baseline
doc_05,2017 Ð 2020 Monitoring report,official,2023,socialcomms
doc_05,2017 Ð 2020 Monitoring report,official,2023,survey
doc_05,2017 Ð 2020 Monitoring report,official,2023,identify
doc_05,2017 Ð 2020 Monitoring report,official,2023,risk
doc_05,2017 Ð 2020 Monitoring report,official,2023,encroachment
doc_05,2017 Ð 2020 Monitoring report,official,2023,numb
doc_05,2017 Ð 2020 Monitoring report,official,2023,concern
doc_05,2017 Ð 2020 Monitoring report,official,2023,implementation
doc_05,2017 Ð 2020 Monitoring report,official,2023,graze
doc_05,2017 Ð 2020 Monitoring report,official,2023,management
doc_05,2017 Ð 2020 Monitoring report,official,2023,train
doc_05,2017 Ð 2020 Monitoring report,official,2023,education
doc_05,2017 Ð 2020 Monitoring report,official,2023,main
doc_05,2017 Ð 2020 Monitoring report,official,2023,emphasize
doc_05,2017 Ð 2020 Monitoring report,official,2023,activity
doc_05,2017 Ð 2020 Monitoring report,official,2023,reduce
doc_05,2017 Ð 2020 Monitoring report,official,2023,effort
doc_05,2017 Ð 2020 Monitoring report,official,2023,effort
doc_05,2017 Ð 2020 Monitoring report,official,2023,increase
doc_05,2017 Ð 2020 Monitoring report,official,2023,graze
doc_05,2017 Ð 2020 Monitoring report,official,2023,coordinator
doc_05,2017 Ð 2020 Monitoring report,official,2023,graze
doc_05,2017 Ð 2020 Monitoring report,official,2023,chairman
doc_05,2017 Ð 2020 Monitoring report,official,2023,manager
doc_05,2017 Ð 2020 Monitoring report,official,2023,chairman
doc_05,2017 Ð 2020 Monitoring report,official,2023,resolve
doc_05,2017 Ð 2020 Monitoring report,official,2023,dispute
doc_05,2017 Ð 2020 Monitoring report,official,2023,due
doc_05,2017 Ð 2020 Monitoring report,official,2023,encroachment
doc_05,2017 Ð 2020 Monitoring report,official,2023,offproject
doc_05,2017 Ð 2020 Monitoring report,official,2023,herder
doc_05,2017 Ð 2020 Monitoring report,official,2023,effort
doc_05,2017 Ð 2020 Monitoring report,official,2023,apply
doc_05,2017 Ð 2020 Monitoring report,official,2023,develop
doc_05,2017 Ð 2020 Monitoring report,official,2023,regional
doc_05,2017 Ð 2020 Monitoring report,official,2023,graze
doc_05,2017 Ð 2020 Monitoring report,official,2023,plan
doc_05,2017 Ð 2020 Monitoring report,official,2023,herder
doc_05,2017 Ð 2020 Monitoring report,official,2023,withinproject
doc_05,2017 Ð 2020 Monitoring report,official,2023,graze
doc_05,2017 Ð 2020 Monitoring report,official,2023,land
doc_05,2017 Ð 2020 Monitoring report,official,2023,withinproject
doc_05,2017 Ð 2020 Monitoring report,official,2023,shift
doc_05,2017 Ð 2020 Monitoring report,official,2023,rapid
doc_05,2017 Ð 2020 Monitoring report,official,2023,response
doc_05,2017 Ð 2020 Monitoring report,official,2023,conflict
doc_05,2017 Ð 2020 Monitoring report,official,2023,herder
doc_05,2017 Ð 2020 Monitoring report,official,2023,ethnic
doc_05,2017 Ð 2020 Monitoring report,official,2023,avoid
doc_05,2017 Ð 2020 Monitoring report,official,2023,fatality
doc_05,2017 Ð 2020 Monitoring report,official,2023,occur
doc_05,2017 Ð 2020 Monitoring report,official,2023,similar
doc_05,2017 Ð 2020 Monitoring report,official,2023,circumstance
doc_05,2017 Ð 2020 Monitoring report,official,2023,period
doc_05,2017 Ð 2020 Monitoring report,official,2023,formation
doc_05,2017 Ð 2020 Monitoring report,official,2023,regional
doc_05,2017 Ð 2020 Monitoring report,official,2023,graze
doc_05,2017 Ð 2020 Monitoring report,official,2023,plan
doc_05,2017 Ð 2020 Monitoring report,official,2023,facilitate
doc_05,2017 Ð 2020 Monitoring report,official,2023,discussion
doc_05,2017 Ð 2020 Monitoring report,official,2023,countywide
doc_05,2017 Ð 2020 Monitoring report,official,2023,graze
doc_05,2017 Ð 2020 Monitoring report,official,2023,plan
doc_05,2017 Ð 2020 Monitoring report,official,2023,october
doc_05,2017 Ð 2020 Monitoring report,official,2023,deliver
doc_05,2017 Ð 2020 Monitoring report,official,2023,information
doc_05,2017 Ð 2020 Monitoring report,official,2023,coordinate
doc_05,2017 Ð 2020 Monitoring report,official,2023,activity
doc_05,2017 Ð 2020 Monitoring report,official,2023,quarterly
doc_05,2017 Ð 2020 Monitoring report,official,2023,graze
doc_05,2017 Ð 2020 Monitoring report,official,2023,committee
doc_05,2017 Ð 2020 Monitoring report,official,2023,meeting
doc_05,2017 Ð 2020 Monitoring report,official,2023,hold
doc_05,2017 Ð 2020 Monitoring report,official,2023,discuss
doc_05,2017 Ð 2020 Monitoring report,official,2023,review
doc_05,2017 Ð 2020 Monitoring report,official,2023,plan
doc_05,2017 Ð 2020 Monitoring report,official,2023,matter
doc_05,2017 Ð 2020 Monitoring report,official,2023,addition
doc_05,2017 Ð 2020 Monitoring report,official,2023,graze
doc_05,2017 Ð 2020 Monitoring report,official,2023,committee
doc_05,2017 Ð 2020 Monitoring report,official,2023,continuously
doc_05,2017 Ð 2020 Monitoring report,official,2023,train
doc_05,2017 Ð 2020 Monitoring report,official,2023,management
doc_05,2017 Ð 2020 Monitoring report,official,2023,role
doc_05,2017 Ð 2020 Monitoring report,official,2023,committee
doc_05,2017 Ð 2020 Monitoring report,official,2023,net
doc_05,2017 Ð 2020 Monitoring report,official,2023,impact
doc_05,2017 Ð 2020 Monitoring report,official,2023,stakeholder
doc_05,2017 Ð 2020 Monitoring report,official,2023,continue
doc_05,2017 Ð 2020 Monitoring report,official,2023,track
doc_05,2017 Ð 2020 Monitoring report,official,2023,annual
doc_05,2017 Ð 2020 Monitoring report,official,2023,social
doc_05,2017 Ð 2020 Monitoring report,official,2023,comms
doc_05,2017 Ð 2020 Monitoring report,official,2023,social
doc_05,2017 Ð 2020 Monitoring report,official,2023,comms
doc_05,2017 Ð 2020 Monitoring report,official,2023,result
doc_05,2017 Ð 2020 Monitoring report,official,2023,share
doc_05,2017 Ð 2020 Monitoring report,official,2023,respective
doc_05,2017 Ð 2020 Monitoring report,official,2023,manager
doc_05,2017 Ð 2020 Monitoring report,official,2023,manager
doc_05,2017 Ð 2020 Monitoring report,official,2023,task
doc_05,2017 Ð 2020 Monitoring report,official,2023,discuss
doc_05,2017 Ð 2020 Monitoring report,official,2023,social
doc_05,2017 Ð 2020 Monitoring report,official,2023,comms
doc_05,2017 Ð 2020 Monitoring report,official,2023,reuslts
doc_05,2017 Ð 2020 Monitoring report,official,2023,board
doc_05,2017 Ð 2020 Monitoring report,official,2023,social
doc_05,2017 Ð 2020 Monitoring report,official,2023,comms
doc_05,2017 Ð 2020 Monitoring report,official,2023,result
doc_05,2017 Ð 2020 Monitoring report,official,2023,feed
doc_05,2017 Ð 2020 Monitoring report,official,2023,management
doc_05,2017 Ð 2020 Monitoring report,official,2023,development
doc_05,2017 Ð 2020 Monitoring report,official,2023,plan
doc_05,2017 Ð 2020 Monitoring report,official,2023,aim
doc_05,2017 Ð 2020 Monitoring report,official,2023,link
doc_05,2017 Ð 2020 Monitoring report,official,2023,result
doc_05,2017 Ð 2020 Monitoring report,official,2023,socioeconomics
doc_05,2017 Ð 2020 Monitoring report,official,2023,social
doc_05,2017 Ð 2020 Monitoring report,official,2023,development
doc_05,2017 Ð 2020 Monitoring report,official,2023,access
doc_05,2017 Ð 2020 Monitoring report,official,2023,water
doc_05,2017 Ð 2020 Monitoring report,official,2023,education
doc_05,2017 Ð 2020 Monitoring report,official,2023,centre
doc_05,2017 Ð 2020 Monitoring report,official,2023,healthcare
doc_05,2017 Ð 2020 Monitoring report,official,2023,impact
doc_05,2017 Ð 2020 Monitoring report,official,2023,monitor
doc_05,2017 Ð 2020 Monitoring report,official,2023,monitor
doc_05,2017 Ð 2020 Monitoring report,official,2023,plan
doc_05,2017 Ð 2020 Monitoring report,official,2023,key
doc_05,2017 Ð 2020 Monitoring report,official,2023,variable
doc_05,2017 Ð 2020 Monitoring report,official,2023,determine
doc_05,2017 Ð 2020 Monitoring report,official,2023,type
doc_05,2017 Ð 2020 Monitoring report,official,2023,survey
doc_05,2017 Ð 2020 Monitoring report,official,2023,reflect
doc_05,2017 Ð 2020 Monitoring report,official,2023,specific
doc_05,2017 Ð 2020 Monitoring report,official,2023,aspect
doc_05,2017 Ð 2020 Monitoring report,official,2023,financial
doc_05,2017 Ð 2020 Monitoring report,official,2023,human
doc_05,2017 Ð 2020 Monitoring report,official,2023,natural
doc_05,2017 Ð 2020 Monitoring report,official,2023,physical
doc_05,2017 Ð 2020 Monitoring report,official,2023,social
doc_05,2017 Ð 2020 Monitoring report,official,2023,capital
doc_05,2017 Ð 2020 Monitoring report,official,2023,influence
doc_05,2017 Ð 2020 Monitoring report,official,2023,variable
doc_05,2017 Ð 2020 Monitoring report,official,2023,social
doc_05,2017 Ð 2020 Monitoring report,official,2023,datum
doc_05,2017 Ð 2020 Monitoring report,official,2023,collection
doc_05,2017 Ð 2020 Monitoring report,official,2023,involve
doc_05,2017 Ð 2020 Monitoring report,official,2023,gather
doc_05,2017 Ð 2020 Monitoring report,official,2023,information
doc_05,2017 Ð 2020 Monitoring report,official,2023,approximately
doc_05,2017 Ð 2020 Monitoring report,official,2023,key
doc_05,2017 Ð 2020 Monitoring report,official,2023,informant
doc_05,2017 Ð 2020 Monitoring report,official,2023,representation
doc_05,2017 Ð 2020 Monitoring report,official,2023,woman
doc_05,2017 Ð 2020 Monitoring report,official,2023,elder
doc_05,2017 Ð 2020 Monitoring report,official,2023,morani
doc_05,2017 Ð 2020 Monitoring report,official,2023,focus
doc_05,2017 Ð 2020 Monitoring report,official,2023,entire
doc_05,2017 Ð 2020 Monitoring report,official,2023,key
doc_05,2017 Ð 2020 Monitoring report,official,2023,informant
doc_05,2017 Ð 2020 Monitoring report,official,2023,identify
doc_05,2017 Ð 2020 Monitoring report,official,2023,exist
doc_05,2017 Ð 2020 Monitoring report,official,2023,administrative
doc_05,2017 Ð 2020 Monitoring report,official,2023,conduit
doc_05,2017 Ð 2020 Monitoring report,official,2023,include
doc_05,2017 Ð 2020 Monitoring report,official,2023,village
doc_05,2017 Ð 2020 Monitoring report,official,2023,chairman
doc_05,2017 Ð 2020 Monitoring report,official,2023,graze
doc_05,2017 Ð 2020 Monitoring report,official,2023,chairman
doc_05,2017 Ð 2020 Monitoring report,official,2023,public
doc_05,2017 Ð 2020 Monitoring report,official,2023,health
doc_05,2017 Ð 2020 Monitoring report,official,2023,professional
doc_05,2017 Ð 2020 Monitoring report,official,2023,addition
doc_05,2017 Ð 2020 Monitoring report,official,2023,key
doc_05,2017 Ð 2020 Monitoring report,official,2023,informant
doc_05,2017 Ð 2020 Monitoring report,official,2023,include
doc_05,2017 Ð 2020 Monitoring report,official,2023,elder
doc_05,2017 Ð 2020 Monitoring report,official,2023,committee
doc_05,2017 Ð 2020 Monitoring report,official,2023,graze
doc_05,2017 Ð 2020 Monitoring report,official,2023,settlement
doc_05,2017 Ð 2020 Monitoring report,official,2023,allocation
doc_05,2017 Ð 2020 Monitoring report,official,2023,committee
doc_05,2017 Ð 2020 Monitoring report,official,2023,typically
doc_05,2017 Ð 2020 Monitoring report,official,2023,key
doc_05,2017 Ð 2020 Monitoring report,official,2023,informant
doc_05,2017 Ð 2020 Monitoring report,official,2023,interview
doc_05,2017 Ð 2020 Monitoring report,official,2023,interview
doc_05,2017 Ð 2020 Monitoring report,official,2023,question
doc_05,2017 Ð 2020 Monitoring report,official,2023,similar
doc_05,2017 Ð 2020 Monitoring report,official,2023,theme
doc_05,2017 Ð 2020 Monitoring report,official,2023,household
doc_05,2017 Ð 2020 Monitoring report,official,2023,survey
doc_05,2017 Ð 2020 Monitoring report,official,2023,informant
doc_05,2017 Ð 2020 Monitoring report,official,2023,reflect
doc_05,2017 Ð 2020 Monitoring report,official,2023,opinion
doc_05,2017 Ð 2020 Monitoring report,official,2023,communitywide
doc_05,2017 Ð 2020 Monitoring report,official,2023,issue
doc_05,2017 Ð 2020 Monitoring report,official,2023,focus
doc_05,2017 Ð 2020 Monitoring report,official,2023,conduct
doc_05,2017 Ð 2020 Monitoring report,official,2023,extend
doc_05,2017 Ð 2020 Monitoring report,official,2023,invitation
doc_05,2017 Ð 2020 Monitoring report,official,2023,village
doc_05,2017 Ð 2020 Monitoring report,official,2023,household
doc_05,2017 Ð 2020 Monitoring report,official,2023,size
doc_05,2017 Ð 2020 Monitoring report,official,2023,attend
doc_05,2017 Ð 2020 Monitoring report,official,2023,meet
doc_05,2017 Ð 2020 Monitoring report,official,2023,day
doc_05,2017 Ð 2020 Monitoring report,official,2023,initial
doc_05,2017 Ð 2020 Monitoring report,official,2023,announcement
doc_05,2017 Ð 2020 Monitoring report,official,2023,village
doc_05,2017 Ð 2020 Monitoring report,official,2023,engage
doc_05,2017 Ð 2020 Monitoring report,official,2023,discussion
doc_05,2017 Ð 2020 Monitoring report,official,2023,issue
doc_05,2017 Ð 2020 Monitoring report,official,2023,relate
doc_05,2017 Ð 2020 Monitoring report,official,2023,wellbeing
doc_05,2017 Ð 2020 Monitoring report,official,2023,graze
doc_05,2017 Ð 2020 Monitoring report,official,2023,core
doc_05,2017 Ð 2020 Monitoring report,official,2023,activity
doc_05,2017 Ð 2020 Monitoring report,official,2023,addition
doc_05,2017 Ð 2020 Monitoring report,official,2023,village
doc_05,2017 Ð 2020 Monitoring report,official,2023,chairman
doc_05,2017 Ð 2020 Monitoring report,official,2023,identify
doc_05,2017 Ð 2020 Monitoring report,official,2023,extend
doc_05,2017 Ð 2020 Monitoring report,official,2023,invitation
doc_05,2017 Ð 2020 Monitoring report,official,2023,individual
doc_05,2017 Ð 2020 Monitoring report,official,2023,vulnerable
doc_05,2017 Ð 2020 Monitoring report,official,2023,marginalize
doc_05,2017 Ð 2020 Monitoring report,official,2023,woman
doc_05,2017 Ð 2020 Monitoring report,official,2023,poor
doc_05,2017 Ð 2020 Monitoring report,official,2023,single
doc_05,2017 Ð 2020 Monitoring report,official,2023,headofhousehold
doc_05,2017 Ð 2020 Monitoring report,official,2023,household
doc_05,2017 Ð 2020 Monitoring report,official,2023,livestock
doc_05,2017 Ð 2020 Monitoring report,official,2023,household
doc_05,2017 Ð 2020 Monitoring report,official,2023,survey
doc_05,2017 Ð 2020 Monitoring report,official,2023,goal
doc_05,2017 Ð 2020 Monitoring report,official,2023,sample
doc_05,2017 Ð 2020 Monitoring report,official,2023,size
doc_05,2017 Ð 2020 Monitoring report,official,2023,sufficient
doc_05,2017 Ð 2020 Monitoring report,official,2023,demonstrate
doc_05,2017 Ð 2020 Monitoring report,official,2023,significant
doc_05,2017 Ð 2020 Monitoring report,official,2023,change
doc_05,2017 Ð 2020 Monitoring report,official,2023,period
doc_05,2017 Ð 2020 Monitoring report,official,2023,time
doc_05,2017 Ð 2020 Monitoring report,official,2023,implementation
doc_05,2017 Ð 2020 Monitoring report,official,2023,typical
doc_05,2017 Ð 2020 Monitoring report,official,2023,standard
doc_05,2017 Ð 2020 Monitoring report,official,2023,error
doc_05,2017 Ð 2020 Monitoring report,official,2023,human
doc_05,2017 Ð 2020 Monitoring report,official,2023,datum
doc_05,2017 Ð 2020 Monitoring report,official,2023,frequent
doc_05,2017 Ð 2020 Monitoring report,official,2023,nonnormal
doc_05,2017 Ð 2020 Monitoring report,official,2023,distribution
doc_05,2017 Ð 2020 Monitoring report,official,2023,household
doc_05,2017 Ð 2020 Monitoring report,official,2023,ensure
doc_05,2017 Ð 2020 Monitoring report,official,2023,sample
doc_05,2017 Ð 2020 Monitoring report,official,2023,successfully
doc_05,2017 Ð 2020 Monitoring report,official,2023,compare
doc_05,2017 Ð 2020 Monitoring report,official,2023,subgroup
doc_05,2017 Ð 2020 Monitoring report,official,2023,sample
doc_05,2017 Ð 2020 Monitoring report,official,2023,size
doc_05,2017 Ð 2020 Monitoring report,official,2023,select
doc_05,2017 Ð 2020 Monitoring report,official,2023,base
doc_05,2017 Ð 2020 Monitoring report,official,2023,reduce
doc_05,2017 Ð 2020 Monitoring report,official,2023,coefficient
doc_05,2017 Ð 2020 Monitoring report,official,2023,variation
doc_05,2017 Ð 2020 Monitoring report,official,2023,base
doc_05,2017 Ð 2020 Monitoring report,official,2023,standard
doc_05,2017 Ð 2020 Monitoring report,official,2023,deviation
doc_05,2017 Ð 2020 Monitoring report,official,2023,response
doc_05,2017 Ð 2020 Monitoring report,official,2023,louise
doc_05,2017 Ð 2020 Monitoring report,official,2023,glews
doc_05,2017 Ð 2020 Monitoring report,official,2023,thesis
doc_05,2017 Ð 2020 Monitoring report,official,2023,compare
doc_05,2017 Ð 2020 Monitoring report,official,2023,socioeconomic
doc_05,2017 Ð 2020 Monitoring report,official,2023,result
doc_05,2017 Ð 2020 Monitoring report,official,2023,sample
doc_05,2017 Ð 2020 Monitoring report,official,2023,size
doc_05,2017 Ð 2020 Monitoring report,official,2023,improvement
doc_05,2017 Ð 2020 Monitoring report,official,2023,condition
doc_05,2017 Ð 2020 Monitoring report,official,2023,period
doc_05,2017 Ð 2020 Monitoring report,official,2023,statistically
doc_05,2017 Ð 2020 Monitoring report,official,2023,significant
doc_05,2017 Ð 2020 Monitoring report,official,2023,sufficient
doc_05,2017 Ð 2020 Monitoring report,official,2023,effort
doc_05,2017 Ð 2020 Monitoring report,official,2023,include
doc_05,2017 Ð 2020 Monitoring report,official,2023,individual
doc_05,2017 Ð 2020 Monitoring report,official,2023,resample
doc_05,2017 Ð 2020 Monitoring report,official,2023,sample
doc_05,2017 Ð 2020 Monitoring report,official,2023,start
doc_05,2017 Ð 2020 Monitoring report,official,2023,reduce
doc_05,2017 Ð 2020 Monitoring report,official,2023,sample
doc_05,2017 Ð 2020 Monitoring report,official,2023,error
doc_05,2017 Ð 2020 Monitoring report,official,2023,survey
doc_05,2017 Ð 2020 Monitoring report,official,2023,conduct
doc_05,2017 Ð 2020 Monitoring report,official,2023,november
doc_05,2017 Ð 2020 Monitoring report,official,2023,december
doc_05,2017 Ð 2020 Monitoring report,official,2023,implement
doc_05,2017 Ð 2020 Monitoring report,official,2023,graze
doc_05,2017 Ð 2020 Monitoring report,official,2023,plan
doc_05,2017 Ð 2020 Monitoring report,official,2023,kalama
doc_05,2017 Ð 2020 Monitoring report,official,2023,ngwesi
doc_05,2017 Ð 2020 Monitoring report,official,2023,represent
doc_05,2017 Ð 2020 Monitoring report,official,2023,scenario
doc_05,2017 Ð 2020 Monitoring report,official,2023,melako
doc_05,2017 Ð 2020 Monitoring report,official,2023,nakupratgotu
doc_05,2017 Ð 2020 Monitoring report,official,2023,organize
doc_05,2017 Ð 2020 Monitoring report,official,2023,develop
doc_05,2017 Ð 2020 Monitoring report,official,2023,graze
doc_05,2017 Ð 2020 Monitoring report,official,2023,plan
doc_05,2017 Ð 2020 Monitoring report,official,2023,represent
doc_05,2017 Ð 2020 Monitoring report,official,2023,baseline
doc_05,2017 Ð 2020 Monitoring report,official,2023,scenario
doc_05,2017 Ð 2020 Monitoring report,official,2023,select
doc_05,2017 Ð 2020 Monitoring report,official,2023,encompass
doc_05,2017 Ð 2020 Monitoring report,official,2023,ethnic
doc_05,2017 Ð 2020 Monitoring report,official,2023,represent
doc_05,2017 Ð 2020 Monitoring report,official,2023,ngwesi
doc_05,2017 Ð 2020 Monitoring report,official,2023,maasai
doc_05,2017 Ð 2020 Monitoring report,official,2023,kalama
doc_05,2017 Ð 2020 Monitoring report,official,2023,samburu
doc_05,2017 Ð 2020 Monitoring report,official,2023,nakupratgotu
doc_05,2017 Ð 2020 Monitoring report,official,2023,turkana
doc_05,2017 Ð 2020 Monitoring report,official,2023,pokot
doc_05,2017 Ð 2020 Monitoring report,official,2023,borana
doc_05,2017 Ð 2020 Monitoring report,official,2023,melako
doc_05,2017 Ð 2020 Monitoring report,official,2023,rendillevillage
doc_05,2017 Ð 2020 Monitoring report,official,2023,chairman
doc_05,2017 Ð 2020 Monitoring report,official,2023,manager
doc_05,2017 Ð 2020 Monitoring report,official,2023,contact
doc_05,2017 Ð 2020 Monitoring report,official,2023,interview
doc_05,2017 Ð 2020 Monitoring report,official,2023,identify
doc_05,2017 Ð 2020 Monitoring report,official,2023,key
doc_05,2017 Ð 2020 Monitoring report,official,2023,stakeholder
doc_05,2017 Ð 2020 Monitoring report,official,2023,woman
doc_05,2017 Ð 2020 Monitoring report,official,2023,underrepresent
doc_05,2017 Ð 2020 Monitoring report,official,2023,focus
doc_05,2017 Ð 2020 Monitoring report,official,2023,plan
doc_05,2017 Ð 2020 Monitoring report,official,2023,random
doc_05,2017 Ð 2020 Monitoring report,official,2023,selection
doc_05,2017 Ð 2020 Monitoring report,official,2023,household
doc_05,2017 Ð 2020 Monitoring report,official,2023,household
doc_05,2017 Ð 2020 Monitoring report,official,2023,survey
doc_05,2017 Ð 2020 Monitoring report,official,2023,detail
doc_05,2017 Ð 2020 Monitoring report,official,2023,survey
doc_05,2017 Ð 2020 Monitoring report,official,2023,question
doc_05,2017 Ð 2020 Monitoring report,official,2023,provide
doc_05,2017 Ð 2020 Monitoring report,official,2023,subsection
doc_05,2017 Ð 2020 Monitoring report,official,2023,outcome
doc_05,2017 Ð 2020 Monitoring report,official,2023,survey
doc_05,2017 Ð 2020 Monitoring report,official,2023,summarize
doc_05,2017 Ð 2020 Monitoring report,official,2023,focus
doc_05,2017 Ð 2020 Monitoring report,official,2023,wealth
doc_05,2017 Ð 2020 Monitoring report,official,2023,wellbeing
doc_05,2017 Ð 2020 Monitoring report,official,2023,rank
doc_05,2017 Ð 2020 Monitoring report,official,2023,local
doc_05,2017 Ð 2020 Monitoring report,official,2023,stakeholder
doc_05,2017 Ð 2020 Monitoring report,official,2023,tendency
doc_05,2017 Ð 2020 Monitoring report,official,2023,type
doc_05,2017 Ð 2020 Monitoring report,official,2023,elite
doc_05,2017 Ð 2020 Monitoring report,official,2023,capture
doc_05,2017 Ð 2020 Monitoring report,official,2023,poor
doc_05,2017 Ð 2020 Monitoring report,official,2023,lose
doc_05,2017 Ð 2020 Monitoring report,official,2023,happen
doc_05,2017 Ð 2020 Monitoring report,official,2023,majority
doc_05,2017 Ð 2020 Monitoring report,official,2023,forestry
doc_05,2017 Ð 2020 Monitoring report,official,2023,experience
doc_05,2017 Ð 2020 Monitoring report,official,2023,mcdermott
doc_05,2017 Ð 2020 Monitoring report,official,2023,schreckenberg
doc_05,2017 Ð 2020 Monitoring report,official,2023,wealth
doc_05,2017 Ð 2020 Monitoring report,official,2023,rank
doc_05,2017 Ð 2020 Monitoring report,official,2023,exercise
doc_05,2017 Ð 2020 Monitoring report,official,2023,lead
doc_05,2017 Ð 2020 Monitoring report,official,2023,understand
doc_05,2017 Ð 2020 Monitoring report,official,2023,local
doc_05,2017 Ð 2020 Monitoring report,official,2023,perception
doc_05,2017 Ð 2020 Monitoring report,official,2023,wellbeing
doc_05,2017 Ð 2020 Monitoring report,official,2023,poverty
doc_05,2017 Ð 2020 Monitoring report,official,2023,generate
doc_05,2017 Ð 2020 Monitoring report,official,2023,sample
doc_05,2017 Ð 2020 Monitoring report,official,2023,frame
doc_05,2017 Ð 2020 Monitoring report,official,2023,household
doc_05,2017 Ð 2020 Monitoring report,official,2023,survey
doc_05,2017 Ð 2020 Monitoring report,official,2023,describe
doc_05,2017 Ð 2020 Monitoring report,official,2023,profor
doc_05,2017 Ð 2020 Monitoring report,official,2023,wealth
doc_05,2017 Ð 2020 Monitoring report,official,2023,wellbeing
doc_05,2017 Ð 2020 Monitoring report,official,2023,rank
doc_05,2017 Ð 2020 Monitoring report,official,2023,exercise
doc_05,2017 Ð 2020 Monitoring report,official,2023,involve
doc_05,2017 Ð 2020 Monitoring report,official,2023,follow
doc_05,2017 Ð 2020 Monitoring report,official,2023,stage
doc_05,2017 Ð 2020 Monitoring report,official,2023,undertake
doc_05,2017 Ð 2020 Monitoring report,official,2023,map
doc_05,2017 Ð 2020 Monitoring report,official,2023,exercise
doc_05,2017 Ð 2020 Monitoring report,official,2023,identify
doc_05,2017 Ð 2020 Monitoring report,official,2023,list
doc_05,2017 Ð 2020 Monitoring report,official,2023,household
doc_05,2017 Ð 2020 Monitoring report,official,2023,write
doc_05,2017 Ð 2020 Monitoring report,official,2023,household
doc_05,2017 Ð 2020 Monitoring report,official,2023,head
doc_05,2017 Ð 2020 Monitoring report,official,2023,card
doc_05,2017 Ð 2020 Monitoring report,official,2023,card
doc_05,2017 Ð 2020 Monitoring report,official,2023,consult
doc_05,2017 Ð 2020 Monitoring report,official,2023,key
doc_05,2017 Ð 2020 Monitoring report,official,2023,informant
doc_05,2017 Ð 2020 Monitoring report,official,2023,focus
doc_05,2017 Ð 2020 Monitoring report,official,2023,poverty
doc_05,2017 Ð 2020 Monitoring report,official,2023,wellbeing
doc_05,2017 Ð 2020 Monitoring report,official,2023,category
doc_05,2017 Ð 2020 Monitoring report,official,2023,nepal
doc_05,2017 Ð 2020 Monitoring report,official,2023,swiss
doc_05,2017 Ð 2020 Monitoring report,official,2023,forestry
doc_05,2017 Ð 2020 Monitoring report,official,2023,profor
doc_05,2017 Ð 2020 Monitoring report,official,2023,result
doc_05,2017 Ð 2020 Monitoring report,official,2023,wealth
doc_05,2017 Ð 2020 Monitoring report,official,2023,category
doc_05,2017 Ð 2020 Monitoring report,official,2023,capable
doc_05,2017 Ð 2020 Monitoring report,official,2023,improve
doc_05,2017 Ð 2020 Monitoring report,official,2023,poor
doc_05,2017 Ð 2020 Monitoring report,official,2023,cope
doc_05,2017 Ð 2020 Monitoring report,official,2023,poor
doc_05,2017 Ð 2020 Monitoring report,official,2023,decline
doc_05,2017 Ð 2020 Monitoring report,official,2023,poor
doc_05,2017 Ð 2020 Monitoring report,official,2023,extreme
doc_05,2017 Ð 2020 Monitoring report,official,2023,poor
doc_05,2017 Ð 2020 Monitoring report,official,2023,incapable
doc_05,2017 Ð 2020 Monitoring report,official,2023,poor
doc_05,2017 Ð 2020 Monitoring report,official,2023,study
doc_05,2017 Ð 2020 Monitoring report,official,2023,numb
doc_05,2017 Ð 2020 Monitoring report,official,2023,month
doc_05,2017 Ð 2020 Monitoring report,official,2023,household
doc_05,2017 Ð 2020 Monitoring report,official,2023,food
doc_05,2017 Ð 2020 Monitoring report,official,2023,reserve
doc_05,2017 Ð 2020 Monitoring report,official,2023,common
doc_05,2017 Ð 2020 Monitoring report,official,2023,wealth
doc_05,2017 Ð 2020 Monitoring report,official,2023,numeraire
doc_05,2017 Ð 2020 Monitoring report,official,2023,note
doc_05,2017 Ð 2020 Monitoring report,official,2023,stage
doc_05,2017 Ð 2020 Monitoring report,official,2023,undertake
doc_05,2017 Ð 2020 Monitoring report,official,2023,select
doc_05,2017 Ð 2020 Monitoring report,official,2023,representative
doc_05,2017 Ð 2020 Monitoring report,official,2023,respect
doc_05,2017 Ð 2020 Monitoring report,official,2023,knowledgeable
doc_05,2017 Ð 2020 Monitoring report,official,2023,key
doc_05,2017 Ð 2020 Monitoring report,official,2023,informant
doc_05,2017 Ð 2020 Monitoring report,official,2023,include
doc_05,2017 Ð 2020 Monitoring report,official,2023,woman
doc_05,2017 Ð 2020 Monitoring report,official,2023,key
doc_05,2017 Ð 2020 Monitoring report,official,2023,informant
doc_05,2017 Ð 2020 Monitoring report,official,2023,classify
doc_05,2017 Ð 2020 Monitoring report,official,2023,card
doc_05,2017 Ð 2020 Monitoring report,official,2023,household
doc_05,2017 Ð 2020 Monitoring report,official,2023,wealth
doc_05,2017 Ð 2020 Monitoring report,official,2023,wellbeing
doc_05,2017 Ð 2020 Monitoring report,official,2023,category
doc_05,2017 Ð 2020 Monitoring report,official,2023,venn
doc_05,2017 Ð 2020 Monitoring report,official,2023,diagram
doc_05,2017 Ð 2020 Monitoring report,official,2023,stakeholder
doc_05,2017 Ð 2020 Monitoring report,official,2023,analysis
doc_05,2017 Ð 2020 Monitoring report,official,2023,participant
doc_05,2017 Ð 2020 Monitoring report,official,2023,firstly
doc_05,2017 Ð 2020 Monitoring report,official,2023,cut
doc_05,2017 Ð 2020 Monitoring report,official,2023,size
doc_05,2017 Ð 2020 Monitoring report,official,2023,circle
doc_05,2017 Ð 2020 Monitoring report,official,2023,set
doc_05,2017 Ð 2020 Monitoring report,official,2023,circle
doc_05,2017 Ð 2020 Monitoring report,official,2023,color
doc_05,2017 Ð 2020 Monitoring report,official,2023,card
doc_05,2017 Ð 2020 Monitoring report,official,2023,color
doc_05,2017 Ð 2020 Monitoring report,official,2023,insider
doc_05,2017 Ð 2020 Monitoring report,official,2023,stakeholder
doc_05,2017 Ð 2020 Monitoring report,official,2023,outsider
doc_05,2017 Ð 2020 Monitoring report,official,2023,stakeholder
doc_05,2017 Ð 2020 Monitoring report,official,2023,outsider
doc_05,2017 Ð 2020 Monitoring report,official,2023,stakeholder
doc_05,2017 Ð 2020 Monitoring report,official,2023,participant
doc_05,2017 Ð 2020 Monitoring report,official,2023,decide
doc_05,2017 Ð 2020 Monitoring report,official,2023,importance
doc_05,2017 Ð 2020 Monitoring report,official,2023,involvement
doc_05,2017 Ð 2020 Monitoring report,official,2023,select
doc_05,2017 Ð 2020 Monitoring report,official,2023,correspond
doc_05,2017 Ð 2020 Monitoring report,official,2023,size
doc_05,2017 Ð 2020 Monitoring report,official,2023,circle
doc_05,2017 Ð 2020 Monitoring report,official,2023,importance
doc_05,2017 Ð 2020 Monitoring report,official,2023,circle
doc_05,2017 Ð 2020 Monitoring report,official,2023,significant
doc_05,2017 Ð 2020 Monitoring report,official,2023,importance
doc_05,2017 Ð 2020 Monitoring report,official,2023,middle
doc_05,2017 Ð 2020 Monitoring report,official,2023,size
doc_05,2017 Ð 2020 Monitoring report,official,2023,circle
doc_05,2017 Ð 2020 Monitoring report,official,2023,circle
doc_05,2017 Ð 2020 Monitoring report,official,2023,insider
doc_05,2017 Ð 2020 Monitoring report,official,2023,stakeholder
doc_05,2017 Ð 2020 Monitoring report,official,2023,stakeholder
doc_05,2017 Ð 2020 Monitoring report,official,2023,write
doc_05,2017 Ð 2020 Monitoring report,official,2023,size
doc_05,2017 Ð 2020 Monitoring report,official,2023,circlescards
doc_05,2017 Ð 2020 Monitoring report,official,2023,repeat
doc_05,2017 Ð 2020 Monitoring report,official,2023,insider
doc_05,2017 Ð 2020 Monitoring report,official,2023,stakeholder
doc_05,2017 Ð 2020 Monitoring report,official,2023,color
doc_05,2017 Ð 2020 Monitoring report,official,2023,card
doc_05,2017 Ð 2020 Monitoring report,official,2023,stakeholder
doc_05,2017 Ð 2020 Monitoring report,official,2023,represent
doc_05,2017 Ð 2020 Monitoring report,official,2023,circle
doc_05,2017 Ð 2020 Monitoring report,official,2023,organize
doc_05,2017 Ð 2020 Monitoring report,official,2023,stick
doc_05,2017 Ð 2020 Monitoring report,official,2023,flipchart
doc_05,2017 Ð 2020 Monitoring report,official,2023,circle
doc_05,2017 Ð 2020 Monitoring report,official,2023,accord
doc_05,2017 Ð 2020 Monitoring report,official,2023,relationship
doc_05,2017 Ð 2020 Monitoring report,official,2023,stakeholder
doc_05,2017 Ð 2020 Monitoring report,official,2023,close
doc_05,2017 Ð 2020 Monitoring report,official,2023,relationship
doc_05,2017 Ð 2020 Monitoring report,official,2023,stakeholder
doc_05,2017 Ð 2020 Monitoring report,official,2023,close
doc_05,2017 Ð 2020 Monitoring report,official,2023,circle
doc_05,2017 Ð 2020 Monitoring report,official,2023,flipchart
doc_05,2017 Ð 2020 Monitoring report,official,2023,stage
doc_05,2017 Ð 2020 Monitoring report,official,2023,cut
doc_05,2017 Ð 2020 Monitoring report,official,2023,size
doc_05,2017 Ð 2020 Monitoring report,official,2023,triangle
doc_05,2017 Ð 2020 Monitoring report,official,2023,color
doc_05,2017 Ð 2020 Monitoring report,official,2023,card
doc_05,2017 Ð 2020 Monitoring report,official,2023,stakeholder
doc_05,2017 Ð 2020 Monitoring report,official,2023,medium
doc_05,2017 Ð 2020 Monitoring report,official,2023,triangle
doc_05,2017 Ð 2020 Monitoring report,official,2023,choose
doc_05,2017 Ð 2020 Monitoring report,official,2023,represent
doc_05,2017 Ð 2020 Monitoring report,official,2023,degree
doc_05,2017 Ð 2020 Monitoring report,official,2023,influence
doc_05,2017 Ð 2020 Monitoring report,official,2023,stakeholder
doc_05,2017 Ð 2020 Monitoring report,official,2023,triangle
doc_05,2017 Ð 2020 Monitoring report,official,2023,stick
doc_05,2017 Ð 2020 Monitoring report,official,2023,edge
doc_05,2017 Ð 2020 Monitoring report,official,2023,stakeholder
doc_05,2017 Ð 2020 Monitoring report,official,2023,circle
doc_05,2017 Ð 2020 Monitoring report,official,2023,stakeholder
doc_05,2017 Ð 2020 Monitoring report,official,2023,importance
doc_05,2017 Ð 2020 Monitoring report,official,2023,circle
doc_05,2017 Ð 2020 Monitoring report,official,2023,influence
doc_05,2017 Ð 2020 Monitoring report,official,2023,triangle
doc_05,2017 Ð 2020 Monitoring report,official,2023,vice
doc_05,2017 Ð 2020 Monitoring report,official,2023,versa
doc_05,2017 Ð 2020 Monitoring report,official,2023,overlap
doc_05,2017 Ð 2020 Monitoring report,official,2023,circle
doc_05,2017 Ð 2020 Monitoring report,official,2023,represent
doc_05,2017 Ð 2020 Monitoring report,official,2023,extent
doc_05,2017 Ð 2020 Monitoring report,official,2023,relationship
doc_05,2017 Ð 2020 Monitoring report,official,2023,stakeholder
doc_05,2017 Ð 2020 Monitoring report,official,2023,diagram
doc_05,2017 Ð 2020 Monitoring report,official,2023,complete
doc_05,2017 Ð 2020 Monitoring report,official,2023,review
doc_05,2017 Ð 2020 Monitoring report,official,2023,wide
doc_05,2017 Ð 2020 Monitoring report,official,2023,continue
doc_05,2017 Ð 2020 Monitoring report,official,2023,discuss
doc_05,2017 Ð 2020 Monitoring report,official,2023,relative
doc_05,2017 Ð 2020 Monitoring report,official,2023,importance
doc_05,2017 Ð 2020 Monitoring report,official,2023,influence
doc_05,2017 Ð 2020 Monitoring report,official,2023,stakeholder
doc_05,2017 Ð 2020 Monitoring report,official,2023,stakeholder
doc_05,2017 Ð 2020 Monitoring report,official,2023,consensus
doc_05,2017 Ð 2020 Monitoring report,official,2023,reach
doc_05,2017 Ð 2020 Monitoring report,official,2023,conduct
doc_05,2017 Ð 2020 Monitoring report,official,2023,household
doc_05,2017 Ð 2020 Monitoring report,official,2023,survey
doc_05,2017 Ð 2020 Monitoring report,official,2023,surveyor
doc_05,2017 Ð 2020 Monitoring report,official,2023,follow
doc_05,2017 Ð 2020 Monitoring report,official,2023,introductory
doc_05,2017 Ð 2020 Monitoring report,official,2023,script
doc_05,2017 Ð 2020 Monitoring report,official,2023,involve
doc_05,2017 Ð 2020 Monitoring report,official,2023,sponsor
doc_05,2017 Ð 2020 Monitoring report,official,2023,investigate
doc_05,2017 Ð 2020 Monitoring report,official,2023,livelihood
doc_05,2017 Ð 2020 Monitoring report,official,2023,wellbeing
doc_05,2017 Ð 2020 Monitoring report,official,2023,people
doc_05,2017 Ð 2020 Monitoring report,official,2023,live
doc_05,2017 Ð 2020 Monitoring report,official,2023,goal
doc_05,2017 Ð 2020 Monitoring report,official,2023,understand
doc_05,2017 Ð 2020 Monitoring report,official,2023,impact
doc_05,2017 Ð 2020 Monitoring report,official,2023,daily
doc_05,2017 Ð 2020 Monitoring report,official,2023,life
doc_05,2017 Ð 2020 Monitoring report,official,2023,speak
doc_05,2017 Ð 2020 Monitoring report,official,2023,household
doc_05,2017 Ð 2020 Monitoring report,official,2023,head
doc_05,2017 Ð 2020 Monitoring report,official,2023,household
doc_05,2017 Ð 2020 Monitoring report,official,2023,head
doc_05,2017 Ð 2020 Monitoring report,official,2023,busy
doc_05,2017 Ð 2020 Monitoring report,official,2023,speak
doc_05,2017 Ð 2020 Monitoring report,official,2023,adult
doc_05,2017 Ð 2020 Monitoring report,official,2023,household
doc_05,2017 Ð 2020 Monitoring report,official,2023,person
doc_05,2017 Ð 2020 Monitoring report,official,2023,interview
doc_05,2017 Ð 2020 Monitoring report,official,2023,numb
doc_05,2017 Ð 2020 Monitoring report,official,2023,question
doc_05,2017 Ð 2020 Monitoring report,official,2023,relate
doc_05,2017 Ð 2020 Monitoring report,official,2023,household
doc_05,2017 Ð 2020 Monitoring report,official,2023,interview
doc_05,2017 Ð 2020 Monitoring report,official,2023,minute
doc_05,2017 Ð 2020 Monitoring report,official,2023,note
doc_05,2017 Ð 2020 Monitoring report,official,2023,information
doc_05,2017 Ð 2020 Monitoring report,official,2023,provide
doc_05,2017 Ð 2020 Monitoring report,official,2023,confidential
doc_05,2017 Ð 2020 Monitoring report,official,2023,share
doc_05,2017 Ð 2020 Monitoring report,official,2023,information
doc_05,2017 Ð 2020 Monitoring report,official,2023,characterize
doc_05,2017 Ð 2020 Monitoring report,official,2023,live
doc_05,2017 Ð 2020 Monitoring report,official,2023,individual
doc_05,2017 Ð 2020 Monitoring report,official,2023,information
doc_05,2017 Ð 2020 Monitoring report,official,2023,add
doc_05,2017 Ð 2020 Monitoring report,official,2023,determine
doc_05,2017 Ð 2020 Monitoring report,official,2023,average
doc_05,2017 Ð 2020 Monitoring report,official,2023,identify
doc_05,2017 Ð 2020 Monitoring report,official,2023,individual
doc_05,2017 Ð 2020 Monitoring report,official,2023,participant
doc_05,2017 Ð 2020 Monitoring report,official,2023,risk
doc_05,2017 Ð 2020 Monitoring report,official,2023,participate
doc_05,2017 Ð 2020 Monitoring report,official,2023,wrong
doc_05,2017 Ð 2020 Monitoring report,official,2023,answer
doc_05,2017 Ð 2020 Monitoring report,official,2023,opinion
doc_05,2017 Ð 2020 Monitoring report,official,2023,question
doc_05,2017 Ð 2020 Monitoring report,official,2023,thankyou
doc_05,2017 Ð 2020 Monitoring report,official,2023,quiet
doc_05,2017 Ð 2020 Monitoring report,official,2023,comfortable
doc_05,2017 Ð 2020 Monitoring report,official,2023,question
doc_05,2017 Ð 2020 Monitoring report,official,2023,question
doc_05,2017 Ð 2020 Monitoring report,official,2023,head
doc_05,2017 Ð 2020 Monitoring report,official,2023,household
doc_05,2017 Ð 2020 Monitoring report,official,2023,head
doc_05,2017 Ð 2020 Monitoring report,official,2023,woman
doc_05,2017 Ð 2020 Monitoring report,official,2023,household
doc_05,2017 Ð 2020 Monitoring report,official,2023,monitor
doc_05,2017 Ð 2020 Monitoring report,official,2023,impact
doc_05,2017 Ð 2020 Monitoring report,official,2023,woman
doc_05,2017 Ð 2020 Monitoring report,official,2023,twelve
doc_05,2017 Ð 2020 Monitoring report,official,2023,indicator
doc_05,2017 Ð 2020 Monitoring report,official,2023,evaluate
doc_05,2017 Ð 2020 Monitoring report,official,2023,impact
doc_05,2017 Ð 2020 Monitoring report,official,2023,woman
doc_05,2017 Ð 2020 Monitoring report,official,2023,employ
doc_05,2017 Ð 2020 Monitoring report,official,2023,past
doc_05,2017 Ð 2020 Monitoring report,official,2023,month
doc_05,2017 Ð 2020 Monitoring report,official,2023,feel
doc_05,2017 Ð 2020 Monitoring report,official,2023,safe
doc_05,2017 Ð 2020 Monitoring report,official,2023,graze
doc_05,2017 Ð 2020 Monitoring report,official,2023,plan
doc_05,2017 Ð 2020 Monitoring report,official,2023,graze
doc_05,2017 Ð 2020 Monitoring report,official,2023,plan
doc_05,2017 Ð 2020 Monitoring report,official,2023,helpful
doc_05,2017 Ð 2020 Monitoring report,official,2023,household
doc_05,2017 Ð 2020 Monitoring report,official,2023,income
doc_05,2017 Ð 2020 Monitoring report,official,2023,change
doc_05,2017 Ð 2020 Monitoring report,official,2023,month
doc_05,2017 Ð 2020 Monitoring report,official,2023,decrease
doc_05,2017 Ð 2020 Monitoring report,official,2023,stay
doc_05,2017 Ð 2020 Monitoring report,official,2023,increase
doc_05,2017 Ð 2020 Monitoring report,official,2023,travel
doc_05,2017 Ð 2020 Monitoring report,official,2023,water
doc_05,2017 Ð 2020 Monitoring report,official,2023,sale
doc_05,2017 Ð 2020 Monitoring report,official,2023,livestock
doc_05,2017 Ð 2020 Monitoring report,official,2023,product
doc_05,2017 Ð 2020 Monitoring report,official,2023,past
doc_05,2017 Ð 2020 Monitoring report,official,2023,month
doc_05,2017 Ð 2020 Monitoring report,official,2023,household
doc_05,2017 Ð 2020 Monitoring report,official,2023,sell
doc_05,2017 Ð 2020 Monitoring report,official,2023,milk
doc_05,2017 Ð 2020 Monitoring report,official,2023,yesterday
doc_05,2017 Ð 2020 Monitoring report,official,2023,drink
doc_05,2017 Ð 2020 Monitoring report,official,2023,milk
doc_05,2017 Ð 2020 Monitoring report,official,2023,yesterday
doc_05,2017 Ð 2020 Monitoring report,official,2023,household
doc_05,2017 Ð 2020 Monitoring report,official,2023,eat
doc_05,2017 Ð 2020 Monitoring report,official,2023,meat
doc_05,2017 Ð 2020 Monitoring report,official,2023,yesterday
doc_05,2017 Ð 2020 Monitoring report,official,2023,adult
doc_05,2017 Ð 2020 Monitoring report,official,2023,sick
doc_05,2017 Ð 2020 Monitoring report,official,2023,child
doc_05,2017 Ð 2020 Monitoring report,official,2023,sick
doc_05,2017 Ð 2020 Monitoring report,official,2023,indicator
doc_05,2017 Ð 2020 Monitoring report,official,2023,choose
doc_05,2017 Ð 2020 Monitoring report,official,2023,compare
doc_05,2017 Ð 2020 Monitoring report,official,2023,scenario
doc_05,2017 Ð 2020 Monitoring report,official,2023,scenario
doc_05,2017 Ð 2020 Monitoring report,official,2023,prior
doc_05,2017 Ð 2020 Monitoring report,official,2023,implement
doc_05,2017 Ð 2020 Monitoring report,official,2023,activity
doc_05,2017 Ð 2020 Monitoring report,official,2023,economics
doc_05,2017 Ð 2020 Monitoring report,official,2023,question
doc_05,2017 Ð 2020 Monitoring report,official,2023,security
doc_05,2017 Ð 2020 Monitoring report,official,2023,access
doc_05,2017 Ð 2020 Monitoring report,official,2023,resource
doc_05,2017 Ð 2020 Monitoring report,official,2023,household
doc_05,2017 Ð 2020 Monitoring report,official,2023,health
doc_05,2017 Ð 2020 Monitoring report,official,2023,recognition
doc_05,2017 Ð 2020 Monitoring report,official,2023,benefit
doc_05,2017 Ð 2020 Monitoring report,official,2023,activity
doc_05,2017 Ð 2020 Monitoring report,official,2023,assess
doc_05,2017 Ð 2020 Monitoring report,official,2023,past
doc_05,2017 Ð 2020 Monitoring report,official,2023,livestock
doc_05,2017 Ð 2020 Monitoring report,official,2023,methodology
doc_05,2017 Ð 2020 Monitoring report,official,2023,require
doc_05,2017 Ð 2020 Monitoring report,official,2023,survey
doc_05,2017 Ð 2020 Monitoring report,official,2023,household
doc_05,2017 Ð 2020 Monitoring report,official,2023,household
doc_05,2017 Ð 2020 Monitoring report,official,2023,whichever
doc_05,2017 Ð 2020 Monitoring report,official,2023,survey
doc_05,2017 Ð 2020 Monitoring report,official,2023,conduct
doc_05,2017 Ð 2020 Monitoring report,official,2023,octobernovember
doc_05,2017 Ð 2020 Monitoring report,official,2023,solicit
doc_05,2017 Ð 2020 Monitoring report,official,2023,numb
doc_05,2017 Ð 2020 Monitoring report,official,2023,livestock
doc_05,2017 Ð 2020 Monitoring report,official,2023,household
doc_05,2017 Ð 2020 Monitoring report,official,2023,manage
doc_05,2017 Ð 2020 Monitoring report,official,2023,achieve
doc_05,2017 Ð 2020 Monitoring report,official,2023,rotational
doc_05,2017 Ð 2020 Monitoring report,official,2023,graze
doc_05,2017 Ð 2020 Monitoring report,official,2023,location
doc_05,2017 Ð 2020 Monitoring report,official,2023,addition
doc_05,2017 Ð 2020 Monitoring report,official,2023,head
doc_05,2017 Ð 2020 Monitoring report,official,2023,household
doc_05,2017 Ð 2020 Monitoring report,official,2023,numb
doc_05,2017 Ð 2020 Monitoring report,official,2023,livestock
doc_05,2017 Ð 2020 Monitoring report,official,2023,interview
doc_05,2017 Ð 2020 Monitoring report,official,2023,conduct
doc_05,2017 Ð 2020 Monitoring report,official,2023,coordinator
doc_05,2017 Ð 2020 Monitoring report,official,2023,livestock
doc_05,2017 Ð 2020 Monitoring report,official,2023,owner
doc_05,2017 Ð 2020 Monitoring report,official,2023,typically
doc_05,2017 Ð 2020 Monitoring report,official,2023,herd
doc_05,2017 Ð 2020 Monitoring report,official,2023,livestock
doc_05,2017 Ð 2020 Monitoring report,official,2023,include
doc_05,2017 Ð 2020 Monitoring report,official,2023,household
doc_05,2017 Ð 2020 Monitoring report,official,2023,livestock
doc_05,2017 Ð 2020 Monitoring report,official,2023,bias
doc_05,2017 Ð 2020 Monitoring report,official,2023,correct
doc_05,2017 Ð 2020 Monitoring report,official,2023,determine
doc_05,2017 Ð 2020 Monitoring report,official,2023,fraction
doc_05,2017 Ð 2020 Monitoring report,official,2023,household
doc_05,2017 Ð 2020 Monitoring report,official,2023,livestock
doc_05,2017 Ð 2020 Monitoring report,official,2023,household
doc_05,2017 Ð 2020 Monitoring report,official,2023,survey
doc_05,2017 Ð 2020 Monitoring report,official,2023,appropriately
doc_05,2017 Ð 2020 Monitoring report,official,2023,discount
doc_05,2017 Ð 2020 Monitoring report,official,2023,estimate
doc_05,2017 Ð 2020 Monitoring report,official,2023,livestock
doc_05,2017 Ð 2020 Monitoring report,official,2023,livestock
doc_05,2017 Ð 2020 Monitoring report,official,2023,obtain
doc_05,2017 Ð 2020 Monitoring report,official,2023,monthly
doc_05,2017 Ð 2020 Monitoring report,official,2023,graze
doc_05,2017 Ð 2020 Monitoring report,official,2023,coordinator
doc_05,2017 Ð 2020 Monitoring report,official,2023,provide
doc_05,2017 Ð 2020 Monitoring report,official,2023,livestock
doc_05,2017 Ð 2020 Monitoring report,official,2023,purpose
doc_05,2017 Ð 2020 Monitoring report,official,2023,estimate
doc_05,2017 Ð 2020 Monitoring report,official,2023,leakage
doc_05,2017 Ð 2020 Monitoring report,official,2023,methane
doc_05,2017 Ð 2020 Monitoring report,official,2023,emission
doc_05,2017 Ð 2020 Monitoring report,official,2023,household
doc_05,2017 Ð 2020 Monitoring report,official,2023,survey
doc_05,2017 Ð 2020 Monitoring report,official,2023,conduct
doc_05,2017 Ð 2020 Monitoring report,official,2023,livestock
doc_05,2017 Ð 2020 Monitoring report,official,2023,estimate
doc_05,2017 Ð 2020 Monitoring report,official,2023,multiply
doc_05,2017 Ð 2020 Monitoring report,official,2023,livestock
doc_05,2017 Ð 2020 Monitoring report,official,2023,household
doc_05,2017 Ð 2020 Monitoring report,official,2023,numb
doc_05,2017 Ð 2020 Monitoring report,official,2023,household
doc_05,2017 Ð 2020 Monitoring report,official,2023,corroborate
doc_05,2017 Ð 2020 Monitoring report,official,2023,coordinator
doc_05,2017 Ð 2020 Monitoring report,official,2023,total
doc_05,2017 Ð 2020 Monitoring report,official,2023,survey
doc_05,2017 Ð 2020 Monitoring report,official,2023,result
doc_05,2017 Ð 2020 Monitoring report,official,2023,exceptional
doc_05,2017 Ð 2020 Monitoring report,official,2023,benefit
doc_05,2017 Ð 2020 Monitoring report,official,2023,occur
doc_05,2017 Ð 2020 Monitoring report,official,2023,scenario
doc_05,2017 Ð 2020 Monitoring report,official,2023,income
doc_05,2017 Ð 2020 Monitoring report,official,2023,security
doc_05,2017 Ð 2020 Monitoring report,official,2023,access
doc_05,2017 Ð 2020 Monitoring report,official,2023,milk
doc_05,2017 Ð 2020 Monitoring report,official,2023,water
doc_05,2017 Ð 2020 Monitoring report,official,2023,multiple
doc_05,2017 Ð 2020 Monitoring report,official,2023,stakeholder
doc_05,2017 Ð 2020 Monitoring report,official,2023,increase
doc_05,2017 Ð 2020 Monitoring report,official,2023,relative
doc_05,2017 Ð 2020 Monitoring report,official,2023,baseline
doc_05,2017 Ð 2020 Monitoring report,official,2023,scenario
doc_05,2017 Ð 2020 Monitoring report,official,2023,benefit
doc_05,2017 Ð 2020 Monitoring report,official,2023,expect
doc_05,2017 Ð 2020 Monitoring report,official,2023,realize
doc_05,2017 Ð 2020 Monitoring report,official,2023,relative
doc_05,2017 Ð 2020 Monitoring report,official,2023,baseline
doc_05,2017 Ð 2020 Monitoring report,official,2023,scenario
doc_05,2017 Ð 2020 Monitoring report,official,2023,continue
doc_05,2017 Ð 2020 Monitoring report,official,2023,survey
doc_05,2017 Ð 2020 Monitoring report,official,2023,monitor
doc_05,2017 Ð 2020 Monitoring report,official,2023,plan
doc_05,2017 Ð 2020 Monitoring report,official,2023,dissemination
doc_05,2017 Ð 2020 Monitoring report,official,2023,september
doc_05,2017 Ð 2020 Monitoring report,official,2023,october
doc_05,2017 Ð 2020 Monitoring report,official,2023,hold
doc_05,2017 Ð 2020 Monitoring report,official,2023,conservancywide
doc_05,2017 Ð 2020 Monitoring report,official,2023,meet
doc_05,2017 Ð 2020 Monitoring report,official,2023,attend
doc_05,2017 Ð 2020 Monitoring report,official,2023,chair
doc_05,2017 Ð 2020 Monitoring report,official,2023,graze
doc_05,2017 Ð 2020 Monitoring report,official,2023,chairperson
doc_05,2017 Ð 2020 Monitoring report,official,2023,graze
doc_05,2017 Ð 2020 Monitoring report,official,2023,coordinator
doc_05,2017 Ð 2020 Monitoring report,official,2023,public
doc_05,2017 Ð 2020 Monitoring report,official,2023,meet
doc_05,2017 Ð 2020 Monitoring report,official,2023,announce
doc_05,2017 Ð 2020 Monitoring report,official,2023,website
doc_05,2017 Ð 2020 Monitoring report,official,2023,notice
doc_05,2017 Ð 2020 Monitoring report,official,2023,post
doc_05,2017 Ð 2020 Monitoring report,official,2023,major
doc_05,2017 Ð 2020 Monitoring report,official,2023,kiosk
doc_05,2017 Ð 2020 Monitoring report,official,2023,market
doc_05,2017 Ð 2020 Monitoring report,official,2023,meet
doc_05,2017 Ð 2020 Monitoring report,official,2023,previous
doc_05,2017 Ð 2020 Monitoring report,official,2023,month
doc_05,2017 Ð 2020 Monitoring report,official,2023,monitor
doc_05,2017 Ð 2020 Monitoring report,official,2023,result
doc_05,2017 Ð 2020 Monitoring report,official,2023,datum
doc_05,2017 Ð 2020 Monitoring report,official,2023,include
doc_05,2017 Ð 2020 Monitoring report,official,2023,livestock
doc_05,2017 Ð 2020 Monitoring report,official,2023,count
doc_05,2017 Ð 2020 Monitoring report,official,2023,leakage
doc_05,2017 Ð 2020 Monitoring report,official,2023,distribution
doc_05,2017 Ð 2020 Monitoring report,official,2023,soil
doc_05,2017 Ð 2020 Monitoring report,official,2023,vegetation
doc_05,2017 Ð 2020 Monitoring report,official,2023,biodiversity
doc_05,2017 Ð 2020 Monitoring report,official,2023,survey
doc_05,2017 Ð 2020 Monitoring report,official,2023,result
doc_05,2017 Ð 2020 Monitoring report,official,2023,previous
doc_05,2017 Ð 2020 Monitoring report,official,2023,social
doc_05,2017 Ð 2020 Monitoring report,official,2023,comms
doc_05,2017 Ð 2020 Monitoring report,official,2023,survey
doc_05,2017 Ð 2020 Monitoring report,official,2023,follow
doc_05,2017 Ð 2020 Monitoring report,official,2023,presentation
doc_05,2017 Ð 2020 Monitoring report,official,2023,plan
doc_05,2017 Ð 2020 Monitoring report,official,2023,ensue
doc_05,2017 Ð 2020 Monitoring report,official,2023,month
doc_05,2017 Ð 2020 Monitoring report,official,2023,discuss
doc_05,2017 Ð 2020 Monitoring report,official,2023,feedback
doc_05,2017 Ð 2020 Monitoring report,official,2023,manager
doc_05,2017 Ð 2020 Monitoring report,official,2023,annual
doc_05,2017 Ð 2020 Monitoring report,official,2023,monitor
doc_05,2017 Ð 2020 Monitoring report,official,2023,plan
doc_05,2017 Ð 2020 Monitoring report,official,2023,modify
doc_05,2017 Ð 2020 Monitoring report,official,2023,response
doc_05,2017 Ð 2020 Monitoring report,official,2023,feedback
doc_05,2017 Ð 2020 Monitoring report,official,2023,meet
doc_05,2017 Ð 2020 Monitoring report,official,2023,summary
doc_05,2017 Ð 2020 Monitoring report,official,2023,write
doc_05,2017 Ð 2020 Monitoring report,official,2023,kiswahili
doc_05,2017 Ð 2020 Monitoring report,official,2023,post
doc_05,2017 Ð 2020 Monitoring report,official,2023,website
doc_05,2017 Ð 2020 Monitoring report,official,2023,link
doc_05,2017 Ð 2020 Monitoring report,official,2023,post
doc_05,2017 Ð 2020 Monitoring report,official,2023,send
doc_05,2017 Ð 2020 Monitoring report,official,2023,text
doc_05,2017 Ð 2020 Monitoring report,official,2023,graze
doc_05,2017 Ð 2020 Monitoring report,official,2023,management
doc_05,2017 Ð 2020 Monitoring report,official,2023,graze
doc_05,2017 Ð 2020 Monitoring report,official,2023,coordinator
doc_05,2017 Ð 2020 Monitoring report,official,2023,network
doc_05,2017 Ð 2020 Monitoring report,official,2023,communicate
doc_05,2017 Ð 2020 Monitoring report,official,2023,email
doc_05,2017 Ð 2020 Monitoring report,official,2023,ngo
doc_05,2017 Ð 2020 Monitoring report,official,2023,government
doc_05,2017 Ð 2020 Monitoring report,official,2023,stakeholder
doc_05,2017 Ð 2020 Monitoring report,official,2023,meeting
doc_05,2017 Ð 2020 Monitoring report,official,2023,hold
doc_05,2017 Ð 2020 Monitoring report,official,2023,september
doc_05,2017 Ð 2020 Monitoring report,official,2023,subsequently
doc_05,2017 Ð 2020 Monitoring report,official,2023,translation
doc_05,2017 Ð 2020 Monitoring report,official,2023,monitor
doc_05,2017 Ð 2020 Monitoring report,official,2023,kiswahili
doc_05,2017 Ð 2020 Monitoring report,official,2023,monitor
doc_05,2017 Ð 2020 Monitoring report,official,2023,approve
doc_05,2017 Ð 2020 Monitoring report,official,2023,send
doc_05,2017 Ð 2020 Monitoring report,official,2023,recently
doc_05,2017 Ð 2020 Monitoring report,official,2023,monitor
doc_05,2017 Ð 2020 Monitoring report,official,2023,translate
doc_05,2017 Ð 2020 Monitoring report,official,2023,kiswahili
doc_05,2017 Ð 2020 Monitoring report,official,2023,share
doc_05,2017 Ð 2020 Monitoring report,official,2023,monitor
doc_05,2017 Ð 2020 Monitoring report,official,2023,summary
doc_05,2017 Ð 2020 Monitoring report,official,2023,monitor
doc_05,2017 Ð 2020 Monitoring report,official,2023,approve
doc_05,2017 Ð 2020 Monitoring report,official,2023,finalize
doc_05,2017 Ð 2020 Monitoring report,official,2023,monitor
doc_05,2017 Ð 2020 Monitoring report,official,2023,summary
doc_05,2017 Ð 2020 Monitoring report,official,2023,translate
doc_05,2017 Ð 2020 Monitoring report,official,2023,send
doc_05,2017 Ð 2020 Monitoring report,official,2023,optional
doc_05,2017 Ð 2020 Monitoring report,official,2023,criterion
doc_05,2017 Ð 2020 Monitoring report,official,2023,exceptional
doc_05,2017 Ð 2020 Monitoring report,official,2023,benefit
doc_05,2017 Ð 2020 Monitoring report,official,2023,activity
doc_05,2017 Ð 2020 Monitoring report,official,2023,bring
doc_05,2017 Ð 2020 Monitoring report,official,2023,considerable
doc_05,2017 Ð 2020 Monitoring report,official,2023,benefit
doc_05,2017 Ð 2020 Monitoring report,official,2023,woman
doc_05,2017 Ð 2020 Monitoring report,official,2023,poor
doc_05,2017 Ð 2020 Monitoring report,official,2023,shortterm
doc_05,2017 Ð 2020 Monitoring report,official,2023,longterm
doc_05,2017 Ð 2020 Monitoring report,official,2023,benefit
doc_05,2017 Ð 2020 Monitoring report,official,2023,demonstrate
doc_05,2017 Ð 2020 Monitoring report,official,2023,activity
doc_05,2017 Ð 2020 Monitoring report,official,2023,increase
doc_05,2017 Ð 2020 Monitoring report,official,2023,employment
doc_05,2017 Ð 2020 Monitoring report,official,2023,mitigate
doc_05,2017 Ð 2020 Monitoring report,official,2023,decrease
doc_05,2017 Ð 2020 Monitoring report,official,2023,household
doc_05,2017 Ð 2020 Monitoring report,official,2023,revenue
doc_05,2017 Ð 2020 Monitoring report,official,2023,household
doc_05,2017 Ð 2020 Monitoring report,official,2023,food
doc_05,2017 Ð 2020 Monitoring report,official,2023,security
doc_05,2017 Ð 2020 Monitoring report,official,2023,form
doc_05,2017 Ð 2020 Monitoring report,official,2023,consistent
doc_05,2017 Ð 2020 Monitoring report,official,2023,milk
doc_05,2017 Ð 2020 Monitoring report,official,2023,availability
doc_05,2017 Ð 2020 Monitoring report,official,2023,benefit
doc_05,2017 Ð 2020 Monitoring report,official,2023,demonstrate
doc_05,2017 Ð 2020 Monitoring report,official,2023,marginalize
doc_05,2017 Ð 2020 Monitoring report,official,2023,poor
doc_05,2017 Ð 2020 Monitoring report,official,2023,woman
doc_05,2017 Ð 2020 Monitoring report,official,2023,longerterm
doc_05,2017 Ð 2020 Monitoring report,official,2023,benefit
doc_05,2017 Ð 2020 Monitoring report,official,2023,improve
doc_05,2017 Ð 2020 Monitoring report,official,2023,forage
doc_05,2017 Ð 2020 Monitoring report,official,2023,water
doc_05,2017 Ð 2020 Monitoring report,official,2023,surface
doc_05,2017 Ð 2020 Monitoring report,official,2023,water
doc_05,2017 Ð 2020 Monitoring report,official,2023,availability
doc_05,2017 Ð 2020 Monitoring report,official,2023,realize
doc_05,2017 Ð 2020 Monitoring report,official,2023,due
doc_05,2017 Ð 2020 Monitoring report,official,2023,severe
doc_05,2017 Ð 2020 Monitoring report,official,2023,drought
doc_05,2017 Ð 2020 Monitoring report,official,2023,prevent
doc_05,2017 Ð 2020 Monitoring report,official,2023,substantial
doc_05,2017 Ð 2020 Monitoring report,official,2023,increase
doc_05,2017 Ð 2020 Monitoring report,official,2023,grass
doc_05,2017 Ð 2020 Monitoring report,official,2023,cover
doc_05,2017 Ð 2020 Monitoring report,official,2023,wet
doc_05,2017 Ð 2020 Monitoring report,official,2023,persist
doc_05,2017 Ð 2020 Monitoring report,official,2023,proportion
doc_05,2017 Ð 2020 Monitoring report,official,2023,graze
doc_05,2017 Ð 2020 Monitoring report,official,2023,site
doc_05,2017 Ð 2020 Monitoring report,official,2023,remain
doc_05,2017 Ð 2020 Monitoring report,official,2023,suggest
doc_05,2017 Ð 2020 Monitoring report,official,2023,recovery
doc_05,2017 Ð 2020 Monitoring report,official,2023,forage
doc_05,2017 Ð 2020 Monitoring report,official,2023,productivity
doc_05,2017 Ð 2020 Monitoring report,official,2023,expect
doc_05,2017 Ð 2020 Monitoring report,official,2023,marginalize
doc_05,2017 Ð 2020 Monitoring report,official,2023,andor
doc_05,2017 Ð 2020 Monitoring report,official,2023,vulnerable
doc_05,2017 Ð 2020 Monitoring report,official,2023,impact
doc_05,2017 Ð 2020 Monitoring report,official,2023,activity
doc_05,2017 Ð 2020 Monitoring report,official,2023,monitor
doc_05,2017 Ð 2020 Monitoring report,official,2023,survey
doc_05,2017 Ð 2020 Monitoring report,official,2023,household
doc_05,2017 Ð 2020 Monitoring report,official,2023,conduct
doc_05,2017 Ð 2020 Monitoring report,official,2023,assist
doc_05,2017 Ð 2020 Monitoring report,official,2023,social
doc_05,2017 Ð 2020 Monitoring report,official,2023,comms
doc_05,2017 Ð 2020 Monitoring report,official,2023,activity
doc_05,2017 Ð 2020 Monitoring report,official,2023,datum
doc_05,2017 Ð 2020 Monitoring report,official,2023,compare
doc_05,2017 Ð 2020 Monitoring report,official,2023,history
doc_05,2017 Ð 2020 Monitoring report,official,2023,implement
doc_05,2017 Ð 2020 Monitoring report,official,2023,graze
doc_05,2017 Ð 2020 Monitoring report,official,2023,plan
doc_05,2017 Ð 2020 Monitoring report,official,2023,scenario
doc_05,2017 Ð 2020 Monitoring report,official,2023,onservancies
doc_05,2017 Ð 2020 Monitoring report,official,2023,join
doc_05,2017 Ð 2020 Monitoring report,official,2023,baseline
doc_05,2017 Ð 2020 Monitoring report,official,2023,scenario
doc_05,2017 Ð 2020 Monitoring report,official,2023,household
doc_05,2017 Ð 2020 Monitoring report,official,2023,survey
doc_05,2017 Ð 2020 Monitoring report,official,2023,multiple
doc_05,2017 Ð 2020 Monitoring report,official,2023,question
doc_05,2017 Ð 2020 Monitoring report,official,2023,pertain
doc_05,2017 Ð 2020 Monitoring report,official,2023,benefit
doc_05,2017 Ð 2020 Monitoring report,official,2023,discuss
doc_05,2017 Ð 2020 Monitoring report,official,2023,net
doc_05,2017 Ð 2020 Monitoring report,official,2023,impact
doc_05,2017 Ð 2020 Monitoring report,official,2023,woman
doc_05,2017 Ð 2020 Monitoring report,official,2023,demonstrate
doc_05,2017 Ð 2020 Monitoring report,official,2023,woman
doc_05,2017 Ð 2020 Monitoring report,official,2023,benefit
doc_05,2017 Ð 2020 Monitoring report,official,2023,multiple
doc_05,2017 Ð 2020 Monitoring report,official,2023,include
doc_05,2017 Ð 2020 Monitoring report,official,2023,increase
doc_05,2017 Ð 2020 Monitoring report,official,2023,household
doc_05,2017 Ð 2020 Monitoring report,official,2023,food
doc_05,2017 Ð 2020 Monitoring report,official,2023,security
doc_05,2017 Ð 2020 Monitoring report,official,2023,milk
doc_05,2017 Ð 2020 Monitoring report,official,2023,drink
doc_05,2017 Ð 2020 Monitoring report,official,2023,sell
doc_05,2017 Ð 2020 Monitoring report,official,2023,benefit
doc_05,2017 Ð 2020 Monitoring report,official,2023,share
doc_05,2017 Ð 2020 Monitoring report,official,2023,mechanism
doc_05,2017 Ð 2020 Monitoring report,official,2023,revenue
doc_05,2017 Ð 2020 Monitoring report,official,2023,generate
doc_05,2017 Ð 2020 Monitoring report,official,2023,benefit
doc_05,2017 Ð 2020 Monitoring report,official,2023,share
doc_05,2017 Ð 2020 Monitoring report,official,2023,governance
doc_05,2017 Ð 2020 Monitoring report,official,2023,implementation
doc_05,2017 Ð 2020 Monitoring report,official,2023,structure
doc_05,2017 Ð 2020 Monitoring report,official,2023,governance
doc_05,2017 Ð 2020 Monitoring report,official,2023,structure
doc_05,2017 Ð 2020 Monitoring report,official,2023,link
doc_05,2017 Ð 2020 Monitoring report,official,2023,leader
doc_05,2017 Ð 2020 Monitoring report,official,2023,graze
doc_05,2017 Ð 2020 Monitoring report,official,2023,committee
doc_05,2017 Ð 2020 Monitoring report,official,2023,public
doc_05,2017 Ð 2020 Monitoring report,official,2023,hearing
doc_05,2017 Ð 2020 Monitoring report,official,2023,household
doc_05,2017 Ð 2020 Monitoring report,official,2023,livestock
doc_05,2017 Ð 2020 Monitoring report,official,2023,woman
doc_05,2017 Ð 2020 Monitoring report,official,2023,underrepresen
